TimeQuest Timing Analyzer report for Ejercicio12
Thu Sep 17 13:04:35 2026
Quartus II 64-Bit Version 13.1.0 Build 162 10/23/2013 SJ Web Edition


---------------------
; Table of Contents ;
---------------------
  1. Legal Notice
  2. TimeQuest Timing Analyzer Summary
  3. Parallel Compilation
  4. Clocks
  5. Slow 1100mV 85C Model Fmax Summary
  6. Timing Closure Recommendations
  7. Slow 1100mV 85C Model Setup Summary
  8. Slow 1100mV 85C Model Hold Summary
  9. Slow 1100mV 85C Model Recovery Summary
 10. Slow 1100mV 85C Model Removal Summary
 11. Slow 1100mV 85C Model Minimum Pulse Width Summary
 12. Propagation Delay
 13. Minimum Propagation Delay
 14. Slow 1100mV 85C Model Metastability Report
 15. Slow 1100mV 0C Model Fmax Summary
 16. Slow 1100mV 0C Model Setup Summary
 17. Slow 1100mV 0C Model Hold Summary
 18. Slow 1100mV 0C Model Recovery Summary
 19. Slow 1100mV 0C Model Removal Summary
 20. Slow 1100mV 0C Model Minimum Pulse Width Summary
 21. Propagation Delay
 22. Minimum Propagation Delay
 23. Slow 1100mV 0C Model Metastability Report
 24. Fast 1100mV 85C Model Setup Summary
 25. Fast 1100mV 85C Model Hold Summary
 26. Fast 1100mV 85C Model Recovery Summary
 27. Fast 1100mV 85C Model Removal Summary
 28. Fast 1100mV 85C Model Minimum Pulse Width Summary
 29. Propagation Delay
 30. Minimum Propagation Delay
 31. Fast 1100mV 85C Model Metastability Report
 32. Fast 1100mV 0C Model Setup Summary
 33. Fast 1100mV 0C Model Hold Summary
 34. Fast 1100mV 0C Model Recovery Summary
 35. Fast 1100mV 0C Model Removal Summary
 36. Fast 1100mV 0C Model Minimum Pulse Width Summary
 37. Propagation Delay
 38. Minimum Propagation Delay
 39. Fast 1100mV 0C Model Metastability Report
 40. Multicorner Timing Analysis Summary
 41. Propagation Delay
 42. Minimum Propagation Delay
 43. Board Trace Model Assignments
 44. Input Transition Times
 45. Signal Integrity Metrics (Slow 1100mv 0c Model)
 46. Signal Integrity Metrics (Slow 1100mv 85c Model)
 47. Signal Integrity Metrics (Fast 1100mv 0c Model)
 48. Signal Integrity Metrics (Fast 1100mv 85c Model)
 49. Clock Transfers
 50. Report TCCS
 51. Report RSKM
 52. Unconstrained Paths
 53. TimeQuest Timing Analyzer Messages



----------------
; Legal Notice ;
----------------
Copyright (C) 1991-2013 Altera Corporation
Your use of Altera Corporation's design tools, logic functions 
and other software and tools, and its AMPP partner logic 
functions, and any output files from any of the foregoing 
(including device programming or simulation files), and any 
associated documentation or information are expressly subject 
to the terms and conditions of the Altera Program License 
Subscription Agreement, Altera MegaCore Function License 
Agreement, or other applicable license agreement, including, 
without limitation, that your use is for the sole purpose of 
programming logic devices manufactured by Altera and sold by 
Altera or its authorized distributors.  Please refer to the 
applicable agreement for further details.



+-------------------------------------------------------------------------+
; TimeQuest Timing Analyzer Summary                                       ;
+--------------------+----------------------------------------------------+
; Quartus II Version ; Version 13.1.0 Build 162 10/23/2013 SJ Web Edition ;
; Revision Name      ; Ejercicio12                                        ;
; Device Family      ; Cyclone V                                          ;
; Device Name        ; 5CEBA4F23C7                                        ;
; Timing Models      ; Final                                              ;
; Delay Model        ; Combined                                           ;
; Rise/Fall Delays   ; Enabled                                            ;
+--------------------+----------------------------------------------------+


+------------------------------------------+
; Parallel Compilation                     ;
+----------------------------+-------------+
; Processors                 ; Number      ;
+----------------------------+-------------+
; Number detected on machine ; 12          ;
; Maximum allowed            ; 6           ;
;                            ;             ;
; Average used               ; 1.00        ;
; Maximum used               ; 6           ;
;                            ;             ;
; Usage by Processor         ; % Time Used ;
;     Processor 1            ; 100.0%      ;
;     Processors 2-6         ; < 0.1%      ;
;     Processors 7-12        ;   0.0%      ;
+----------------------------+-------------+


----------
; Clocks ;
----------
No clocks to report.


--------------------------------------
; Slow 1100mV 85C Model Fmax Summary ;
--------------------------------------
No paths to report.


----------------------------------
; Timing Closure Recommendations ;
----------------------------------
HTML report is unavailable in plain text report export.


---------------------------------------
; Slow 1100mV 85C Model Setup Summary ;
---------------------------------------
No paths to report.


--------------------------------------
; Slow 1100mV 85C Model Hold Summary ;
--------------------------------------
No paths to report.


------------------------------------------
; Slow 1100mV 85C Model Recovery Summary ;
------------------------------------------
No paths to report.


-----------------------------------------
; Slow 1100mV 85C Model Removal Summary ;
-----------------------------------------
No paths to report.


-----------------------------------------------------
; Slow 1100mV 85C Model Minimum Pulse Width Summary ;
-----------------------------------------------------
No paths to report.


+--------------------------------------------------------------+
; Propagation Delay                                            ;
+------------+-------------+--------+--------+--------+--------+
; Input Port ; Output Port ; RR     ; RF     ; FR     ; FF     ;
+------------+-------------+--------+--------+--------+--------+
; iBCD[0]    ; oHEX1[0]    ; 7.807  ; 8.000  ; 8.140  ; 8.211  ;
; iBCD[0]    ; oHEX1[1]    ; 7.478  ; 7.676  ; 7.881  ; 7.918  ;
; iBCD[0]    ; oHEX1[2]    ;        ; 8.122  ; 8.138  ;        ;
; iBCD[0]    ; oHEX1[3]    ; 7.740  ; 8.008  ; 8.143  ; 8.250  ;
; iBCD[0]    ; oHEX1[4]    ; 7.461  ;        ;        ; 7.856  ;
; iBCD[0]    ; oHEX1[5]    ; 7.710  ;        ;        ; 8.209  ;
; iBCD[0]    ; oHEX1[6]    ; 8.125  ;        ;        ; 8.472  ;
; iBCD[0]    ; oLED[0]     ;        ; 9.466  ; 10.093 ;        ;
; iBCD[0]    ; oLED[1]     ; 9.919  ; 9.399  ; 10.159 ; 9.800  ;
; iBCD[0]    ; oLED[2]     ; 10.744 ; 11.816 ; 10.924 ; 12.051 ;
; iBCD[0]    ; oLED[3]     ; 10.754 ;        ;        ; 10.328 ;
; iBCD[1]    ; oHEX1[0]    ; 7.822  ; 7.976  ; 8.018  ; 8.227  ;
; iBCD[1]    ; oHEX1[1]    ; 7.649  ; 7.717  ; 7.853  ; 7.929  ;
; iBCD[1]    ; oHEX1[2]    ; 7.950  ;        ;        ; 8.252  ;
; iBCD[1]    ; oHEX1[3]    ; 7.914  ; 8.052  ; 8.118  ; 8.265  ;
; iBCD[1]    ; oHEX1[4]    ; 7.484  ; 7.631  ; 7.679  ; 7.881  ;
; iBCD[1]    ; oHEX1[5]    ; 7.888  ;        ;        ; 8.227  ;
; iBCD[1]    ; oHEX1[6]    ; 8.111  ; 8.149  ; 8.316  ; 8.362  ;
; iBCD[1]    ; oHEX5[0]    ;        ; 8.100  ; 8.504  ;        ;
; iBCD[1]    ; oHEX5[3]    ;        ; 8.151  ; 8.514  ;        ;
; iBCD[1]    ; oHEX5[4]    ;        ; 10.118 ; 11.016 ;        ;
; iBCD[1]    ; oHEX5[5]    ;        ; 10.191 ; 11.103 ;        ;
; iBCD[1]    ; oHEX5[6]    ;        ; 7.999  ; 8.427  ;        ;
; iBCD[1]    ; oLED[0]     ;        ; 9.449  ; 9.980  ;        ;
; iBCD[1]    ; oLED[1]     ; 9.955  ; 9.565  ; 10.164 ; 9.766  ;
; iBCD[1]    ; oLED[2]     ; 10.732 ; 11.729 ; 10.937 ; 11.942 ;
; iBCD[1]    ; oLED[3]     ; 10.794 ; 10.094 ; 11.007 ; 10.298 ;
; iBCD[2]    ; oHEX1[0]    ; 8.172  ; 8.261  ; 8.408  ; 8.486  ;
; iBCD[2]    ; oHEX1[1]    ; 7.867  ;        ;        ; 8.170  ;
; iBCD[2]    ; oHEX1[2]    ; 8.174  ; 8.273  ; 8.410  ; 8.498  ;
; iBCD[2]    ; oHEX1[3]    ; 8.015  ; 8.226  ; 8.217  ; 8.481  ;
; iBCD[2]    ; oHEX1[4]    ; 7.843  ;        ;        ; 8.151  ;
; iBCD[2]    ; oHEX1[5]    ; 8.116  ; 8.254  ; 8.352  ; 8.480  ;
; iBCD[2]    ; oHEX1[6]    ; 8.331  ; 8.379  ; 8.567  ; 8.604  ;
; iBCD[2]    ; oHEX5[0]    ;        ; 8.320  ; 8.746  ;        ;
; iBCD[2]    ; oHEX5[3]    ;        ; 8.371  ; 8.756  ;        ;
; iBCD[2]    ; oHEX5[4]    ;        ; 10.338 ; 11.258 ;        ;
; iBCD[2]    ; oHEX5[5]    ;        ; 10.411 ; 11.345 ;        ;
; iBCD[2]    ; oHEX5[6]    ;        ; 8.219  ; 8.669  ;        ;
; iBCD[2]    ; oLED[0]     ;        ; 9.718  ; 10.276 ;        ;
; iBCD[2]    ; oLED[1]     ;        ; 9.711  ; 10.432 ;        ;
; iBCD[2]    ; oLED[2]     ; 10.952 ; 11.959 ; 11.188 ; 12.184 ;
; iBCD[2]    ; oLED[3]     ; 10.965 ; 10.192 ; 11.219 ; 10.393 ;
; iBCD[3]    ; oHEX1[0]    ; 7.396  ; 7.496  ; 7.607  ; 7.690  ;
; iBCD[3]    ; oHEX1[1]    ; 7.095  ;        ;        ; 7.385  ;
; iBCD[3]    ; oHEX1[2]    ; 7.389  ;        ;        ; 7.692  ;
; iBCD[3]    ; oHEX1[3]    ; 7.357  ;        ;        ; 7.717  ;
; iBCD[3]    ; oHEX1[4]    ; 7.055  ;        ;        ; 7.341  ;
; iBCD[3]    ; oHEX1[5]    ; 7.332  ; 7.487  ; 7.548  ; 7.682  ;
; iBCD[3]    ; oHEX1[6]    ; 7.557  ; 7.616  ; 7.768  ; 7.810  ;
; iBCD[3]    ; oHEX5[0]    ;        ; 7.551  ; 7.963  ;        ;
; iBCD[3]    ; oHEX5[3]    ;        ; 7.602  ; 7.973  ;        ;
; iBCD[3]    ; oHEX5[4]    ;        ; 9.569  ; 10.475 ;        ;
; iBCD[3]    ; oHEX5[5]    ;        ; 9.642  ; 10.562 ;        ;
; iBCD[3]    ; oHEX5[6]    ;        ; 7.450  ; 7.886  ;        ;
; iBCD[3]    ; oLED[0]     ;        ; 8.930  ; 9.466  ;        ;
; iBCD[3]    ; oLED[1]     ;        ; 9.051  ; 9.661  ;        ;
; iBCD[3]    ; oLED[2]     ;        ; 11.195 ; 10.387 ;        ;
; iBCD[3]    ; oLED[3]     ; 10.270 ; 9.543  ; 10.465 ; 9.759  ;
+------------+-------------+--------+--------+--------+--------+


+-------------------------------------------------------------+
; Minimum Propagation Delay                                   ;
+------------+-------------+-------+--------+--------+--------+
; Input Port ; Output Port ; RR    ; RF     ; FR     ; FF     ;
+------------+-------------+-------+--------+--------+--------+
; iBCD[0]    ; oHEX1[0]    ; 7.117 ; 7.314  ; 7.372  ; 7.458  ;
; iBCD[0]    ; oHEX1[1]    ; 6.831 ; 7.036  ; 7.111  ; 7.228  ;
; iBCD[0]    ; oHEX1[2]    ;       ; 7.338  ; 7.404  ;        ;
; iBCD[0]    ; oHEX1[3]    ; 7.056 ; 7.292  ; 7.336  ; 7.483  ;
; iBCD[0]    ; oHEX1[4]    ; 6.814 ;        ;        ; 7.170  ;
; iBCD[0]    ; oHEX1[5]    ; 7.025 ;        ;        ; 7.446  ;
; iBCD[0]    ; oHEX1[6]    ; 7.417 ;        ;        ; 7.612  ;
; iBCD[0]    ; oLED[0]     ;       ; 8.680  ; 9.108  ;        ;
; iBCD[0]    ; oLED[1]     ; 9.018 ; 8.586  ; 9.208  ; 8.864  ;
; iBCD[0]    ; oLED[2]     ; 9.773 ; 10.533 ; 9.911  ; 10.703 ;
; iBCD[0]    ; oLED[3]     ; 9.678 ;        ;        ; 9.305  ;
; iBCD[1]    ; oHEX1[0]    ; 7.128 ; 7.190  ; 7.281  ; 7.375  ;
; iBCD[1]    ; oHEX1[1]    ; 6.942 ; 7.032  ; 7.103  ; 7.182  ;
; iBCD[1]    ; oHEX1[2]    ; 7.205 ;        ;        ; 7.447  ;
; iBCD[1]    ; oHEX1[3]    ; 7.169 ; 7.289  ; 7.330  ; 7.439  ;
; iBCD[1]    ; oHEX1[4]    ; 6.831 ; 6.911  ; 6.983  ; 7.094  ;
; iBCD[1]    ; oHEX1[5]    ; 7.142 ;        ;        ; 7.407  ;
; iBCD[1]    ; oHEX1[6]    ; 7.351 ; 7.396  ; 7.513  ; 7.547  ;
; iBCD[1]    ; oHEX5[0]    ;       ; 7.325  ; 7.631  ;        ;
; iBCD[1]    ; oHEX5[3]    ;       ; 7.370  ; 7.639  ;        ;
; iBCD[1]    ; oHEX5[4]    ;       ; 9.150  ; 9.814  ;        ;
; iBCD[1]    ; oHEX5[5]    ;       ; 9.225  ; 9.905  ;        ;
; iBCD[1]    ; oHEX5[6]    ;       ; 7.228  ; 7.552  ;        ;
; iBCD[1]    ; oLED[0]     ;       ; 8.611  ; 9.040  ;        ;
; iBCD[1]    ; oLED[1]     ; 9.010 ; 8.693  ; 9.158  ; 8.852  ;
; iBCD[1]    ; oLED[2]     ; 9.708 ; 10.488 ; 9.870  ; 10.639 ;
; iBCD[1]    ; oLED[3]     ; 9.671 ; 9.134  ; 9.822  ; 9.296  ;
; iBCD[2]    ; oHEX1[0]    ; 7.451 ; 7.533  ; 7.624  ; 7.701  ;
; iBCD[2]    ; oHEX1[1]    ; 7.181 ;        ;        ; 7.438  ;
; iBCD[2]    ; oHEX1[2]    ; 7.449 ; 7.541  ; 7.622  ; 7.709  ;
; iBCD[2]    ; oHEX1[3]    ; 7.333 ; 7.423  ; 7.479  ; 7.616  ;
; iBCD[2]    ; oHEX1[4]    ; 7.162 ;        ;        ; 7.430  ;
; iBCD[2]    ; oHEX1[5]    ; 7.390 ; 7.505  ; 7.564  ; 7.673  ;
; iBCD[2]    ; oHEX1[6]    ; 7.592 ; 7.637  ; 7.765  ; 7.805  ;
; iBCD[2]    ; oHEX5[0]    ;       ; 7.567  ; 7.888  ;        ;
; iBCD[2]    ; oHEX5[3]    ;       ; 7.612  ; 7.896  ;        ;
; iBCD[2]    ; oHEX5[4]    ;       ; 9.392  ; 10.071 ;        ;
; iBCD[2]    ; oHEX5[5]    ;       ; 9.467  ; 10.162 ;        ;
; iBCD[2]    ; oHEX5[6]    ;       ; 7.470  ; 7.809  ;        ;
; iBCD[2]    ; oLED[0]     ;       ; 8.895  ; 9.345  ;        ;
; iBCD[2]    ; oLED[1]     ;       ; 8.896  ; 9.379  ;        ;
; iBCD[2]    ; oLED[2]     ; 9.949 ; 10.729 ; 10.121 ; 10.896 ;
; iBCD[2]    ; oLED[3]     ; 9.802 ; 9.295  ; 9.995  ; 9.441  ;
; iBCD[3]    ; oHEX1[0]    ; 6.764 ; 6.832  ; 6.920  ; 6.977  ;
; iBCD[3]    ; oHEX1[1]    ; 6.499 ;        ;        ; 6.731  ;
; iBCD[3]    ; oHEX1[2]    ; 6.754 ;        ;        ; 6.977  ;
; iBCD[3]    ; oHEX1[3]    ; 6.723 ;        ;        ; 6.985  ;
; iBCD[3]    ; oHEX1[4]    ; 6.464 ;        ;        ; 6.695  ;
; iBCD[3]    ; oHEX1[5]    ; 6.697 ; 6.808  ; 6.857  ; 6.954  ;
; iBCD[3]    ; oHEX1[6]    ; 6.906 ; 6.937  ; 7.063  ; 7.083  ;
; iBCD[3]    ; oHEX5[0]    ;       ; 6.885  ; 7.182  ;        ;
; iBCD[3]    ; oHEX5[3]    ;       ; 6.930  ; 7.190  ;        ;
; iBCD[3]    ; oHEX5[4]    ;       ; 8.710  ; 9.365  ;        ;
; iBCD[3]    ; oHEX5[5]    ;       ; 8.785  ; 9.456  ;        ;
; iBCD[3]    ; oHEX5[6]    ;       ; 6.788  ; 7.103  ;        ;
; iBCD[3]    ; oLED[0]     ;       ; 8.197  ; 8.609  ;        ;
; iBCD[3]    ; oLED[1]     ;       ; 8.284  ; 8.742  ;        ;
; iBCD[3]    ; oLED[2]     ;       ; 10.028 ; 9.419  ;        ;
; iBCD[3]    ; oLED[3]     ; 9.226 ; 8.693  ; 9.372  ; 8.853  ;
+------------+-------------+-------+--------+--------+--------+


----------------------------------------------
; Slow 1100mV 85C Model Metastability Report ;
----------------------------------------------
No synchronizer chains to report.


-------------------------------------
; Slow 1100mV 0C Model Fmax Summary ;
-------------------------------------
No paths to report.


--------------------------------------
; Slow 1100mV 0C Model Setup Summary ;
--------------------------------------
No paths to report.


-------------------------------------
; Slow 1100mV 0C Model Hold Summary ;
-------------------------------------
No paths to report.


-----------------------------------------
; Slow 1100mV 0C Model Recovery Summary ;
-----------------------------------------
No paths to report.


----------------------------------------
; Slow 1100mV 0C Model Removal Summary ;
----------------------------------------
No paths to report.


----------------------------------------------------
; Slow 1100mV 0C Model Minimum Pulse Width Summary ;
----------------------------------------------------
No paths to report.


+--------------------------------------------------------------+
; Propagation Delay                                            ;
+------------+-------------+--------+--------+--------+--------+
; Input Port ; Output Port ; RR     ; RF     ; FR     ; FF     ;
+------------+-------------+--------+--------+--------+--------+
; iBCD[0]    ; oHEX1[0]    ; 7.620  ; 7.875  ; 7.928  ; 8.051  ;
; iBCD[0]    ; oHEX1[1]    ; 7.319  ; 7.553  ; 7.680  ; 7.746  ;
; iBCD[0]    ; oHEX1[2]    ;        ; 8.017  ; 7.991  ;        ;
; iBCD[0]    ; oHEX1[3]    ; 7.546  ; 7.882  ; 7.909  ; 8.077  ;
; iBCD[0]    ; oHEX1[4]    ; 7.290  ;        ;        ; 7.694  ;
; iBCD[0]    ; oHEX1[5]    ; 7.518  ;        ;        ; 8.028  ;
; iBCD[0]    ; oHEX1[6]    ; 7.961  ;        ;        ; 8.371  ;
; iBCD[0]    ; oLED[0]     ;        ; 9.235  ; 9.982  ;        ;
; iBCD[0]    ; oLED[1]     ; 9.749  ; 9.127  ; 9.941  ; 9.487  ;
; iBCD[0]    ; oLED[2]     ; 10.646 ; 11.802 ; 10.833 ; 12.052 ;
; iBCD[0]    ; oLED[3]     ; 10.672 ;        ;        ; 10.114 ;
; iBCD[1]    ; oHEX1[0]    ; 7.633  ; 7.836  ; 7.844  ; 8.110  ;
; iBCD[1]    ; oHEX1[1]    ; 7.516  ; 7.589  ; 7.728  ; 7.811  ;
; iBCD[1]    ; oHEX1[2]    ; 7.792  ;        ;        ; 8.138  ;
; iBCD[1]    ; oHEX1[3]    ; 7.747  ; 7.922  ; 7.961  ; 8.145  ;
; iBCD[1]    ; oHEX1[4]    ; 7.313  ; 7.485  ; 7.525  ; 7.760  ;
; iBCD[1]    ; oHEX1[5]    ; 7.724  ;        ;        ; 8.100  ;
; iBCD[1]    ; oHEX1[6]    ; 7.947  ; 8.017  ; 8.158  ; 8.237  ;
; iBCD[1]    ; oHEX5[0]    ;        ; 7.952  ; 8.372  ;        ;
; iBCD[1]    ; oHEX5[3]    ;        ; 7.990  ; 8.380  ;        ;
; iBCD[1]    ; oHEX5[4]    ;        ; 9.953  ; 10.939 ;        ;
; iBCD[1]    ; oHEX5[5]    ;        ; 10.023 ; 11.024 ;        ;
; iBCD[1]    ; oHEX5[6]    ;        ; 7.860  ; 8.296  ;        ;
; iBCD[1]    ; oLED[0]     ;        ; 9.222  ; 9.845  ;        ;
; iBCD[1]    ; oLED[1]     ; 9.785  ; 9.324  ; 10.001 ; 9.530  ;
; iBCD[1]    ; oLED[2]     ; 10.630 ; 11.695 ; 10.843 ; 11.917 ;
; iBCD[1]    ; oLED[3]     ; 10.706 ; 9.948  ; 10.928 ; 10.161 ;
; iBCD[2]    ; oHEX1[0]    ; 8.041  ; 8.166  ; 8.285  ; 8.396  ;
; iBCD[2]    ; oHEX1[1]    ; 7.763  ;        ;        ; 8.078  ;
; iBCD[2]    ; oHEX1[2]    ; 8.048  ; 8.184  ; 8.290  ; 8.412  ;
; iBCD[2]    ; oHEX1[3]    ; 7.857  ; 8.118  ; 8.064  ; 8.388  ;
; iBCD[2]    ; oHEX1[4]    ; 7.735  ;        ;        ; 8.057  ;
; iBCD[2]    ; oHEX1[5]    ; 7.985  ; 8.151  ; 8.227  ; 8.378  ;
; iBCD[2]    ; oHEX1[6]    ; 8.195  ; 8.278  ; 8.438  ; 8.507  ;
; iBCD[2]    ; oHEX5[0]    ;        ; 8.201  ; 8.641  ;        ;
; iBCD[2]    ; oHEX5[3]    ;        ; 8.239  ; 8.649  ;        ;
; iBCD[2]    ; oHEX5[4]    ;        ; 10.202 ; 11.208 ;        ;
; iBCD[2]    ; oHEX5[5]    ;        ; 10.272 ; 11.293 ;        ;
; iBCD[2]    ; oHEX5[6]    ;        ; 8.109  ; 8.565  ;        ;
; iBCD[2]    ; oLED[0]     ;        ; 9.520  ; 10.171 ;        ;
; iBCD[2]    ; oLED[1]     ;        ; 9.476  ; 10.297 ;        ;
; iBCD[2]    ; oLED[2]     ; 10.879 ; 11.957 ; 11.123 ; 12.187 ;
; iBCD[2]    ; oLED[3]     ; 10.895 ; 10.051 ; 11.167 ; 10.260 ;
; iBCD[3]    ; oHEX1[0]    ; 7.165  ; 7.306  ; 7.394  ; 7.514  ;
; iBCD[3]    ; oHEX1[1]    ; 6.885  ;        ;        ; 7.206  ;
; iBCD[3]    ; oHEX1[2]    ; 7.159  ;        ;        ; 7.521  ;
; iBCD[3]    ; oHEX1[3]    ; 7.112  ;        ;        ; 7.536  ;
; iBCD[3]    ; oHEX1[4]    ; 6.842  ;        ;        ; 7.162  ;
; iBCD[3]    ; oHEX1[5]    ; 7.090  ; 7.279  ; 7.331  ; 7.493  ;
; iBCD[3]    ; oHEX1[6]    ; 7.319  ; 7.418  ; 7.548  ; 7.626  ;
; iBCD[3]    ; oHEX5[0]    ;        ; 7.321  ; 7.770  ;        ;
; iBCD[3]    ; oHEX5[3]    ;        ; 7.359  ; 7.778  ;        ;
; iBCD[3]    ; oHEX5[4]    ;        ; 9.322  ; 10.337 ;        ;
; iBCD[3]    ; oHEX5[5]    ;        ; 9.392  ; 10.422 ;        ;
; iBCD[3]    ; oHEX5[6]    ;        ; 7.229  ; 7.694  ;        ;
; iBCD[3]    ; oLED[0]     ;        ; 8.628  ; 9.273  ;        ;
; iBCD[3]    ; oLED[1]     ;        ; 8.727  ; 9.437  ;        ;
; iBCD[3]    ; oLED[2]     ;        ; 11.098 ; 10.233 ;        ;
; iBCD[3]    ; oLED[3]     ; 10.115 ; 9.320  ; 10.326 ; 9.559  ;
+------------+-------------+--------+--------+--------+--------+


+-------------------------------------------------------------+
; Minimum Propagation Delay                                   ;
+------------+-------------+-------+--------+--------+--------+
; Input Port ; Output Port ; RR    ; RF     ; FR     ; FF     ;
+------------+-------------+-------+--------+--------+--------+
; iBCD[0]    ; oHEX1[0]    ; 6.936 ; 7.205  ; 7.172  ; 7.312  ;
; iBCD[0]    ; oHEX1[1]    ; 6.676 ; 6.919  ; 6.931  ; 7.065  ;
; iBCD[0]    ; oHEX1[2]    ;       ; 7.238  ; 7.257  ;        ;
; iBCD[0]    ; oHEX1[3]    ; 6.868 ; 7.179  ; 7.125  ; 7.327  ;
; iBCD[0]    ; oHEX1[4]    ; 6.649 ;        ;        ; 7.015  ;
; iBCD[0]    ; oHEX1[5]    ; 6.839 ;        ;        ; 7.281  ;
; iBCD[0]    ; oHEX1[6]    ; 7.255 ;        ;        ; 7.512  ;
; iBCD[0]    ; oLED[0]     ;       ; 8.444  ; 8.987  ;        ;
; iBCD[0]    ; oLED[1]     ; 8.848 ; 8.309  ; 8.993  ; 8.563  ;
; iBCD[0]    ; oLED[2]     ; 9.667 ; 10.510 ; 9.811  ; 10.693 ;
; iBCD[0]    ; oLED[3]     ; 9.600 ;        ;        ; 9.112  ;
; iBCD[1]    ; oHEX1[0]    ; 6.939 ; 7.055  ; 7.107  ; 7.262  ;
; iBCD[1]    ; oHEX1[1]    ; 6.801 ; 6.905  ; 6.970  ; 7.063  ;
; iBCD[1]    ; oHEX1[2]    ; 7.040 ;        ;        ; 7.341  ;
; iBCD[1]    ; oHEX1[3]    ; 6.997 ; 7.170  ; 7.166  ; 7.328  ;
; iBCD[1]    ; oHEX1[4]    ; 6.662 ; 6.764  ; 6.829  ; 6.971  ;
; iBCD[1]    ; oHEX1[5]    ; 6.972 ;        ;        ; 7.286  ;
; iBCD[1]    ; oHEX1[6]    ; 7.180 ; 7.271  ; 7.348  ; 7.427  ;
; iBCD[1]    ; oHEX5[0]    ;       ; 7.169  ; 7.509  ;        ;
; iBCD[1]    ; oHEX5[3]    ;       ; 7.201  ; 7.514  ;        ;
; iBCD[1]    ; oHEX5[4]    ;       ; 8.979  ; 9.736  ;        ;
; iBCD[1]    ; oHEX5[5]    ;       ; 9.052  ; 9.826  ;        ;
; iBCD[1]    ; oHEX5[6]    ;       ; 7.082  ; 7.433  ;        ;
; iBCD[1]    ; oLED[0]     ;       ; 8.370  ; 8.901  ;        ;
; iBCD[1]    ; oLED[1]     ; 8.834 ; 8.434  ; 8.987  ; 8.598  ;
; iBCD[1]    ; oLED[2]     ; 9.590 ; 10.450 ; 9.761  ; 10.609 ;
; iBCD[1]    ; oLED[3]     ; 9.585 ; 8.980  ; 9.744  ; 9.150  ;
; iBCD[2]    ; oHEX1[0]    ; 7.317 ; 7.449  ; 7.493  ; 7.620  ;
; iBCD[2]    ; oHEX1[1]    ; 7.074 ;        ;        ; 7.348  ;
; iBCD[2]    ; oHEX1[2]    ; 7.320 ; 7.462  ; 7.494  ; 7.631  ;
; iBCD[2]    ; oHEX1[3]    ; 7.174 ; 7.319  ; 7.329  ; 7.525  ;
; iBCD[2]    ; oHEX1[4]    ; 7.051 ;        ;        ; 7.339  ;
; iBCD[2]    ; oHEX1[5]    ; 7.257 ; 7.412  ; 7.430  ; 7.580  ;
; iBCD[2]    ; oHEX1[6]    ; 7.454 ; 7.544  ; 7.629  ; 7.714  ;
; iBCD[2]    ; oHEX5[0]    ;       ; 7.443  ; 7.795  ;        ;
; iBCD[2]    ; oHEX5[3]    ;       ; 7.475  ; 7.800  ;        ;
; iBCD[2]    ; oHEX5[4]    ;       ; 9.253  ; 10.022 ;        ;
; iBCD[2]    ; oHEX5[5]    ;       ; 9.326  ; 10.112 ;        ;
; iBCD[2]    ; oHEX5[6]    ;       ; 7.356  ; 7.719  ;        ;
; iBCD[2]    ; oLED[0]     ;       ; 8.686  ; 9.236  ;        ;
; iBCD[2]    ; oLED[1]     ;       ; 8.648  ; 9.230  ;        ;
; iBCD[2]    ; oLED[2]     ; 9.865 ; 10.724 ; 10.041 ; 10.895 ;
; iBCD[2]    ; oLED[3]     ; 9.730 ; 9.153  ; 9.936  ; 9.308  ;
; iBCD[3]    ; oHEX1[0]    ; 6.541 ; 6.660  ; 6.712  ; 6.816  ;
; iBCD[3]    ; oHEX1[1]    ; 6.296 ;        ;        ; 6.561  ;
; iBCD[3]    ; oHEX1[2]    ; 6.533 ;        ;        ; 6.820  ;
; iBCD[3]    ; oHEX1[3]    ; 6.487 ;        ;        ; 6.822  ;
; iBCD[3]    ; oHEX1[4]    ; 6.260 ;        ;        ; 6.524  ;
; iBCD[3]    ; oHEX1[5]    ; 6.464 ; 6.619  ; 6.644  ; 6.782  ;
; iBCD[3]    ; oHEX1[6]    ; 6.678 ; 6.755  ; 6.849  ; 6.911  ;
; iBCD[3]    ; oHEX5[0]    ;       ; 6.664  ; 7.009  ;        ;
; iBCD[3]    ; oHEX5[3]    ;       ; 6.696  ; 7.014  ;        ;
; iBCD[3]    ; oHEX5[4]    ;       ; 8.474  ; 9.236  ;        ;
; iBCD[3]    ; oHEX5[5]    ;       ; 8.547  ; 9.326  ;        ;
; iBCD[3]    ; oHEX5[6]    ;       ; 6.577  ; 6.933  ;        ;
; iBCD[3]    ; oLED[0]     ;       ; 7.896  ; 8.418  ;        ;
; iBCD[3]    ; oLED[1]     ;       ; 7.958  ; 8.520  ;        ;
; iBCD[3]    ; oLED[2]     ;       ; 9.936  ; 9.261  ;        ;
; iBCD[3]    ; oLED[3]     ; 9.082 ; 8.478  ; 9.242  ; 8.655  ;
+------------+-------------+-------+--------+--------+--------+


---------------------------------------------
; Slow 1100mV 0C Model Metastability Report ;
---------------------------------------------
No synchronizer chains to report.


---------------------------------------
; Fast 1100mV 85C Model Setup Summary ;
---------------------------------------
No paths to report.


--------------------------------------
; Fast 1100mV 85C Model Hold Summary ;
--------------------------------------
No paths to report.


------------------------------------------
; Fast 1100mV 85C Model Recovery Summary ;
------------------------------------------
No paths to report.


-----------------------------------------
; Fast 1100mV 85C Model Removal Summary ;
-----------------------------------------
No paths to report.


-----------------------------------------------------
; Fast 1100mV 85C Model Minimum Pulse Width Summary ;
-----------------------------------------------------
No paths to report.


+----------------------------------------------------------+
; Propagation Delay                                        ;
+------------+-------------+-------+-------+-------+-------+
; Input Port ; Output Port ; RR    ; RF    ; FR    ; FF    ;
+------------+-------------+-------+-------+-------+-------+
; iBCD[0]    ; oHEX1[0]    ; 4.095 ; 4.296 ; 4.654 ; 4.818 ;
; iBCD[0]    ; oHEX1[1]    ; 3.943 ; 4.113 ; 4.518 ; 4.641 ;
; iBCD[0]    ; oHEX1[2]    ;       ; 4.348 ; 4.674 ;       ;
; iBCD[0]    ; oHEX1[3]    ; 4.058 ; 4.304 ; 4.633 ; 4.832 ;
; iBCD[0]    ; oHEX1[4]    ; 3.901 ;       ;       ; 4.587 ;
; iBCD[0]    ; oHEX1[5]    ; 4.045 ;       ;       ; 4.809 ;
; iBCD[0]    ; oHEX1[6]    ; 4.227 ;       ;       ; 4.940 ;
; iBCD[0]    ; oLED[0]     ;       ; 4.957 ; 5.938 ;       ;
; iBCD[0]    ; oLED[1]     ; 5.485 ; 4.984 ; 6.008 ; 5.554 ;
; iBCD[0]    ; oLED[2]     ; 5.919 ; 6.895 ; 6.443 ; 7.440 ;
; iBCD[0]    ; oLED[3]     ; 6.200 ;       ;       ; 6.016 ;
; iBCD[1]    ; oHEX1[0]    ; 4.098 ; 4.292 ; 4.624 ; 4.839 ;
; iBCD[1]    ; oHEX1[1]    ; 3.988 ; 4.127 ; 4.515 ; 4.656 ;
; iBCD[1]    ; oHEX1[2]    ; 4.145 ;       ;       ; 4.856 ;
; iBCD[1]    ; oHEX1[3]    ; 4.106 ; 4.321 ; 4.634 ; 4.851 ;
; iBCD[1]    ; oHEX1[4]    ; 3.911 ; 4.069 ; 4.437 ; 4.617 ;
; iBCD[1]    ; oHEX1[5]    ; 4.098 ;       ;       ; 4.832 ;
; iBCD[1]    ; oHEX1[6]    ; 4.218 ; 4.367 ; 4.745 ; 4.896 ;
; iBCD[1]    ; oHEX5[0]    ;       ; 4.234 ; 5.035 ;       ;
; iBCD[1]    ; oHEX5[3]    ;       ; 4.246 ; 5.006 ;       ;
; iBCD[1]    ; oHEX5[4]    ;       ; 5.491 ; 6.721 ;       ;
; iBCD[1]    ; oHEX5[5]    ;       ; 5.514 ; 6.759 ;       ;
; iBCD[1]    ; oHEX5[6]    ;       ; 4.185 ; 4.996 ;       ;
; iBCD[1]    ; oLED[0]     ;       ; 4.947 ; 5.892 ;       ;
; iBCD[1]    ; oLED[1]     ; 5.496 ; 5.026 ; 6.020 ; 5.548 ;
; iBCD[1]    ; oLED[2]     ; 5.910 ; 6.868 ; 6.437 ; 7.397 ;
; iBCD[1]    ; oLED[3]     ; 6.213 ; 5.485 ; 6.742 ; 6.012 ;
; iBCD[2]    ; oHEX1[0]    ; 4.231 ; 4.408 ; 4.776 ; 4.952 ;
; iBCD[2]    ; oHEX1[1]    ; 4.085 ;       ;       ; 4.769 ;
; iBCD[2]    ; oHEX1[2]    ; 4.247 ; 4.429 ; 4.794 ; 4.975 ;
; iBCD[2]    ; oHEX1[3]    ; 4.173 ; 4.405 ; 4.711 ; 4.964 ;
; iBCD[2]    ; oHEX1[4]    ; 4.054 ;       ;       ; 4.741 ;
; iBCD[2]    ; oHEX1[5]    ; 4.205 ; 4.411 ; 4.752 ; 4.957 ;
; iBCD[2]    ; oHEX1[6]    ; 4.316 ; 4.466 ; 4.862 ; 5.011 ;
; iBCD[2]    ; oHEX5[0]    ;       ; 4.332 ; 5.150 ;       ;
; iBCD[2]    ; oHEX5[3]    ;       ; 4.344 ; 5.121 ;       ;
; iBCD[2]    ; oHEX5[4]    ;       ; 5.589 ; 6.836 ;       ;
; iBCD[2]    ; oHEX5[5]    ;       ; 5.612 ; 6.874 ;       ;
; iBCD[2]    ; oHEX5[6]    ;       ; 4.283 ; 5.111 ;       ;
; iBCD[2]    ; oLED[0]     ;       ; 5.090 ; 6.058 ;       ;
; iBCD[2]    ; oLED[1]     ;       ; 5.134 ; 6.180 ;       ;
; iBCD[2]    ; oLED[2]     ; 6.008 ; 6.967 ; 6.554 ; 7.512 ;
; iBCD[2]    ; oLED[3]     ; 6.292 ; 5.547 ; 6.850 ; 6.084 ;
; iBCD[3]    ; oHEX1[0]    ; 3.886 ; 4.058 ; 4.403 ; 4.574 ;
; iBCD[3]    ; oHEX1[1]    ; 3.744 ;       ;       ; 4.399 ;
; iBCD[3]    ; oHEX1[2]    ; 3.894 ;       ;       ; 4.586 ;
; iBCD[3]    ; oHEX1[3]    ; 3.859 ;       ;       ; 4.589 ;
; iBCD[3]    ; oHEX1[4]    ; 3.697 ;       ;       ; 4.349 ;
; iBCD[3]    ; oHEX1[5]    ; 3.852 ; 4.054 ; 4.373 ; 4.572 ;
; iBCD[3]    ; oHEX1[6]    ; 3.973 ; 4.118 ; 4.490 ; 4.634 ;
; iBCD[3]    ; oHEX5[0]    ;       ; 3.993 ; 4.780 ;       ;
; iBCD[3]    ; oHEX5[3]    ;       ; 4.005 ; 4.751 ;       ;
; iBCD[3]    ; oHEX5[4]    ;       ; 5.250 ; 6.466 ;       ;
; iBCD[3]    ; oHEX5[5]    ;       ; 5.273 ; 6.504 ;       ;
; iBCD[3]    ; oHEX5[6]    ;       ; 3.944 ; 4.741 ;       ;
; iBCD[3]    ; oLED[0]     ;       ; 4.733 ; 5.666 ;       ;
; iBCD[3]    ; oLED[1]     ;       ; 4.816 ; 5.802 ;       ;
; iBCD[3]    ; oLED[2]     ;       ; 6.617 ; 6.180 ;       ;
; iBCD[3]    ; oLED[3]     ; 5.967 ; 5.242 ; 6.486 ; 5.764 ;
+------------+-------------+-------+-------+-------+-------+


+----------------------------------------------------------+
; Minimum Propagation Delay                                ;
+------------+-------------+-------+-------+-------+-------+
; Input Port ; Output Port ; RR    ; RF    ; FR    ; FF    ;
+------------+-------------+-------+-------+-------+-------+
; iBCD[0]    ; oHEX1[0]    ; 3.791 ; 3.990 ; 4.303 ; 4.462 ;
; iBCD[0]    ; oHEX1[1]    ; 3.660 ; 3.839 ; 4.179 ; 4.326 ;
; iBCD[0]    ; oHEX1[2]    ;       ; 4.002 ; 4.336 ;       ;
; iBCD[0]    ; oHEX1[3]    ; 3.754 ; 3.980 ; 4.273 ; 4.467 ;
; iBCD[0]    ; oHEX1[4]    ; 3.619 ;       ;       ; 4.273 ;
; iBCD[0]    ; oHEX1[5]    ; 3.742 ;       ;       ; 4.447 ;
; iBCD[0]    ; oHEX1[6]    ; 3.921 ;       ;       ; 4.549 ;
; iBCD[0]    ; oLED[0]     ;       ; 4.606 ; 5.478 ;       ;
; iBCD[0]    ; oLED[1]     ; 5.067 ; 4.606 ; 5.550 ; 5.121 ;
; iBCD[0]    ; oLED[2]     ; 5.457 ; 6.255 ; 5.944 ; 6.753 ;
; iBCD[0]    ; oLED[3]     ; 5.666 ;       ;       ; 5.530 ;
; iBCD[1]    ; oHEX1[0]    ; 3.794 ; 3.941 ; 4.280 ; 4.438 ;
; iBCD[1]    ; oHEX1[1]    ; 3.691 ; 3.832 ; 4.178 ; 4.315 ;
; iBCD[1]    ; oHEX1[2]    ; 3.829 ;       ;       ; 4.477 ;
; iBCD[1]    ; oHEX1[3]    ; 3.789 ; 3.977 ; 4.275 ; 4.459 ;
; iBCD[1]    ; oHEX1[4]    ; 3.628 ; 3.759 ; 4.115 ; 4.256 ;
; iBCD[1]    ; oHEX1[5]    ; 3.781 ;       ;       ; 4.444 ;
; iBCD[1]    ; oHEX1[6]    ; 3.895 ; 4.040 ; 4.381 ; 4.522 ;
; iBCD[1]    ; oHEX5[0]    ;       ; 3.900 ; 4.618 ;       ;
; iBCD[1]    ; oHEX5[3]    ;       ; 3.909 ; 4.588 ;       ;
; iBCD[1]    ; oHEX5[4]    ;       ; 5.045 ; 6.111 ;       ;
; iBCD[1]    ; oHEX5[5]    ;       ; 5.068 ; 6.152 ;       ;
; iBCD[1]    ; oHEX5[6]    ;       ; 3.853 ; 4.573 ;       ;
; iBCD[1]    ; oLED[0]     ;       ; 4.580 ; 5.450 ;       ;
; iBCD[1]    ; oLED[1]     ; 5.059 ; 4.636 ; 5.536 ; 5.117 ;
; iBCD[1]    ; oLED[2]     ; 5.432 ; 6.244 ; 5.918 ; 6.726 ;
; iBCD[1]    ; oLED[3]     ; 5.658 ; 5.042 ; 6.140 ; 5.528 ;
; iBCD[2]    ; oHEX1[0]    ; 3.926 ; 4.086 ; 4.427 ; 4.585 ;
; iBCD[2]    ; oHEX1[1]    ; 3.800 ;       ;       ; 4.439 ;
; iBCD[2]    ; oHEX1[2]    ; 3.942 ; 4.107 ; 4.444 ; 4.607 ;
; iBCD[2]    ; oHEX1[3]    ; 3.881 ; 4.050 ; 4.371 ; 4.561 ;
; iBCD[2]    ; oHEX1[4]    ; 3.770 ;       ;       ; 4.413 ;
; iBCD[2]    ; oHEX1[5]    ; 3.898 ; 4.079 ; 4.399 ; 4.578 ;
; iBCD[2]    ; oHEX1[6]    ; 4.005 ; 4.149 ; 4.507 ; 4.649 ;
; iBCD[2]    ; oHEX5[0]    ;       ; 4.010 ; 4.745 ;       ;
; iBCD[2]    ; oHEX5[3]    ;       ; 4.019 ; 4.715 ;       ;
; iBCD[2]    ; oHEX5[4]    ;       ; 5.155 ; 6.238 ;       ;
; iBCD[2]    ; oHEX5[5]    ;       ; 5.178 ; 6.279 ;       ;
; iBCD[2]    ; oHEX5[6]    ;       ; 3.963 ; 4.700 ;       ;
; iBCD[2]    ; oLED[0]     ;       ; 4.729 ; 5.621 ;       ;
; iBCD[2]    ; oLED[1]     ;       ; 4.763 ; 5.679 ;       ;
; iBCD[2]    ; oLED[2]     ; 5.542 ; 6.353 ; 6.043 ; 6.852 ;
; iBCD[2]    ; oLED[3]     ; 5.727 ; 5.130 ; 6.238 ; 5.620 ;
; iBCD[3]    ; oHEX1[0]    ; 3.612 ; 3.761 ; 4.090 ; 4.238 ;
; iBCD[3]    ; oHEX1[1]    ; 3.488 ;       ;       ; 4.100 ;
; iBCD[3]    ; oHEX1[2]    ; 3.620 ;       ;       ; 4.251 ;
; iBCD[3]    ; oHEX1[3]    ; 3.583 ;       ;       ; 4.240 ;
; iBCD[3]    ; oHEX1[4]    ; 3.445 ;       ;       ; 4.054 ;
; iBCD[3]    ; oHEX1[5]    ; 3.576 ; 3.748 ; 4.058 ; 4.227 ;
; iBCD[3]    ; oHEX1[6]    ; 3.693 ; 3.826 ; 4.170 ; 4.302 ;
; iBCD[3]    ; oHEX5[0]    ;       ; 3.700 ; 4.406 ;       ;
; iBCD[3]    ; oHEX5[3]    ;       ; 3.709 ; 4.376 ;       ;
; iBCD[3]    ; oHEX5[4]    ;       ; 4.845 ; 5.899 ;       ;
; iBCD[3]    ; oHEX5[5]    ;       ; 4.868 ; 5.940 ;       ;
; iBCD[3]    ; oHEX5[6]    ;       ; 3.653 ; 4.361 ;       ;
; iBCD[3]    ; oLED[0]     ;       ; 4.404 ; 5.262 ;       ;
; iBCD[3]    ; oLED[1]     ;       ; 4.462 ; 5.356 ;       ;
; iBCD[3]    ; oLED[2]     ;       ; 6.028 ; 5.706 ;       ;
; iBCD[3]    ; oLED[3]     ; 5.448 ; 4.841 ; 5.926 ; 5.322 ;
+------------+-------------+-------+-------+-------+-------+


----------------------------------------------
; Fast 1100mV 85C Model Metastability Report ;
----------------------------------------------
No synchronizer chains to report.


--------------------------------------
; Fast 1100mV 0C Model Setup Summary ;
--------------------------------------
No paths to report.


-------------------------------------
; Fast 1100mV 0C Model Hold Summary ;
-------------------------------------
No paths to report.


-----------------------------------------
; Fast 1100mV 0C Model Recovery Summary ;
-----------------------------------------
No paths to report.


----------------------------------------
; Fast 1100mV 0C Model Removal Summary ;
----------------------------------------
No paths to report.


----------------------------------------------------
; Fast 1100mV 0C Model Minimum Pulse Width Summary ;
----------------------------------------------------
No paths to report.


+----------------------------------------------------------+
; Propagation Delay                                        ;
+------------+-------------+-------+-------+-------+-------+
; Input Port ; Output Port ; RR    ; RF    ; FR    ; FF    ;
+------------+-------------+-------+-------+-------+-------+
; iBCD[0]    ; oHEX1[0]    ; 3.899 ; 4.052 ; 4.444 ; 4.560 ;
; iBCD[0]    ; oHEX1[1]    ; 3.750 ; 3.875 ; 4.308 ; 4.386 ;
; iBCD[0]    ; oHEX1[2]    ;       ; 4.096 ; 4.464 ;       ;
; iBCD[0]    ; oHEX1[3]    ; 3.862 ; 4.053 ; 4.422 ; 4.565 ;
; iBCD[0]    ; oHEX1[4]    ; 3.718 ;       ;       ; 4.347 ;
; iBCD[0]    ; oHEX1[5]    ; 3.837 ;       ;       ; 4.532 ;
; iBCD[0]    ; oHEX1[6]    ; 4.009 ;       ;       ; 4.679 ;
; iBCD[0]    ; oLED[0]     ;       ; 4.671 ; 5.587 ;       ;
; iBCD[0]    ; oLED[1]     ; 5.116 ; 4.673 ; 5.625 ; 5.229 ;
; iBCD[0]    ; oLED[2]     ; 5.643 ; 6.488 ; 6.159 ; 7.027 ;
; iBCD[0]    ; oLED[3]     ; 5.814 ;       ;       ; 5.709 ;
; iBCD[1]    ; oHEX1[0]    ; 3.902 ; 4.045 ; 4.419 ; 4.585 ;
; iBCD[1]    ; oHEX1[1]    ; 3.796 ; 3.886 ; 4.312 ; 4.405 ;
; iBCD[1]    ; oHEX1[2]    ; 3.936 ;       ;       ; 4.586 ;
; iBCD[1]    ; oHEX1[3]    ; 3.912 ; 4.068 ; 4.428 ; 4.587 ;
; iBCD[1]    ; oHEX1[4]    ; 3.729 ; 3.839 ; 4.246 ; 4.379 ;
; iBCD[1]    ; oHEX1[5]    ; 3.891 ;       ;       ; 4.559 ;
; iBCD[1]    ; oHEX1[6]    ; 3.991 ; 4.103 ; 4.509 ; 4.624 ;
; iBCD[1]    ; oHEX5[0]    ;       ; 3.990 ; 4.747 ;       ;
; iBCD[1]    ; oHEX5[3]    ;       ; 4.004 ; 4.718 ;       ;
; iBCD[1]    ; oHEX5[4]    ;       ; 5.222 ; 6.326 ;       ;
; iBCD[1]    ; oHEX5[5]    ;       ; 5.256 ; 6.370 ;       ;
; iBCD[1]    ; oHEX5[6]    ;       ; 3.955 ; 4.713 ;       ;
; iBCD[1]    ; oLED[0]     ;       ; 4.654 ; 5.531 ;       ;
; iBCD[1]    ; oLED[1]     ; 5.125 ; 4.717 ; 5.641 ; 5.230 ;
; iBCD[1]    ; oLED[2]     ; 5.626 ; 6.452 ; 6.144 ; 6.973 ;
; iBCD[1]    ; oLED[3]     ; 5.823 ; 5.194 ; 6.343 ; 5.711 ;
; iBCD[2]    ; oHEX1[0]    ; 4.044 ; 4.170 ; 4.579 ; 4.703 ;
; iBCD[2]    ; oHEX1[1]    ; 3.901 ;       ;       ; 4.526 ;
; iBCD[2]    ; oHEX1[2]    ; 4.047 ; 4.179 ; 4.584 ; 4.714 ;
; iBCD[2]    ; oHEX1[3]    ; 3.987 ; 4.161 ; 4.516 ; 4.713 ;
; iBCD[2]    ; oHEX1[4]    ; 3.881 ;       ;       ; 4.509 ;
; iBCD[2]    ; oHEX1[5]    ; 4.006 ; 4.157 ; 4.543 ; 4.692 ;
; iBCD[2]    ; oHEX1[6]    ; 4.100 ; 4.214 ; 4.635 ; 4.747 ;
; iBCD[2]    ; oHEX5[0]    ;       ; 4.098 ; 4.870 ;       ;
; iBCD[2]    ; oHEX5[3]    ;       ; 4.112 ; 4.841 ;       ;
; iBCD[2]    ; oHEX5[4]    ;       ; 5.330 ; 6.449 ;       ;
; iBCD[2]    ; oHEX5[5]    ;       ; 5.364 ; 6.493 ;       ;
; iBCD[2]    ; oHEX5[6]    ;       ; 4.063 ; 4.836 ;       ;
; iBCD[2]    ; oLED[0]     ;       ; 4.807 ; 5.704 ;       ;
; iBCD[2]    ; oLED[1]     ;       ; 4.834 ; 5.811 ;       ;
; iBCD[2]    ; oLED[2]     ; 5.734 ; 6.562 ; 6.270 ; 7.096 ;
; iBCD[2]    ; oLED[3]     ; 5.912 ; 5.265 ; 6.463 ; 5.793 ;
; iBCD[3]    ; oHEX1[0]    ; 3.687 ; 3.810 ; 4.201 ; 4.321 ;
; iBCD[3]    ; oHEX1[1]    ; 3.547 ;       ;       ; 4.152 ;
; iBCD[3]    ; oHEX1[2]    ; 3.681 ;       ;       ; 4.321 ;
; iBCD[3]    ; oHEX1[3]    ; 3.659 ;       ;       ; 4.330 ;
; iBCD[3]    ; oHEX1[4]    ; 3.512 ;       ;       ; 4.113 ;
; iBCD[3]    ; oHEX1[5]    ; 3.640 ; 3.790 ; 4.158 ; 4.303 ;
; iBCD[3]    ; oHEX1[6]    ; 3.745 ; 3.856 ; 4.258 ; 4.366 ;
; iBCD[3]    ; oHEX5[0]    ;       ; 3.746 ; 4.497 ;       ;
; iBCD[3]    ; oHEX5[3]    ;       ; 3.760 ; 4.468 ;       ;
; iBCD[3]    ; oHEX5[4]    ;       ; 4.978 ; 6.076 ;       ;
; iBCD[3]    ; oHEX5[5]    ;       ; 5.012 ; 6.120 ;       ;
; iBCD[3]    ; oHEX5[6]    ;       ; 3.711 ; 4.463 ;       ;
; iBCD[3]    ; oLED[0]     ;       ; 4.438 ; 5.308 ;       ;
; iBCD[3]    ; oLED[1]     ;       ; 4.503 ; 5.426 ;       ;
; iBCD[3]    ; oLED[2]     ;       ; 6.203 ; 5.892 ;       ;
; iBCD[3]    ; oLED[3]     ; 5.578 ; 4.948 ; 6.092 ; 5.467 ;
+------------+-------------+-------+-------+-------+-------+


+----------------------------------------------------------+
; Minimum Propagation Delay                                ;
+------------+-------------+-------+-------+-------+-------+
; Input Port ; Output Port ; RR    ; RF    ; FR    ; FF    ;
+------------+-------------+-------+-------+-------+-------+
; iBCD[0]    ; oHEX1[0]    ; 3.603 ; 3.761 ; 4.110 ; 4.226 ;
; iBCD[0]    ; oHEX1[1]    ; 3.474 ; 3.607 ; 3.985 ; 4.082 ;
; iBCD[0]    ; oHEX1[2]    ;       ; 3.765 ; 4.140 ;       ;
; iBCD[0]    ; oHEX1[3]    ; 3.568 ; 3.750 ; 4.080 ; 4.226 ;
; iBCD[0]    ; oHEX1[4]    ; 3.445 ;       ;       ; 4.044 ;
; iBCD[0]    ; oHEX1[5]    ; 3.543 ;       ;       ; 4.195 ;
; iBCD[0]    ; oHEX1[6]    ; 3.712 ;       ;       ; 4.304 ;
; iBCD[0]    ; oLED[0]     ;       ; 4.335 ; 5.146 ;       ;
; iBCD[0]    ; oLED[1]     ; 4.719 ; 4.316 ; 5.192 ; 4.825 ;
; iBCD[0]    ; oLED[2]     ; 5.193 ; 5.873 ; 5.678 ; 6.369 ;
; iBCD[0]    ; oLED[3]     ; 5.304 ;       ;       ; 5.246 ;
; iBCD[1]    ; oHEX1[0]    ; 3.604 ; 3.709 ; 4.090 ; 4.206 ;
; iBCD[1]    ; oHEX1[1]    ; 3.504 ; 3.597 ; 3.986 ; 4.076 ;
; iBCD[1]    ; oHEX1[2]    ; 3.628 ;       ;       ; 4.229 ;
; iBCD[1]    ; oHEX1[3]    ; 3.602 ; 3.745 ; 4.083 ; 4.222 ;
; iBCD[1]    ; oHEX1[4]    ; 3.453 ; 3.535 ; 3.938 ; 4.031 ;
; iBCD[1]    ; oHEX1[5]    ; 3.581 ;       ;       ; 4.195 ;
; iBCD[1]    ; oHEX1[6]    ; 3.680 ; 3.788 ; 4.162 ; 4.267 ;
; iBCD[1]    ; oHEX5[0]    ;       ; 3.665 ; 4.361 ;       ;
; iBCD[1]    ; oHEX5[3]    ;       ; 3.677 ; 4.330 ;       ;
; iBCD[1]    ; oHEX5[4]    ;       ; 4.788 ; 5.745 ;       ;
; iBCD[1]    ; oHEX5[5]    ;       ; 4.823 ; 5.791 ;       ;
; iBCD[1]    ; oHEX5[6]    ;       ; 3.632 ; 4.324 ;       ;
; iBCD[1]    ; oLED[0]     ;       ; 4.303 ; 5.108 ;       ;
; iBCD[1]    ; oLED[1]     ; 4.707 ; 4.344 ; 5.183 ; 4.823 ;
; iBCD[1]    ; oLED[2]     ; 5.162 ; 5.854 ; 5.644 ; 6.333 ;
; iBCD[1]    ; oLED[3]     ; 5.294 ; 4.764 ; 5.772 ; 5.246 ;
; iBCD[2]    ; oHEX1[0]    ; 3.747 ; 3.864 ; 4.242 ; 4.357 ;
; iBCD[2]    ; oHEX1[1]    ; 3.621 ;       ;       ; 4.207 ;
; iBCD[2]    ; oHEX1[2]    ; 3.749 ; 3.872 ; 4.245 ; 4.366 ;
; iBCD[2]    ; oHEX1[3]    ; 3.701 ; 3.824 ; 4.189 ; 4.333 ;
; iBCD[2]    ; oHEX1[4]    ; 3.604 ;       ;       ; 4.192 ;
; iBCD[2]    ; oHEX1[5]    ; 3.706 ; 3.842 ; 4.203 ; 4.336 ;
; iBCD[2]    ; oHEX1[6]    ; 3.798 ; 3.906 ; 4.293 ; 4.399 ;
; iBCD[2]    ; oHEX5[0]    ;       ; 3.783 ; 4.493 ;       ;
; iBCD[2]    ; oHEX5[3]    ;       ; 3.795 ; 4.462 ;       ;
; iBCD[2]    ; oHEX5[4]    ;       ; 4.906 ; 5.877 ;       ;
; iBCD[2]    ; oHEX5[5]    ;       ; 4.941 ; 5.923 ;       ;
; iBCD[2]    ; oHEX5[6]    ;       ; 3.750 ; 4.456 ;       ;
; iBCD[2]    ; oLED[0]     ;       ; 4.462 ; 5.285 ;       ;
; iBCD[2]    ; oLED[1]     ;       ; 4.480 ; 5.334 ;       ;
; iBCD[2]    ; oLED[2]     ; 5.280 ; 5.972 ; 5.775 ; 6.465 ;
; iBCD[2]    ; oLED[3]     ; 5.369 ; 4.859 ; 5.878 ; 5.347 ;
; iBCD[3]    ; oHEX1[0]    ; 3.420 ; 3.528 ; 3.899 ; 4.005 ;
; iBCD[3]    ; oHEX1[1]    ; 3.297 ;       ;       ; 3.863 ;
; iBCD[3]    ; oHEX1[2]    ; 3.414 ;       ;       ; 4.005 ;
; iBCD[3]    ; oHEX1[3]    ; 3.391 ;       ;       ; 4.006 ;
; iBCD[3]    ; oHEX1[4]    ; 3.266 ;       ;       ; 3.828 ;
; iBCD[3]    ; oHEX1[5]    ; 3.371 ; 3.500 ; 3.855 ; 3.980 ;
; iBCD[3]    ; oHEX1[6]    ; 3.473 ; 3.572 ; 3.952 ; 4.049 ;
; iBCD[3]    ; oHEX5[0]    ;       ; 3.461 ; 4.151 ;       ;
; iBCD[3]    ; oHEX5[3]    ;       ; 3.473 ; 4.120 ;       ;
; iBCD[3]    ; oHEX5[4]    ;       ; 4.584 ; 5.535 ;       ;
; iBCD[3]    ; oHEX5[5]    ;       ; 4.619 ; 5.581 ;       ;
; iBCD[3]    ; oHEX5[6]    ;       ; 3.428 ; 4.114 ;       ;
; iBCD[3]    ; oLED[0]     ;       ; 4.124 ; 4.922 ;       ;
; iBCD[3]    ; oLED[1]     ;       ; 4.168 ; 5.005 ;       ;
; iBCD[3]    ; oLED[2]     ;       ; 5.637 ; 5.433 ;       ;
; iBCD[3]    ; oLED[3]     ; 5.081 ; 4.559 ; 5.561 ; 5.043 ;
+------------+-------------+-------+-------+-------+-------+


---------------------------------------------
; Fast 1100mV 0C Model Metastability Report ;
---------------------------------------------
No synchronizer chains to report.


+----------------------------------------------------------------------------+
; Multicorner Timing Analysis Summary                                        ;
+------------------+-------+------+----------+---------+---------------------+
; Clock            ; Setup ; Hold ; Recovery ; Removal ; Minimum Pulse Width ;
+------------------+-------+------+----------+---------+---------------------+
; Worst-case Slack ; N/A   ; N/A  ; N/A      ; N/A     ; N/A                 ;
; Design-wide TNS  ; 0.0   ; 0.0  ; 0.0      ; 0.0     ; 0.0                 ;
+------------------+-------+------+----------+---------+---------------------+


+--------------------------------------------------------------+
; Propagation Delay                                            ;
+------------+-------------+--------+--------+--------+--------+
; Input Port ; Output Port ; RR     ; RF     ; FR     ; FF     ;
+------------+-------------+--------+--------+--------+--------+
; iBCD[0]    ; oHEX1[0]    ; 7.807  ; 8.000  ; 8.140  ; 8.211  ;
; iBCD[0]    ; oHEX1[1]    ; 7.478  ; 7.676  ; 7.881  ; 7.918  ;
; iBCD[0]    ; oHEX1[2]    ;        ; 8.122  ; 8.138  ;        ;
; iBCD[0]    ; oHEX1[3]    ; 7.740  ; 8.008  ; 8.143  ; 8.250  ;
; iBCD[0]    ; oHEX1[4]    ; 7.461  ;        ;        ; 7.856  ;
; iBCD[0]    ; oHEX1[5]    ; 7.710  ;        ;        ; 8.209  ;
; iBCD[0]    ; oHEX1[6]    ; 8.125  ;        ;        ; 8.472  ;
; iBCD[0]    ; oLED[0]     ;        ; 9.466  ; 10.093 ;        ;
; iBCD[0]    ; oLED[1]     ; 9.919  ; 9.399  ; 10.159 ; 9.800  ;
; iBCD[0]    ; oLED[2]     ; 10.744 ; 11.816 ; 10.924 ; 12.052 ;
; iBCD[0]    ; oLED[3]     ; 10.754 ;        ;        ; 10.328 ;
; iBCD[1]    ; oHEX1[0]    ; 7.822  ; 7.976  ; 8.018  ; 8.227  ;
; iBCD[1]    ; oHEX1[1]    ; 7.649  ; 7.717  ; 7.853  ; 7.929  ;
; iBCD[1]    ; oHEX1[2]    ; 7.950  ;        ;        ; 8.252  ;
; iBCD[1]    ; oHEX1[3]    ; 7.914  ; 8.052  ; 8.118  ; 8.265  ;
; iBCD[1]    ; oHEX1[4]    ; 7.484  ; 7.631  ; 7.679  ; 7.881  ;
; iBCD[1]    ; oHEX1[5]    ; 7.888  ;        ;        ; 8.227  ;
; iBCD[1]    ; oHEX1[6]    ; 8.111  ; 8.149  ; 8.316  ; 8.362  ;
; iBCD[1]    ; oHEX5[0]    ;        ; 8.100  ; 8.504  ;        ;
; iBCD[1]    ; oHEX5[3]    ;        ; 8.151  ; 8.514  ;        ;
; iBCD[1]    ; oHEX5[4]    ;        ; 10.118 ; 11.016 ;        ;
; iBCD[1]    ; oHEX5[5]    ;        ; 10.191 ; 11.103 ;        ;
; iBCD[1]    ; oHEX5[6]    ;        ; 7.999  ; 8.427  ;        ;
; iBCD[1]    ; oLED[0]     ;        ; 9.449  ; 9.980  ;        ;
; iBCD[1]    ; oLED[1]     ; 9.955  ; 9.565  ; 10.164 ; 9.766  ;
; iBCD[1]    ; oLED[2]     ; 10.732 ; 11.729 ; 10.937 ; 11.942 ;
; iBCD[1]    ; oLED[3]     ; 10.794 ; 10.094 ; 11.007 ; 10.298 ;
; iBCD[2]    ; oHEX1[0]    ; 8.172  ; 8.261  ; 8.408  ; 8.486  ;
; iBCD[2]    ; oHEX1[1]    ; 7.867  ;        ;        ; 8.170  ;
; iBCD[2]    ; oHEX1[2]    ; 8.174  ; 8.273  ; 8.410  ; 8.498  ;
; iBCD[2]    ; oHEX1[3]    ; 8.015  ; 8.226  ; 8.217  ; 8.481  ;
; iBCD[2]    ; oHEX1[4]    ; 7.843  ;        ;        ; 8.151  ;
; iBCD[2]    ; oHEX1[5]    ; 8.116  ; 8.254  ; 8.352  ; 8.480  ;
; iBCD[2]    ; oHEX1[6]    ; 8.331  ; 8.379  ; 8.567  ; 8.604  ;
; iBCD[2]    ; oHEX5[0]    ;        ; 8.320  ; 8.746  ;        ;
; iBCD[2]    ; oHEX5[3]    ;        ; 8.371  ; 8.756  ;        ;
; iBCD[2]    ; oHEX5[4]    ;        ; 10.338 ; 11.258 ;        ;
; iBCD[2]    ; oHEX5[5]    ;        ; 10.411 ; 11.345 ;        ;
; iBCD[2]    ; oHEX5[6]    ;        ; 8.219  ; 8.669  ;        ;
; iBCD[2]    ; oLED[0]     ;        ; 9.718  ; 10.276 ;        ;
; iBCD[2]    ; oLED[1]     ;        ; 9.711  ; 10.432 ;        ;
; iBCD[2]    ; oLED[2]     ; 10.952 ; 11.959 ; 11.188 ; 12.187 ;
; iBCD[2]    ; oLED[3]     ; 10.965 ; 10.192 ; 11.219 ; 10.393 ;
; iBCD[3]    ; oHEX1[0]    ; 7.396  ; 7.496  ; 7.607  ; 7.690  ;
; iBCD[3]    ; oHEX1[1]    ; 7.095  ;        ;        ; 7.385  ;
; iBCD[3]    ; oHEX1[2]    ; 7.389  ;        ;        ; 7.692  ;
; iBCD[3]    ; oHEX1[3]    ; 7.357  ;        ;        ; 7.717  ;
; iBCD[3]    ; oHEX1[4]    ; 7.055  ;        ;        ; 7.341  ;
; iBCD[3]    ; oHEX1[5]    ; 7.332  ; 7.487  ; 7.548  ; 7.682  ;
; iBCD[3]    ; oHEX1[6]    ; 7.557  ; 7.616  ; 7.768  ; 7.810  ;
; iBCD[3]    ; oHEX5[0]    ;        ; 7.551  ; 7.963  ;        ;
; iBCD[3]    ; oHEX5[3]    ;        ; 7.602  ; 7.973  ;        ;
; iBCD[3]    ; oHEX5[4]    ;        ; 9.569  ; 10.475 ;        ;
; iBCD[3]    ; oHEX5[5]    ;        ; 9.642  ; 10.562 ;        ;
; iBCD[3]    ; oHEX5[6]    ;        ; 7.450  ; 7.886  ;        ;
; iBCD[3]    ; oLED[0]     ;        ; 8.930  ; 9.466  ;        ;
; iBCD[3]    ; oLED[1]     ;        ; 9.051  ; 9.661  ;        ;
; iBCD[3]    ; oLED[2]     ;        ; 11.195 ; 10.387 ;        ;
; iBCD[3]    ; oLED[3]     ; 10.270 ; 9.543  ; 10.465 ; 9.759  ;
+------------+-------------+--------+--------+--------+--------+


+----------------------------------------------------------+
; Minimum Propagation Delay                                ;
+------------+-------------+-------+-------+-------+-------+
; Input Port ; Output Port ; RR    ; RF    ; FR    ; FF    ;
+------------+-------------+-------+-------+-------+-------+
; iBCD[0]    ; oHEX1[0]    ; 3.603 ; 3.761 ; 4.110 ; 4.226 ;
; iBCD[0]    ; oHEX1[1]    ; 3.474 ; 3.607 ; 3.985 ; 4.082 ;
; iBCD[0]    ; oHEX1[2]    ;       ; 3.765 ; 4.140 ;       ;
; iBCD[0]    ; oHEX1[3]    ; 3.568 ; 3.750 ; 4.080 ; 4.226 ;
; iBCD[0]    ; oHEX1[4]    ; 3.445 ;       ;       ; 4.044 ;
; iBCD[0]    ; oHEX1[5]    ; 3.543 ;       ;       ; 4.195 ;
; iBCD[0]    ; oHEX1[6]    ; 3.712 ;       ;       ; 4.304 ;
; iBCD[0]    ; oLED[0]     ;       ; 4.335 ; 5.146 ;       ;
; iBCD[0]    ; oLED[1]     ; 4.719 ; 4.316 ; 5.192 ; 4.825 ;
; iBCD[0]    ; oLED[2]     ; 5.193 ; 5.873 ; 5.678 ; 6.369 ;
; iBCD[0]    ; oLED[3]     ; 5.304 ;       ;       ; 5.246 ;
; iBCD[1]    ; oHEX1[0]    ; 3.604 ; 3.709 ; 4.090 ; 4.206 ;
; iBCD[1]    ; oHEX1[1]    ; 3.504 ; 3.597 ; 3.986 ; 4.076 ;
; iBCD[1]    ; oHEX1[2]    ; 3.628 ;       ;       ; 4.229 ;
; iBCD[1]    ; oHEX1[3]    ; 3.602 ; 3.745 ; 4.083 ; 4.222 ;
; iBCD[1]    ; oHEX1[4]    ; 3.453 ; 3.535 ; 3.938 ; 4.031 ;
; iBCD[1]    ; oHEX1[5]    ; 3.581 ;       ;       ; 4.195 ;
; iBCD[1]    ; oHEX1[6]    ; 3.680 ; 3.788 ; 4.162 ; 4.267 ;
; iBCD[1]    ; oHEX5[0]    ;       ; 3.665 ; 4.361 ;       ;
; iBCD[1]    ; oHEX5[3]    ;       ; 3.677 ; 4.330 ;       ;
; iBCD[1]    ; oHEX5[4]    ;       ; 4.788 ; 5.745 ;       ;
; iBCD[1]    ; oHEX5[5]    ;       ; 4.823 ; 5.791 ;       ;
; iBCD[1]    ; oHEX5[6]    ;       ; 3.632 ; 4.324 ;       ;
; iBCD[1]    ; oLED[0]     ;       ; 4.303 ; 5.108 ;       ;
; iBCD[1]    ; oLED[1]     ; 4.707 ; 4.344 ; 5.183 ; 4.823 ;
; iBCD[1]    ; oLED[2]     ; 5.162 ; 5.854 ; 5.644 ; 6.333 ;
; iBCD[1]    ; oLED[3]     ; 5.294 ; 4.764 ; 5.772 ; 5.246 ;
; iBCD[2]    ; oHEX1[0]    ; 3.747 ; 3.864 ; 4.242 ; 4.357 ;
; iBCD[2]    ; oHEX1[1]    ; 3.621 ;       ;       ; 4.207 ;
; iBCD[2]    ; oHEX1[2]    ; 3.749 ; 3.872 ; 4.245 ; 4.366 ;
; iBCD[2]    ; oHEX1[3]    ; 3.701 ; 3.824 ; 4.189 ; 4.333 ;
; iBCD[2]    ; oHEX1[4]    ; 3.604 ;       ;       ; 4.192 ;
; iBCD[2]    ; oHEX1[5]    ; 3.706 ; 3.842 ; 4.203 ; 4.336 ;
; iBCD[2]    ; oHEX1[6]    ; 3.798 ; 3.906 ; 4.293 ; 4.399 ;
; iBCD[2]    ; oHEX5[0]    ;       ; 3.783 ; 4.493 ;       ;
; iBCD[2]    ; oHEX5[3]    ;       ; 3.795 ; 4.462 ;       ;
; iBCD[2]    ; oHEX5[4]    ;       ; 4.906 ; 5.877 ;       ;
; iBCD[2]    ; oHEX5[5]    ;       ; 4.941 ; 5.923 ;       ;
; iBCD[2]    ; oHEX5[6]    ;       ; 3.750 ; 4.456 ;       ;
; iBCD[2]    ; oLED[0]     ;       ; 4.462 ; 5.285 ;       ;
; iBCD[2]    ; oLED[1]     ;       ; 4.480 ; 5.334 ;       ;
; iBCD[2]    ; oLED[2]     ; 5.280 ; 5.972 ; 5.775 ; 6.465 ;
; iBCD[2]    ; oLED[3]     ; 5.369 ; 4.859 ; 5.878 ; 5.347 ;
; iBCD[3]    ; oHEX1[0]    ; 3.420 ; 3.528 ; 3.899 ; 4.005 ;
; iBCD[3]    ; oHEX1[1]    ; 3.297 ;       ;       ; 3.863 ;
; iBCD[3]    ; oHEX1[2]    ; 3.414 ;       ;       ; 4.005 ;
; iBCD[3]    ; oHEX1[3]    ; 3.391 ;       ;       ; 4.006 ;
; iBCD[3]    ; oHEX1[4]    ; 3.266 ;       ;       ; 3.828 ;
; iBCD[3]    ; oHEX1[5]    ; 3.371 ; 3.500 ; 3.855 ; 3.980 ;
; iBCD[3]    ; oHEX1[6]    ; 3.473 ; 3.572 ; 3.952 ; 4.049 ;
; iBCD[3]    ; oHEX5[0]    ;       ; 3.461 ; 4.151 ;       ;
; iBCD[3]    ; oHEX5[3]    ;       ; 3.473 ; 4.120 ;       ;
; iBCD[3]    ; oHEX5[4]    ;       ; 4.584 ; 5.535 ;       ;
; iBCD[3]    ; oHEX5[5]    ;       ; 4.619 ; 5.581 ;       ;
; iBCD[3]    ; oHEX5[6]    ;       ; 3.428 ; 4.114 ;       ;
; iBCD[3]    ; oLED[0]     ;       ; 4.124 ; 4.922 ;       ;
; iBCD[3]    ; oLED[1]     ;       ; 4.168 ; 5.005 ;       ;
; iBCD[3]    ; oLED[2]     ;       ; 5.637 ; 5.433 ;       ;
; iBCD[3]    ; oLED[3]     ; 5.081 ; 4.559 ; 5.561 ; 5.043 ;
+------------+-------------+-------+-------+-------+-------+


+-------------------------------------------------------------------------------------------------------------------------------------------------------------------------------------------------------------------------------------------------------------------------------------------------------------------------------------------------------------------------------------------------------------+
; Board Trace Model Assignments                                                                                                                                                                                                                                                                                                                                                                               ;
+----------+--------------+-------------------+-------------------------+-------------------------+---------------+---------------------+----------------+------------------+--------+------------------+------------------------+------------------------+--------------+---------------+-----------------+-------+---------------------+--------------------+---------------+-----------------+-------------+
; Pin      ; I/O Standard ; Near Tline Length ; Near Tline L per Length ; Near Tline C per Length ; Near Series R ; Near Differential R ; Near Pull-up R ; Near Pull-down R ; Near C ; Far Tline Length ; Far Tline L per Length ; Far Tline C per Length ; Far Series R ; Far Pull-up R ; Far Pull-down R ; Far C ; Termination Voltage ; Far Differential R ; EBD File Name ; EBD Signal Name ; EBD Far-end ;
+----------+--------------+-------------------+-------------------------+-------------------------+---------------+---------------------+----------------+------------------+--------+------------------+------------------------+------------------------+--------------+---------------+-----------------+-------+---------------------+--------------------+---------------+-----------------+-------------+
; oLED[0]  ; 2.5 V        ; 0 in              ; 0 H/in                  ; 0 F/in                  ; short         ; -                   ; open           ; open             ; open   ; 0 in             ; 0 H/in                 ; 0 F/in                 ; short        ; open          ; open            ; open  ; 0 V                 ; -                  ; n/a           ; n/a             ; n/a         ;
; oLED[1]  ; 2.5 V        ; 0 in              ; 0 H/in                  ; 0 F/in                  ; short         ; -                   ; open           ; open             ; open   ; 0 in             ; 0 H/in                 ; 0 F/in                 ; short        ; open          ; open            ; open  ; 0 V                 ; -                  ; n/a           ; n/a             ; n/a         ;
; oLED[2]  ; 2.5 V        ; 0 in              ; 0 H/in                  ; 0 F/in                  ; short         ; -                   ; open           ; open             ; open   ; 0 in             ; 0 H/in                 ; 0 F/in                 ; short        ; open          ; open            ; open  ; 0 V                 ; -                  ; n/a           ; n/a             ; n/a         ;
; oLED[3]  ; 2.5 V        ; 0 in              ; 0 H/in                  ; 0 F/in                  ; short         ; -                   ; open           ; open             ; open   ; 0 in             ; 0 H/in                 ; 0 F/in                 ; short        ; open          ; open            ; open  ; 0 V                 ; -                  ; n/a           ; n/a             ; n/a         ;
; oHEX1[0] ; 2.5 V        ; 0 in              ; 0 H/in                  ; 0 F/in                  ; short         ; -                   ; open           ; open             ; open   ; 0 in             ; 0 H/in                 ; 0 F/in                 ; short        ; open          ; open            ; open  ; 0 V                 ; -                  ; n/a           ; n/a             ; n/a         ;
; oHEX1[1] ; 2.5 V        ; 0 in              ; 0 H/in                  ; 0 F/in                  ; short         ; -                   ; open           ; open             ; open   ; 0 in             ; 0 H/in                 ; 0 F/in                 ; short        ; open          ; open            ; open  ; 0 V                 ; -                  ; n/a           ; n/a             ; n/a         ;
; oHEX1[2] ; 2.5 V        ; 0 in              ; 0 H/in                  ; 0 F/in                  ; short         ; -                   ; open           ; open             ; open   ; 0 in             ; 0 H/in                 ; 0 F/in                 ; short        ; open          ; open            ; open  ; 0 V                 ; -                  ; n/a           ; n/a             ; n/a         ;
; oHEX1[3] ; 2.5 V        ; 0 in              ; 0 H/in                  ; 0 F/in                  ; short         ; -                   ; open           ; open             ; open   ; 0 in             ; 0 H/in                 ; 0 F/in                 ; short        ; open          ; open            ; open  ; 0 V                 ; -                  ; n/a           ; n/a             ; n/a         ;
; oHEX1[4] ; 2.5 V        ; 0 in              ; 0 H/in                  ; 0 F/in                  ; short         ; -                   ; open           ; open             ; open   ; 0 in             ; 0 H/in                 ; 0 F/in                 ; short        ; open          ; open            ; open  ; 0 V                 ; -                  ; n/a           ; n/a             ; n/a         ;
; oHEX1[5] ; 2.5 V        ; 0 in              ; 0 H/in                  ; 0 F/in                  ; short         ; -                   ; open           ; open             ; open   ; 0 in             ; 0 H/in                 ; 0 F/in                 ; short        ; open          ; open            ; open  ; 0 V                 ; -                  ; n/a           ; n/a             ; n/a         ;
; oHEX1[6] ; 2.5 V        ; 0 in              ; 0 H/in                  ; 0 F/in                  ; short         ; -                   ; open           ; open             ; open   ; 0 in             ; 0 H/in                 ; 0 F/in                 ; short        ; open          ; open            ; open  ; 0 V                 ; -                  ; n/a           ; n/a             ; n/a         ;
; oHEX5[0] ; 2.5 V        ; 0 in              ; 0 H/in                  ; 0 F/in                  ; short         ; -                   ; open           ; open             ; open   ; 0 in             ; 0 H/in                 ; 0 F/in                 ; short        ; open          ; open            ; open  ; 0 V                 ; -                  ; n/a           ; n/a             ; n/a         ;
; oHEX5[1] ; 2.5 V        ; 0 in              ; 0 H/in                  ; 0 F/in                  ; short         ; -                   ; open           ; open             ; open   ; 0 in             ; 0 H/in                 ; 0 F/in                 ; short        ; open          ; open            ; open  ; 0 V                 ; -                  ; n/a           ; n/a             ; n/a         ;
; oHEX5[2] ; 2.5 V        ; 0 in              ; 0 H/in                  ; 0 F/in                  ; short         ; -                   ; open           ; open             ; open   ; 0 in             ; 0 H/in                 ; 0 F/in                 ; short        ; open          ; open            ; open  ; 0 V                 ; -                  ; n/a           ; n/a             ; n/a         ;
; oHEX5[3] ; 2.5 V        ; 0 in              ; 0 H/in                  ; 0 F/in                  ; short         ; -                   ; open           ; open             ; open   ; 0 in             ; 0 H/in                 ; 0 F/in                 ; short        ; open          ; open            ; open  ; 0 V                 ; -                  ; n/a           ; n/a             ; n/a         ;
; oHEX5[4] ; 2.5 V        ; 0 in              ; 0 H/in                  ; 0 F/in                  ; short         ; -                   ; open           ; open             ; open   ; 0 in             ; 0 H/in                 ; 0 F/in                 ; short        ; open          ; open            ; open  ; 0 V                 ; -                  ; n/a           ; n/a             ; n/a         ;
; oHEX5[5] ; 2.5 V        ; 0 in              ; 0 H/in                  ; 0 F/in                  ; short         ; -                   ; open           ; open             ; open   ; 0 in             ; 0 H/in                 ; 0 F/in                 ; short        ; open          ; open            ; open  ; 0 V                 ; -                  ; n/a           ; n/a             ; n/a         ;
; oHEX5[6] ; 2.5 V        ; 0 in              ; 0 H/in                  ; 0 F/in                  ; short         ; -                   ; open           ; open             ; open   ; 0 in             ; 0 H/in                 ; 0 F/in                 ; short        ; open          ; open            ; open  ; 0 V                 ; -                  ; n/a           ; n/a             ; n/a         ;
+----------+--------------+-------------------+-------------------------+-------------------------+---------------+---------------------+----------------+------------------+--------+------------------+------------------------+------------------------+--------------+---------------+-----------------+-------+---------------------+--------------------+---------------+-----------------+-------------+


+------------------------------------------------------------+
; Input Transition Times                                     ;
+---------+--------------+-----------------+-----------------+
; Pin     ; I/O Standard ; 10-90 Rise Time ; 90-10 Fall Time ;
+---------+--------------+-----------------+-----------------+
; iBCD[0] ; 2.5 V        ; 2000 ps         ; 2000 ps         ;
; iBCD[3] ; 2.5 V        ; 2000 ps         ; 2000 ps         ;
; iBCD[1] ; 2.5 V        ; 2000 ps         ; 2000 ps         ;
; iBCD[2] ; 2.5 V        ; 2000 ps         ; 2000 ps         ;
+---------+--------------+-----------------+-----------------+


+---------------------------------------------------------------------------------------------------------------------------------------------------------------------------------------------------------------------------------------------------------------------------------------------------------------------------------------------------------------------------------------------------------------------------------------------------------------------------------------------------------------------------------------------------------------------------------------------------------------------------------------------------------------------------------------+
; Signal Integrity Metrics (Slow 1100mv 0c Model)                                                                                                                                                                                                                                                                                                                                                                                                                                                                                                                                                                                                                                       ;
+----------+--------------+---------------------+---------------------+------------------------------+------------------------------+---------------------+---------------------+--------------------------------------+--------------------------------------+-----------------------------+-----------------------------+----------------------------+----------------------------+-----------------------------+-----------------------------+--------------------+--------------------+-------------------------------------+-------------------------------------+----------------------------+----------------------------+---------------------------+---------------------------+
; Pin      ; I/O Standard ; Board Delay on Rise ; Board Delay on Fall ; Steady State Voh at FPGA Pin ; Steady State Vol at FPGA Pin ; Voh Max at FPGA Pin ; Vol Min at FPGA Pin ; Ringback Voltage on Rise at FPGA Pin ; Ringback Voltage on Fall at FPGA Pin ; 10-90 Rise Time at FPGA Pin ; 90-10 Fall Time at FPGA Pin ; Monotonic Rise at FPGA Pin ; Monotonic Fall at FPGA Pin ; Steady State Voh at Far-end ; Steady State Vol at Far-end ; Voh Max at Far-end ; Vol Min at Far-end ; Ringback Voltage on Rise at Far-end ; Ringback Voltage on Fall at Far-end ; 10-90 Rise Time at Far-end ; 90-10 Fall Time at Far-end ; Monotonic Rise at Far-end ; Monotonic Fall at Far-end ;
+----------+--------------+---------------------+---------------------+------------------------------+------------------------------+---------------------+---------------------+--------------------------------------+--------------------------------------+-----------------------------+-----------------------------+----------------------------+----------------------------+-----------------------------+-----------------------------+--------------------+--------------------+-------------------------------------+-------------------------------------+----------------------------+----------------------------+---------------------------+---------------------------+
; oLED[0]  ; 2.5 V        ; 0 s                 ; 0 s                 ; 2.32 V                       ; 2.15e-07 V                   ; 2.41 V              ; -0.0492 V           ; 0.181 V                              ; 0.116 V                              ; 4.54e-10 s                  ; 4.44e-10 s                  ; No                         ; Yes                        ; 2.32 V                      ; 2.15e-07 V                  ; 2.41 V             ; -0.0492 V          ; 0.181 V                             ; 0.116 V                             ; 4.54e-10 s                 ; 4.44e-10 s                 ; No                        ; Yes                       ;
; oLED[1]  ; 2.5 V        ; 0 s                 ; 0 s                 ; 2.32 V                       ; 2.15e-07 V                   ; 2.41 V              ; -0.0495 V           ; 0.18 V                               ; 0.115 V                              ; 4.54e-10 s                  ; 4.44e-10 s                  ; No                         ; Yes                        ; 2.32 V                      ; 2.15e-07 V                  ; 2.41 V             ; -0.0495 V          ; 0.18 V                              ; 0.115 V                             ; 4.54e-10 s                 ; 4.44e-10 s                 ; No                        ; Yes                       ;
; oLED[2]  ; 2.5 V        ; 0 s                 ; 0 s                 ; 2.32 V                       ; 1.88e-07 V                   ; 2.35 V              ; -0.0185 V           ; 0.153 V                              ; 0.099 V                              ; 4.6e-10 s                   ; 4.48e-10 s                  ; No                         ; Yes                        ; 2.32 V                      ; 1.88e-07 V                  ; 2.35 V             ; -0.0185 V          ; 0.153 V                             ; 0.099 V                             ; 4.6e-10 s                  ; 4.48e-10 s                 ; No                        ; Yes                       ;
; oLED[3]  ; 2.5 V        ; 0 s                 ; 0 s                 ; 2.32 V                       ; 2.19e-07 V                   ; 2.4 V               ; -0.039 V            ; 0.21 V                               ; 0.145 V                              ; 4.67e-10 s                  ; 4.63e-10 s                  ; No                         ; Yes                        ; 2.32 V                      ; 2.19e-07 V                  ; 2.4 V              ; -0.039 V           ; 0.21 V                              ; 0.145 V                             ; 4.67e-10 s                 ; 4.63e-10 s                 ; No                        ; Yes                       ;
; oHEX1[0] ; 2.5 V        ; 0 s                 ; 0 s                 ; 2.32 V                       ; 2.15e-07 V                   ; 2.41 V              ; -0.0492 V           ; 0.181 V                              ; 0.116 V                              ; 4.54e-10 s                  ; 4.44e-10 s                  ; No                         ; Yes                        ; 2.32 V                      ; 2.15e-07 V                  ; 2.41 V             ; -0.0492 V          ; 0.181 V                             ; 0.116 V                             ; 4.54e-10 s                 ; 4.44e-10 s                 ; No                        ; Yes                       ;
; oHEX1[1] ; 2.5 V        ; 0 s                 ; 0 s                 ; 2.32 V                       ; 2.15e-07 V                   ; 2.41 V              ; -0.0495 V           ; 0.18 V                               ; 0.115 V                              ; 4.54e-10 s                  ; 4.44e-10 s                  ; No                         ; Yes                        ; 2.32 V                      ; 2.15e-07 V                  ; 2.41 V             ; -0.0495 V          ; 0.18 V                              ; 0.115 V                             ; 4.54e-10 s                 ; 4.44e-10 s                 ; No                        ; Yes                       ;
; oHEX1[2] ; 2.5 V        ; 0 s                 ; 0 s                 ; 2.32 V                       ; 2.15e-07 V                   ; 2.41 V              ; -0.0495 V           ; 0.18 V                               ; 0.115 V                              ; 4.54e-10 s                  ; 4.44e-10 s                  ; No                         ; Yes                        ; 2.32 V                      ; 2.15e-07 V                  ; 2.41 V             ; -0.0495 V          ; 0.18 V                              ; 0.115 V                             ; 4.54e-10 s                 ; 4.44e-10 s                 ; No                        ; Yes                       ;
; oHEX1[3] ; 2.5 V        ; 0 s                 ; 0 s                 ; 2.32 V                       ; 2.15e-07 V                   ; 2.41 V              ; -0.0492 V           ; 0.181 V                              ; 0.116 V                              ; 4.54e-10 s                  ; 4.44e-10 s                  ; No                         ; Yes                        ; 2.32 V                      ; 2.15e-07 V                  ; 2.41 V             ; -0.0492 V          ; 0.181 V                             ; 0.116 V                             ; 4.54e-10 s                 ; 4.44e-10 s                 ; No                        ; Yes                       ;
; oHEX1[4] ; 2.5 V        ; 0 s                 ; 0 s                 ; 2.32 V                       ; 2.15e-07 V                   ; 2.41 V              ; -0.0492 V           ; 0.181 V                              ; 0.116 V                              ; 4.54e-10 s                  ; 4.44e-10 s                  ; No                         ; Yes                        ; 2.32 V                      ; 2.15e-07 V                  ; 2.41 V             ; -0.0492 V          ; 0.181 V                             ; 0.116 V                             ; 4.54e-10 s                 ; 4.44e-10 s                 ; No                        ; Yes                       ;
; oHEX1[5] ; 2.5 V        ; 0 s                 ; 0 s                 ; 2.32 V                       ; 2.15e-07 V                   ; 2.41 V              ; -0.0495 V           ; 0.18 V                               ; 0.115 V                              ; 4.54e-10 s                  ; 4.44e-10 s                  ; No                         ; Yes                        ; 2.32 V                      ; 2.15e-07 V                  ; 2.41 V             ; -0.0495 V          ; 0.18 V                              ; 0.115 V                             ; 4.54e-10 s                 ; 4.44e-10 s                 ; No                        ; Yes                       ;
; oHEX1[6] ; 2.5 V        ; 0 s                 ; 0 s                 ; 2.32 V                       ; 2.15e-07 V                   ; 2.41 V              ; -0.0495 V           ; 0.18 V                               ; 0.115 V                              ; 4.54e-10 s                  ; 4.44e-10 s                  ; No                         ; Yes                        ; 2.32 V                      ; 2.15e-07 V                  ; 2.41 V             ; -0.0495 V          ; 0.18 V                              ; 0.115 V                             ; 4.54e-10 s                 ; 4.44e-10 s                 ; No                        ; Yes                       ;
; oHEX5[0] ; 2.5 V        ; 0 s                 ; 0 s                 ; 2.32 V                       ; 2.19e-07 V                   ; 2.4 V               ; -0.039 V            ; 0.21 V                               ; 0.145 V                              ; 4.67e-10 s                  ; 4.63e-10 s                  ; No                         ; Yes                        ; 2.32 V                      ; 2.19e-07 V                  ; 2.4 V              ; -0.039 V           ; 0.21 V                              ; 0.145 V                             ; 4.67e-10 s                 ; 4.63e-10 s                 ; No                        ; Yes                       ;
; oHEX5[1] ; 2.5 V        ; 0 s                 ; 0 s                 ; 2.32 V                       ; 1.88e-07 V                   ; 2.35 V              ; -0.0185 V           ; 0.153 V                              ; 0.099 V                              ; 4.6e-10 s                   ; 4.48e-10 s                  ; No                         ; Yes                        ; 2.32 V                      ; 1.88e-07 V                  ; 2.35 V             ; -0.0185 V          ; 0.153 V                             ; 0.099 V                             ; 4.6e-10 s                  ; 4.48e-10 s                 ; No                        ; Yes                       ;
; oHEX5[2] ; 2.5 V        ; 0 s                 ; 0 s                 ; 2.32 V                       ; 1.88e-07 V                   ; 2.35 V              ; -0.0185 V           ; 0.153 V                              ; 0.099 V                              ; 4.6e-10 s                   ; 4.48e-10 s                  ; No                         ; Yes                        ; 2.32 V                      ; 1.88e-07 V                  ; 2.35 V             ; -0.0185 V          ; 0.153 V                             ; 0.099 V                             ; 4.6e-10 s                  ; 4.48e-10 s                 ; No                        ; Yes                       ;
; oHEX5[3] ; 2.5 V        ; 0 s                 ; 0 s                 ; 2.32 V                       ; 1.88e-07 V                   ; 2.35 V              ; -0.0185 V           ; 0.153 V                              ; 0.099 V                              ; 4.6e-10 s                   ; 4.48e-10 s                  ; No                         ; Yes                        ; 2.32 V                      ; 1.88e-07 V                  ; 2.35 V             ; -0.0185 V          ; 0.153 V                             ; 0.099 V                             ; 4.6e-10 s                  ; 4.48e-10 s                 ; No                        ; Yes                       ;
; oHEX5[4] ; 2.5 V        ; 0 s                 ; 0 s                 ; 2.32 V                       ; 2.15e-07 V                   ; 2.41 V              ; -0.0495 V           ; 0.18 V                               ; 0.115 V                              ; 4.54e-10 s                  ; 4.44e-10 s                  ; No                         ; Yes                        ; 2.32 V                      ; 2.15e-07 V                  ; 2.41 V             ; -0.0495 V          ; 0.18 V                              ; 0.115 V                             ; 4.54e-10 s                 ; 4.44e-10 s                 ; No                        ; Yes                       ;
; oHEX5[5] ; 2.5 V        ; 0 s                 ; 0 s                 ; 2.32 V                       ; 2.15e-07 V                   ; 2.41 V              ; -0.0492 V           ; 0.181 V                              ; 0.116 V                              ; 4.54e-10 s                  ; 4.44e-10 s                  ; No                         ; Yes                        ; 2.32 V                      ; 2.15e-07 V                  ; 2.41 V             ; -0.0492 V          ; 0.181 V                             ; 0.116 V                             ; 4.54e-10 s                 ; 4.44e-10 s                 ; No                        ; Yes                       ;
; oHEX5[6] ; 2.5 V        ; 0 s                 ; 0 s                 ; 2.32 V                       ; 2.19e-07 V                   ; 2.4 V               ; -0.039 V            ; 0.21 V                               ; 0.145 V                              ; 4.67e-10 s                  ; 4.63e-10 s                  ; No                         ; Yes                        ; 2.32 V                      ; 2.19e-07 V                  ; 2.4 V              ; -0.039 V           ; 0.21 V                              ; 0.145 V                             ; 4.67e-10 s                 ; 4.63e-10 s                 ; No                        ; Yes                       ;
+----------+--------------+---------------------+---------------------+------------------------------+------------------------------+---------------------+---------------------+--------------------------------------+--------------------------------------+-----------------------------+-----------------------------+----------------------------+----------------------------+-----------------------------+-----------------------------+--------------------+--------------------+-------------------------------------+-------------------------------------+----------------------------+----------------------------+---------------------------+---------------------------+


+---------------------------------------------------------------------------------------------------------------------------------------------------------------------------------------------------------------------------------------------------------------------------------------------------------------------------------------------------------------------------------------------------------------------------------------------------------------------------------------------------------------------------------------------------------------------------------------------------------------------------------------------------------------------------------------+
; Signal Integrity Metrics (Slow 1100mv 85c Model)                                                                                                                                                                                                                                                                                                                                                                                                                                                                                                                                                                                                                                      ;
+----------+--------------+---------------------+---------------------+------------------------------+------------------------------+---------------------+---------------------+--------------------------------------+--------------------------------------+-----------------------------+-----------------------------+----------------------------+----------------------------+-----------------------------+-----------------------------+--------------------+--------------------+-------------------------------------+-------------------------------------+----------------------------+----------------------------+---------------------------+---------------------------+
; Pin      ; I/O Standard ; Board Delay on Rise ; Board Delay on Fall ; Steady State Voh at FPGA Pin ; Steady State Vol at FPGA Pin ; Voh Max at FPGA Pin ; Vol Min at FPGA Pin ; Ringback Voltage on Rise at FPGA Pin ; Ringback Voltage on Fall at FPGA Pin ; 10-90 Rise Time at FPGA Pin ; 90-10 Fall Time at FPGA Pin ; Monotonic Rise at FPGA Pin ; Monotonic Fall at FPGA Pin ; Steady State Voh at Far-end ; Steady State Vol at Far-end ; Voh Max at Far-end ; Vol Min at Far-end ; Ringback Voltage on Rise at Far-end ; Ringback Voltage on Fall at Far-end ; 10-90 Rise Time at Far-end ; 90-10 Fall Time at Far-end ; Monotonic Rise at Far-end ; Monotonic Fall at Far-end ;
+----------+--------------+---------------------+---------------------+------------------------------+------------------------------+---------------------+---------------------+--------------------------------------+--------------------------------------+-----------------------------+-----------------------------+----------------------------+----------------------------+-----------------------------+-----------------------------+--------------------+--------------------+-------------------------------------+-------------------------------------+----------------------------+----------------------------+---------------------------+---------------------------+
; oLED[0]  ; 2.5 V        ; 0 s                 ; 0 s                 ; 2.32 V                       ; 2.52e-05 V                   ; 2.38 V              ; -0.032 V            ; 0.204 V                              ; 0.181 V                              ; 4.74e-10 s                  ; 4.85e-10 s                  ; No                         ; Yes                        ; 2.32 V                      ; 2.52e-05 V                  ; 2.38 V             ; -0.032 V           ; 0.204 V                             ; 0.181 V                             ; 4.74e-10 s                 ; 4.85e-10 s                 ; No                        ; Yes                       ;
; oLED[1]  ; 2.5 V        ; 0 s                 ; 0 s                 ; 2.32 V                       ; 2.52e-05 V                   ; 2.38 V              ; -0.0315 V           ; 0.205 V                              ; 0.182 V                              ; 4.74e-10 s                  ; 4.85e-10 s                  ; No                         ; Yes                        ; 2.32 V                      ; 2.52e-05 V                  ; 2.38 V             ; -0.0315 V          ; 0.205 V                             ; 0.182 V                             ; 4.74e-10 s                 ; 4.85e-10 s                 ; No                        ; Yes                       ;
; oLED[2]  ; 2.5 V        ; 0 s                 ; 0 s                 ; 2.32 V                       ; 2.27e-05 V                   ; 2.34 V              ; -0.0089 V           ; 0.206 V                              ; 0.058 V                              ; 4.97e-10 s                  ; 5.13e-10 s                  ; Yes                        ; Yes                        ; 2.32 V                      ; 2.27e-05 V                  ; 2.34 V             ; -0.0089 V          ; 0.206 V                             ; 0.058 V                             ; 4.97e-10 s                 ; 5.13e-10 s                 ; Yes                       ; Yes                       ;
; oLED[3]  ; 2.5 V        ; 0 s                 ; 0 s                 ; 2.32 V                       ; 2.56e-05 V                   ; 2.38 V              ; -0.026 V            ; 0.249 V                              ; 0.089 V                              ; 4.95e-10 s                  ; 6.01e-10 s                  ; No                         ; Yes                        ; 2.32 V                      ; 2.56e-05 V                  ; 2.38 V             ; -0.026 V           ; 0.249 V                             ; 0.089 V                             ; 4.95e-10 s                 ; 6.01e-10 s                 ; No                        ; Yes                       ;
; oHEX1[0] ; 2.5 V        ; 0 s                 ; 0 s                 ; 2.32 V                       ; 2.52e-05 V                   ; 2.38 V              ; -0.032 V            ; 0.204 V                              ; 0.181 V                              ; 4.74e-10 s                  ; 4.85e-10 s                  ; No                         ; Yes                        ; 2.32 V                      ; 2.52e-05 V                  ; 2.38 V             ; -0.032 V           ; 0.204 V                             ; 0.181 V                             ; 4.74e-10 s                 ; 4.85e-10 s                 ; No                        ; Yes                       ;
; oHEX1[1] ; 2.5 V        ; 0 s                 ; 0 s                 ; 2.32 V                       ; 2.52e-05 V                   ; 2.38 V              ; -0.0315 V           ; 0.205 V                              ; 0.182 V                              ; 4.74e-10 s                  ; 4.85e-10 s                  ; No                         ; Yes                        ; 2.32 V                      ; 2.52e-05 V                  ; 2.38 V             ; -0.0315 V          ; 0.205 V                             ; 0.182 V                             ; 4.74e-10 s                 ; 4.85e-10 s                 ; No                        ; Yes                       ;
; oHEX1[2] ; 2.5 V        ; 0 s                 ; 0 s                 ; 2.32 V                       ; 2.52e-05 V                   ; 2.38 V              ; -0.0315 V           ; 0.205 V                              ; 0.182 V                              ; 4.74e-10 s                  ; 4.85e-10 s                  ; No                         ; Yes                        ; 2.32 V                      ; 2.52e-05 V                  ; 2.38 V             ; -0.0315 V          ; 0.205 V                             ; 0.182 V                             ; 4.74e-10 s                 ; 4.85e-10 s                 ; No                        ; Yes                       ;
; oHEX1[3] ; 2.5 V        ; 0 s                 ; 0 s                 ; 2.32 V                       ; 2.52e-05 V                   ; 2.38 V              ; -0.032 V            ; 0.204 V                              ; 0.181 V                              ; 4.74e-10 s                  ; 4.85e-10 s                  ; No                         ; Yes                        ; 2.32 V                      ; 2.52e-05 V                  ; 2.38 V             ; -0.032 V           ; 0.204 V                             ; 0.181 V                             ; 4.74e-10 s                 ; 4.85e-10 s                 ; No                        ; Yes                       ;
; oHEX1[4] ; 2.5 V        ; 0 s                 ; 0 s                 ; 2.32 V                       ; 2.52e-05 V                   ; 2.38 V              ; -0.032 V            ; 0.204 V                              ; 0.181 V                              ; 4.74e-10 s                  ; 4.85e-10 s                  ; No                         ; Yes                        ; 2.32 V                      ; 2.52e-05 V                  ; 2.38 V             ; -0.032 V           ; 0.204 V                             ; 0.181 V                             ; 4.74e-10 s                 ; 4.85e-10 s                 ; No                        ; Yes                       ;
; oHEX1[5] ; 2.5 V        ; 0 s                 ; 0 s                 ; 2.32 V                       ; 2.52e-05 V                   ; 2.38 V              ; -0.0315 V           ; 0.205 V                              ; 0.182 V                              ; 4.74e-10 s                  ; 4.85e-10 s                  ; No                         ; Yes                        ; 2.32 V                      ; 2.52e-05 V                  ; 2.38 V             ; -0.0315 V          ; 0.205 V                             ; 0.182 V                             ; 4.74e-10 s                 ; 4.85e-10 s                 ; No                        ; Yes                       ;
; oHEX1[6] ; 2.5 V        ; 0 s                 ; 0 s                 ; 2.32 V                       ; 2.52e-05 V                   ; 2.38 V              ; -0.0315 V           ; 0.205 V                              ; 0.182 V                              ; 4.74e-10 s                  ; 4.85e-10 s                  ; No                         ; Yes                        ; 2.32 V                      ; 2.52e-05 V                  ; 2.38 V             ; -0.0315 V          ; 0.205 V                             ; 0.182 V                             ; 4.74e-10 s                 ; 4.85e-10 s                 ; No                        ; Yes                       ;
; oHEX5[0] ; 2.5 V        ; 0 s                 ; 0 s                 ; 2.32 V                       ; 2.56e-05 V                   ; 2.38 V              ; -0.026 V            ; 0.249 V                              ; 0.089 V                              ; 4.95e-10 s                  ; 6.01e-10 s                  ; No                         ; Yes                        ; 2.32 V                      ; 2.56e-05 V                  ; 2.38 V             ; -0.026 V           ; 0.249 V                             ; 0.089 V                             ; 4.95e-10 s                 ; 6.01e-10 s                 ; No                        ; Yes                       ;
; oHEX5[1] ; 2.5 V        ; 0 s                 ; 0 s                 ; 2.32 V                       ; 2.27e-05 V                   ; 2.34 V              ; -0.0089 V           ; 0.206 V                              ; 0.058 V                              ; 4.97e-10 s                  ; 5.13e-10 s                  ; Yes                        ; Yes                        ; 2.32 V                      ; 2.27e-05 V                  ; 2.34 V             ; -0.0089 V          ; 0.206 V                             ; 0.058 V                             ; 4.97e-10 s                 ; 5.13e-10 s                 ; Yes                       ; Yes                       ;
; oHEX5[2] ; 2.5 V        ; 0 s                 ; 0 s                 ; 2.32 V                       ; 2.27e-05 V                   ; 2.34 V              ; -0.0089 V           ; 0.206 V                              ; 0.058 V                              ; 4.97e-10 s                  ; 5.13e-10 s                  ; Yes                        ; Yes                        ; 2.32 V                      ; 2.27e-05 V                  ; 2.34 V             ; -0.0089 V          ; 0.206 V                             ; 0.058 V                             ; 4.97e-10 s                 ; 5.13e-10 s                 ; Yes                       ; Yes                       ;
; oHEX5[3] ; 2.5 V        ; 0 s                 ; 0 s                 ; 2.32 V                       ; 2.27e-05 V                   ; 2.34 V              ; -0.0089 V           ; 0.206 V                              ; 0.058 V                              ; 4.97e-10 s                  ; 5.13e-10 s                  ; Yes                        ; Yes                        ; 2.32 V                      ; 2.27e-05 V                  ; 2.34 V             ; -0.0089 V          ; 0.206 V                             ; 0.058 V                             ; 4.97e-10 s                 ; 5.13e-10 s                 ; Yes                       ; Yes                       ;
; oHEX5[4] ; 2.5 V        ; 0 s                 ; 0 s                 ; 2.32 V                       ; 2.52e-05 V                   ; 2.38 V              ; -0.0315 V           ; 0.205 V                              ; 0.182 V                              ; 4.74e-10 s                  ; 4.85e-10 s                  ; No                         ; Yes                        ; 2.32 V                      ; 2.52e-05 V                  ; 2.38 V             ; -0.0315 V          ; 0.205 V                             ; 0.182 V                             ; 4.74e-10 s                 ; 4.85e-10 s                 ; No                        ; Yes                       ;
; oHEX5[5] ; 2.5 V        ; 0 s                 ; 0 s                 ; 2.32 V                       ; 2.52e-05 V                   ; 2.38 V              ; -0.032 V            ; 0.204 V                              ; 0.181 V                              ; 4.74e-10 s                  ; 4.85e-10 s                  ; No                         ; Yes                        ; 2.32 V                      ; 2.52e-05 V                  ; 2.38 V             ; -0.032 V           ; 0.204 V                             ; 0.181 V                             ; 4.74e-10 s                 ; 4.85e-10 s                 ; No                        ; Yes                       ;
; oHEX5[6] ; 2.5 V        ; 0 s                 ; 0 s                 ; 2.32 V                       ; 2.56e-05 V                   ; 2.38 V              ; -0.026 V            ; 0.249 V                              ; 0.089 V                              ; 4.95e-10 s                  ; 6.01e-10 s                  ; No                         ; Yes                        ; 2.32 V                      ; 2.56e-05 V                  ; 2.38 V             ; -0.026 V           ; 0.249 V                             ; 0.089 V                             ; 4.95e-10 s                 ; 6.01e-10 s                 ; No                        ; Yes                       ;
+----------+--------------+---------------------+---------------------+------------------------------+------------------------------+---------------------+---------------------+--------------------------------------+--------------------------------------+-----------------------------+-----------------------------+----------------------------+----------------------------+-----------------------------+-----------------------------+--------------------+--------------------+-------------------------------------+-------------------------------------+----------------------------+----------------------------+---------------------------+---------------------------+


+---------------------------------------------------------------------------------------------------------------------------------------------------------------------------------------------------------------------------------------------------------------------------------------------------------------------------------------------------------------------------------------------------------------------------------------------------------------------------------------------------------------------------------------------------------------------------------------------------------------------------------------------------------------------------------------+
; Signal Integrity Metrics (Fast 1100mv 0c Model)                                                                                                                                                                                                                                                                                                                                                                                                                                                                                                                                                                                                                                       ;
+----------+--------------+---------------------+---------------------+------------------------------+------------------------------+---------------------+---------------------+--------------------------------------+--------------------------------------+-----------------------------+-----------------------------+----------------------------+----------------------------+-----------------------------+-----------------------------+--------------------+--------------------+-------------------------------------+-------------------------------------+----------------------------+----------------------------+---------------------------+---------------------------+
; Pin      ; I/O Standard ; Board Delay on Rise ; Board Delay on Fall ; Steady State Voh at FPGA Pin ; Steady State Vol at FPGA Pin ; Voh Max at FPGA Pin ; Vol Min at FPGA Pin ; Ringback Voltage on Rise at FPGA Pin ; Ringback Voltage on Fall at FPGA Pin ; 10-90 Rise Time at FPGA Pin ; 90-10 Fall Time at FPGA Pin ; Monotonic Rise at FPGA Pin ; Monotonic Fall at FPGA Pin ; Steady State Voh at Far-end ; Steady State Vol at Far-end ; Voh Max at Far-end ; Vol Min at Far-end ; Ringback Voltage on Rise at Far-end ; Ringback Voltage on Fall at Far-end ; 10-90 Rise Time at Far-end ; 90-10 Fall Time at Far-end ; Monotonic Rise at Far-end ; Monotonic Fall at Far-end ;
+----------+--------------+---------------------+---------------------+------------------------------+------------------------------+---------------------+---------------------+--------------------------------------+--------------------------------------+-----------------------------+-----------------------------+----------------------------+----------------------------+-----------------------------+-----------------------------+--------------------+--------------------+-------------------------------------+-------------------------------------+----------------------------+----------------------------+---------------------------+---------------------------+
; oLED[0]  ; 2.5 V        ; 0 s                 ; 0 s                 ; 2.75 V                       ; 4.14e-06 V                   ; 2.91 V              ; -0.119 V            ; 0.326 V                              ; 0.298 V                              ; 2.74e-10 s                  ; 2.8e-10 s                   ; No                         ; No                         ; 2.75 V                      ; 4.14e-06 V                  ; 2.91 V             ; -0.119 V           ; 0.326 V                             ; 0.298 V                             ; 2.74e-10 s                 ; 2.8e-10 s                  ; No                        ; No                        ;
; oLED[1]  ; 2.5 V        ; 0 s                 ; 0 s                 ; 2.75 V                       ; 4.14e-06 V                   ; 2.91 V              ; -0.121 V            ; 0.326 V                              ; 0.297 V                              ; 2.74e-10 s                  ; 2.8e-10 s                   ; No                         ; No                         ; 2.75 V                      ; 4.14e-06 V                  ; 2.91 V             ; -0.121 V           ; 0.326 V                             ; 0.297 V                             ; 2.74e-10 s                 ; 2.8e-10 s                  ; No                        ; No                        ;
; oLED[2]  ; 2.5 V        ; 0 s                 ; 0 s                 ; 2.75 V                       ; 3.54e-06 V                   ; 2.81 V              ; -0.0578 V           ; 0.303 V                              ; 0.28 V                               ; 2.93e-10 s                  ; 3.01e-10 s                  ; No                         ; No                         ; 2.75 V                      ; 3.54e-06 V                  ; 2.81 V             ; -0.0578 V          ; 0.303 V                             ; 0.28 V                              ; 2.93e-10 s                 ; 3.01e-10 s                 ; No                        ; No                        ;
; oLED[3]  ; 2.5 V        ; 0 s                 ; 0 s                 ; 2.75 V                       ; 4.25e-06 V                   ; 2.9 V               ; -0.107 V            ; 0.378 V                              ; 0.16 V                               ; 2.87e-10 s                  ; 4.28e-10 s                  ; No                         ; No                         ; 2.75 V                      ; 4.25e-06 V                  ; 2.9 V              ; -0.107 V           ; 0.378 V                             ; 0.16 V                              ; 2.87e-10 s                 ; 4.28e-10 s                 ; No                        ; No                        ;
; oHEX1[0] ; 2.5 V        ; 0 s                 ; 0 s                 ; 2.75 V                       ; 4.14e-06 V                   ; 2.91 V              ; -0.119 V            ; 0.326 V                              ; 0.298 V                              ; 2.74e-10 s                  ; 2.8e-10 s                   ; No                         ; No                         ; 2.75 V                      ; 4.14e-06 V                  ; 2.91 V             ; -0.119 V           ; 0.326 V                             ; 0.298 V                             ; 2.74e-10 s                 ; 2.8e-10 s                  ; No                        ; No                        ;
; oHEX1[1] ; 2.5 V        ; 0 s                 ; 0 s                 ; 2.75 V                       ; 4.14e-06 V                   ; 2.91 V              ; -0.121 V            ; 0.326 V                              ; 0.297 V                              ; 2.74e-10 s                  ; 2.8e-10 s                   ; No                         ; No                         ; 2.75 V                      ; 4.14e-06 V                  ; 2.91 V             ; -0.121 V           ; 0.326 V                             ; 0.297 V                             ; 2.74e-10 s                 ; 2.8e-10 s                  ; No                        ; No                        ;
; oHEX1[2] ; 2.5 V        ; 0 s                 ; 0 s                 ; 2.75 V                       ; 4.14e-06 V                   ; 2.91 V              ; -0.121 V            ; 0.326 V                              ; 0.297 V                              ; 2.74e-10 s                  ; 2.8e-10 s                   ; No                         ; No                         ; 2.75 V                      ; 4.14e-06 V                  ; 2.91 V             ; -0.121 V           ; 0.326 V                             ; 0.297 V                             ; 2.74e-10 s                 ; 2.8e-10 s                  ; No                        ; No                        ;
; oHEX1[3] ; 2.5 V        ; 0 s                 ; 0 s                 ; 2.75 V                       ; 4.14e-06 V                   ; 2.91 V              ; -0.119 V            ; 0.326 V                              ; 0.298 V                              ; 2.74e-10 s                  ; 2.8e-10 s                   ; No                         ; No                         ; 2.75 V                      ; 4.14e-06 V                  ; 2.91 V             ; -0.119 V           ; 0.326 V                             ; 0.298 V                             ; 2.74e-10 s                 ; 2.8e-10 s                  ; No                        ; No                        ;
; oHEX1[4] ; 2.5 V        ; 0 s                 ; 0 s                 ; 2.75 V                       ; 4.14e-06 V                   ; 2.91 V              ; -0.119 V            ; 0.326 V                              ; 0.298 V                              ; 2.74e-10 s                  ; 2.8e-10 s                   ; No                         ; No                         ; 2.75 V                      ; 4.14e-06 V                  ; 2.91 V             ; -0.119 V           ; 0.326 V                             ; 0.298 V                             ; 2.74e-10 s                 ; 2.8e-10 s                  ; No                        ; No                        ;
; oHEX1[5] ; 2.5 V        ; 0 s                 ; 0 s                 ; 2.75 V                       ; 4.14e-06 V                   ; 2.91 V              ; -0.121 V            ; 0.326 V                              ; 0.297 V                              ; 2.74e-10 s                  ; 2.8e-10 s                   ; No                         ; No                         ; 2.75 V                      ; 4.14e-06 V                  ; 2.91 V             ; -0.121 V           ; 0.326 V                             ; 0.297 V                             ; 2.74e-10 s                 ; 2.8e-10 s                  ; No                        ; No                        ;
; oHEX1[6] ; 2.5 V        ; 0 s                 ; 0 s                 ; 2.75 V                       ; 4.14e-06 V                   ; 2.91 V              ; -0.121 V            ; 0.326 V                              ; 0.297 V                              ; 2.74e-10 s                  ; 2.8e-10 s                   ; No                         ; No                         ; 2.75 V                      ; 4.14e-06 V                  ; 2.91 V             ; -0.121 V           ; 0.326 V                             ; 0.297 V                             ; 2.74e-10 s                 ; 2.8e-10 s                  ; No                        ; No                        ;
; oHEX5[0] ; 2.5 V        ; 0 s                 ; 0 s                 ; 2.75 V                       ; 4.25e-06 V                   ; 2.9 V               ; -0.107 V            ; 0.378 V                              ; 0.16 V                               ; 2.87e-10 s                  ; 4.28e-10 s                  ; No                         ; No                         ; 2.75 V                      ; 4.25e-06 V                  ; 2.9 V              ; -0.107 V           ; 0.378 V                             ; 0.16 V                              ; 2.87e-10 s                 ; 4.28e-10 s                 ; No                        ; No                        ;
; oHEX5[1] ; 2.5 V        ; 0 s                 ; 0 s                 ; 2.75 V                       ; 3.54e-06 V                   ; 2.81 V              ; -0.0578 V           ; 0.303 V                              ; 0.28 V                               ; 2.93e-10 s                  ; 3.01e-10 s                  ; No                         ; No                         ; 2.75 V                      ; 3.54e-06 V                  ; 2.81 V             ; -0.0578 V          ; 0.303 V                             ; 0.28 V                              ; 2.93e-10 s                 ; 3.01e-10 s                 ; No                        ; No                        ;
; oHEX5[2] ; 2.5 V        ; 0 s                 ; 0 s                 ; 2.75 V                       ; 3.54e-06 V                   ; 2.81 V              ; -0.0578 V           ; 0.303 V                              ; 0.28 V                               ; 2.93e-10 s                  ; 3.01e-10 s                  ; No                         ; No                         ; 2.75 V                      ; 3.54e-06 V                  ; 2.81 V             ; -0.0578 V          ; 0.303 V                             ; 0.28 V                              ; 2.93e-10 s                 ; 3.01e-10 s                 ; No                        ; No                        ;
; oHEX5[3] ; 2.5 V        ; 0 s                 ; 0 s                 ; 2.75 V                       ; 3.54e-06 V                   ; 2.81 V              ; -0.0578 V           ; 0.303 V                              ; 0.28 V                               ; 2.93e-10 s                  ; 3.01e-10 s                  ; No                         ; No                         ; 2.75 V                      ; 3.54e-06 V                  ; 2.81 V             ; -0.0578 V          ; 0.303 V                             ; 0.28 V                              ; 2.93e-10 s                 ; 3.01e-10 s                 ; No                        ; No                        ;
; oHEX5[4] ; 2.5 V        ; 0 s                 ; 0 s                 ; 2.75 V                       ; 4.14e-06 V                   ; 2.91 V              ; -0.121 V            ; 0.326 V                              ; 0.297 V                              ; 2.74e-10 s                  ; 2.8e-10 s                   ; No                         ; No                         ; 2.75 V                      ; 4.14e-06 V                  ; 2.91 V             ; -0.121 V           ; 0.326 V                             ; 0.297 V                             ; 2.74e-10 s                 ; 2.8e-10 s                  ; No                        ; No                        ;
; oHEX5[5] ; 2.5 V        ; 0 s                 ; 0 s                 ; 2.75 V                       ; 4.14e-06 V                   ; 2.91 V              ; -0.119 V            ; 0.326 V                              ; 0.298 V                              ; 2.74e-10 s                  ; 2.8e-10 s                   ; No                         ; No                         ; 2.75 V                      ; 4.14e-06 V                  ; 2.91 V             ; -0.119 V           ; 0.326 V                             ; 0.298 V                             ; 2.74e-10 s                 ; 2.8e-10 s                  ; No                        ; No                        ;
; oHEX5[6] ; 2.5 V        ; 0 s                 ; 0 s                 ; 2.75 V                       ; 4.25e-06 V                   ; 2.9 V               ; -0.107 V            ; 0.378 V                              ; 0.16 V                               ; 2.87e-10 s                  ; 4.28e-10 s                  ; No                         ; No                         ; 2.75 V                      ; 4.25e-06 V                  ; 2.9 V              ; -0.107 V           ; 0.378 V                             ; 0.16 V                              ; 2.87e-10 s                 ; 4.28e-10 s                 ; No                        ; No                        ;
+----------+--------------+---------------------+---------------------+------------------------------+------------------------------+---------------------+---------------------+--------------------------------------+--------------------------------------+-----------------------------+-----------------------------+----------------------------+----------------------------+-----------------------------+-----------------------------+--------------------+--------------------+-------------------------------------+-------------------------------------+----------------------------+----------------------------+---------------------------+---------------------------+


+---------------------------------------------------------------------------------------------------------------------------------------------------------------------------------------------------------------------------------------------------------------------------------------------------------------------------------------------------------------------------------------------------------------------------------------------------------------------------------------------------------------------------------------------------------------------------------------------------------------------------------------------------------------------------------------+
; Signal Integrity Metrics (Fast 1100mv 85c Model)                                                                                                                                                                                                                                                                                                                                                                                                                                                                                                                                                                                                                                      ;
+----------+--------------+---------------------+---------------------+------------------------------+------------------------------+---------------------+---------------------+--------------------------------------+--------------------------------------+-----------------------------+-----------------------------+----------------------------+----------------------------+-----------------------------+-----------------------------+--------------------+--------------------+-------------------------------------+-------------------------------------+----------------------------+----------------------------+---------------------------+---------------------------+
; Pin      ; I/O Standard ; Board Delay on Rise ; Board Delay on Fall ; Steady State Voh at FPGA Pin ; Steady State Vol at FPGA Pin ; Voh Max at FPGA Pin ; Vol Min at FPGA Pin ; Ringback Voltage on Rise at FPGA Pin ; Ringback Voltage on Fall at FPGA Pin ; 10-90 Rise Time at FPGA Pin ; 90-10 Fall Time at FPGA Pin ; Monotonic Rise at FPGA Pin ; Monotonic Fall at FPGA Pin ; Steady State Voh at Far-end ; Steady State Vol at Far-end ; Voh Max at Far-end ; Vol Min at Far-end ; Ringback Voltage on Rise at Far-end ; Ringback Voltage on Fall at Far-end ; 10-90 Rise Time at Far-end ; 90-10 Fall Time at Far-end ; Monotonic Rise at Far-end ; Monotonic Fall at Far-end ;
+----------+--------------+---------------------+---------------------+------------------------------+------------------------------+---------------------+---------------------+--------------------------------------+--------------------------------------+-----------------------------+-----------------------------+----------------------------+----------------------------+-----------------------------+-----------------------------+--------------------+--------------------+-------------------------------------+-------------------------------------+----------------------------+----------------------------+---------------------------+---------------------------+
; oLED[0]  ; 2.5 V        ; 0 s                 ; 0 s                 ; 2.75 V                       ; 0.000242 V                   ; 2.86 V              ; -0.0805 V           ; 0.358 V                              ; 0.156 V                              ; 3.01e-10 s                  ; 4.34e-10 s                  ; No                         ; No                         ; 2.75 V                      ; 0.000242 V                  ; 2.86 V             ; -0.0805 V          ; 0.358 V                             ; 0.156 V                             ; 3.01e-10 s                 ; 4.34e-10 s                 ; No                        ; No                        ;
; oLED[1]  ; 2.5 V        ; 0 s                 ; 0 s                 ; 2.75 V                       ; 0.000242 V                   ; 2.86 V              ; -0.0814 V           ; 0.36 V                               ; 0.156 V                              ; 3e-10 s                     ; 4.34e-10 s                  ; No                         ; No                         ; 2.75 V                      ; 0.000242 V                  ; 2.86 V             ; -0.0814 V          ; 0.36 V                              ; 0.156 V                             ; 3e-10 s                    ; 4.34e-10 s                 ; No                        ; No                        ;
; oLED[2]  ; 2.5 V        ; 0 s                 ; 0 s                 ; 2.75 V                       ; 0.000213 V                   ; 2.79 V              ; -0.0324 V           ; 0.139 V                              ; 0.119 V                              ; 4.42e-10 s                  ; 4.33e-10 s                  ; No                         ; Yes                        ; 2.75 V                      ; 0.000213 V                  ; 2.79 V             ; -0.0324 V          ; 0.139 V                             ; 0.119 V                             ; 4.42e-10 s                 ; 4.33e-10 s                 ; No                        ; Yes                       ;
; oLED[3]  ; 2.5 V        ; 0 s                 ; 0 s                 ; 2.75 V                       ; 0.000247 V                   ; 2.85 V              ; -0.0711 V           ; 0.204 V                              ; 0.181 V                              ; 4.55e-10 s                  ; 4.49e-10 s                  ; No                         ; No                         ; 2.75 V                      ; 0.000247 V                  ; 2.85 V             ; -0.0711 V          ; 0.204 V                             ; 0.181 V                             ; 4.55e-10 s                 ; 4.49e-10 s                 ; No                        ; No                        ;
; oHEX1[0] ; 2.5 V        ; 0 s                 ; 0 s                 ; 2.75 V                       ; 0.000242 V                   ; 2.86 V              ; -0.0805 V           ; 0.358 V                              ; 0.156 V                              ; 3.01e-10 s                  ; 4.34e-10 s                  ; No                         ; No                         ; 2.75 V                      ; 0.000242 V                  ; 2.86 V             ; -0.0805 V          ; 0.358 V                             ; 0.156 V                             ; 3.01e-10 s                 ; 4.34e-10 s                 ; No                        ; No                        ;
; oHEX1[1] ; 2.5 V        ; 0 s                 ; 0 s                 ; 2.75 V                       ; 0.000242 V                   ; 2.86 V              ; -0.0814 V           ; 0.36 V                               ; 0.156 V                              ; 3e-10 s                     ; 4.34e-10 s                  ; No                         ; No                         ; 2.75 V                      ; 0.000242 V                  ; 2.86 V             ; -0.0814 V          ; 0.36 V                              ; 0.156 V                             ; 3e-10 s                    ; 4.34e-10 s                 ; No                        ; No                        ;
; oHEX1[2] ; 2.5 V        ; 0 s                 ; 0 s                 ; 2.75 V                       ; 0.000242 V                   ; 2.86 V              ; -0.0814 V           ; 0.36 V                               ; 0.156 V                              ; 3e-10 s                     ; 4.34e-10 s                  ; No                         ; No                         ; 2.75 V                      ; 0.000242 V                  ; 2.86 V             ; -0.0814 V          ; 0.36 V                              ; 0.156 V                             ; 3e-10 s                    ; 4.34e-10 s                 ; No                        ; No                        ;
; oHEX1[3] ; 2.5 V        ; 0 s                 ; 0 s                 ; 2.75 V                       ; 0.000242 V                   ; 2.86 V              ; -0.0805 V           ; 0.358 V                              ; 0.156 V                              ; 3.01e-10 s                  ; 4.34e-10 s                  ; No                         ; No                         ; 2.75 V                      ; 0.000242 V                  ; 2.86 V             ; -0.0805 V          ; 0.358 V                             ; 0.156 V                             ; 3.01e-10 s                 ; 4.34e-10 s                 ; No                        ; No                        ;
; oHEX1[4] ; 2.5 V        ; 0 s                 ; 0 s                 ; 2.75 V                       ; 0.000242 V                   ; 2.86 V              ; -0.0805 V           ; 0.358 V                              ; 0.156 V                              ; 3.01e-10 s                  ; 4.34e-10 s                  ; No                         ; No                         ; 2.75 V                      ; 0.000242 V                  ; 2.86 V             ; -0.0805 V          ; 0.358 V                             ; 0.156 V                             ; 3.01e-10 s                 ; 4.34e-10 s                 ; No                        ; No                        ;
; oHEX1[5] ; 2.5 V        ; 0 s                 ; 0 s                 ; 2.75 V                       ; 0.000242 V                   ; 2.86 V              ; -0.0814 V           ; 0.36 V                               ; 0.156 V                              ; 3e-10 s                     ; 4.34e-10 s                  ; No                         ; No                         ; 2.75 V                      ; 0.000242 V                  ; 2.86 V             ; -0.0814 V          ; 0.36 V                              ; 0.156 V                             ; 3e-10 s                    ; 4.34e-10 s                 ; No                        ; No                        ;
; oHEX1[6] ; 2.5 V        ; 0 s                 ; 0 s                 ; 2.75 V                       ; 0.000242 V                   ; 2.86 V              ; -0.0814 V           ; 0.36 V                               ; 0.156 V                              ; 3e-10 s                     ; 4.34e-10 s                  ; No                         ; No                         ; 2.75 V                      ; 0.000242 V                  ; 2.86 V             ; -0.0814 V          ; 0.36 V                              ; 0.156 V                             ; 3e-10 s                    ; 4.34e-10 s                 ; No                        ; No                        ;
; oHEX5[0] ; 2.5 V        ; 0 s                 ; 0 s                 ; 2.75 V                       ; 0.000247 V                   ; 2.85 V              ; -0.0711 V           ; 0.204 V                              ; 0.181 V                              ; 4.55e-10 s                  ; 4.49e-10 s                  ; No                         ; No                         ; 2.75 V                      ; 0.000247 V                  ; 2.85 V             ; -0.0711 V          ; 0.204 V                             ; 0.181 V                             ; 4.55e-10 s                 ; 4.49e-10 s                 ; No                        ; No                        ;
; oHEX5[1] ; 2.5 V        ; 0 s                 ; 0 s                 ; 2.75 V                       ; 0.000213 V                   ; 2.79 V              ; -0.0324 V           ; 0.139 V                              ; 0.119 V                              ; 4.42e-10 s                  ; 4.33e-10 s                  ; No                         ; Yes                        ; 2.75 V                      ; 0.000213 V                  ; 2.79 V             ; -0.0324 V          ; 0.139 V                             ; 0.119 V                             ; 4.42e-10 s                 ; 4.33e-10 s                 ; No                        ; Yes                       ;
; oHEX5[2] ; 2.5 V        ; 0 s                 ; 0 s                 ; 2.75 V                       ; 0.000213 V                   ; 2.79 V              ; -0.0324 V           ; 0.139 V                              ; 0.119 V                              ; 4.42e-10 s                  ; 4.33e-10 s                  ; No                         ; Yes                        ; 2.75 V                      ; 0.000213 V                  ; 2.79 V             ; -0.0324 V          ; 0.139 V                             ; 0.119 V                             ; 4.42e-10 s                 ; 4.33e-10 s                 ; No                        ; Yes                       ;
; oHEX5[3] ; 2.5 V        ; 0 s                 ; 0 s                 ; 2.75 V                       ; 0.000213 V                   ; 2.79 V              ; -0.0324 V           ; 0.139 V                              ; 0.119 V                              ; 4.42e-10 s                  ; 4.33e-10 s                  ; No                         ; Yes                        ; 2.75 V                      ; 0.000213 V                  ; 2.79 V             ; -0.0324 V          ; 0.139 V                             ; 0.119 V                             ; 4.42e-10 s                 ; 4.33e-10 s                 ; No                        ; Yes                       ;
; oHEX5[4] ; 2.5 V        ; 0 s                 ; 0 s                 ; 2.75 V                       ; 0.000242 V                   ; 2.86 V              ; -0.0814 V           ; 0.36 V                               ; 0.156 V                              ; 3e-10 s                     ; 4.34e-10 s                  ; No                         ; No                         ; 2.75 V                      ; 0.000242 V                  ; 2.86 V             ; -0.0814 V          ; 0.36 V                              ; 0.156 V                             ; 3e-10 s                    ; 4.34e-10 s                 ; No                        ; No                        ;
; oHEX5[5] ; 2.5 V        ; 0 s                 ; 0 s                 ; 2.75 V                       ; 0.000242 V                   ; 2.86 V              ; -0.0805 V           ; 0.358 V                              ; 0.156 V                              ; 3.01e-10 s                  ; 4.34e-10 s                  ; No                         ; No                         ; 2.75 V                      ; 0.000242 V                  ; 2.86 V             ; -0.0805 V          ; 0.358 V                             ; 0.156 V                             ; 3.01e-10 s                 ; 4.34e-10 s                 ; No                        ; No                        ;
; oHEX5[6] ; 2.5 V        ; 0 s                 ; 0 s                 ; 2.75 V                       ; 0.000247 V                   ; 2.85 V              ; -0.0711 V           ; 0.204 V                              ; 0.181 V                              ; 4.55e-10 s                  ; 4.49e-10 s                  ; No                         ; No                         ; 2.75 V                      ; 0.000247 V                  ; 2.85 V             ; -0.0711 V          ; 0.204 V                             ; 0.181 V                             ; 4.55e-10 s                 ; 4.49e-10 s                 ; No                        ; No                        ;
+----------+--------------+---------------------+---------------------+------------------------------+------------------------------+---------------------+---------------------+--------------------------------------+--------------------------------------+-----------------------------+-----------------------------+----------------------------+----------------------------+-----------------------------+-----------------------------+--------------------+--------------------+-------------------------------------+-------------------------------------+----------------------------+----------------------------+---------------------------+---------------------------+


-------------------
; Clock Transfers ;
-------------------
Nothing to report.


---------------
; Report TCCS ;
---------------
No dedicated SERDES Transmitter circuitry present in device or used in design


---------------
; Report RSKM ;
---------------
No non-DPA dedicated SERDES Receiver circuitry present in device or used in design


+------------------------------------------------+
; Unconstrained Paths                            ;
+---------------------------------+-------+------+
; Property                        ; Setup ; Hold ;
+---------------------------------+-------+------+
; Illegal Clocks                  ; 0     ; 0    ;
; Unconstrained Clocks            ; 0     ; 0    ;
; Unconstrained Input Ports       ; 4     ; 4    ;
; Unconstrained Input Port Paths  ; 59    ; 59   ;
; Unconstrained Output Ports      ; 16    ; 16   ;
; Unconstrained Output Port Paths ; 59    ; 59   ;
+---------------------------------+-------+------+


+------------------------------------+
; TimeQuest Timing Analyzer Messages ;
+------------------------------------+
Info: *******************************************************************
Info: Running Quartus II 64-Bit TimeQuest Timing Analyzer
    Info: Version 13.1.0 Build 162 10/23/2013 SJ Web Edition
    Info: Processing started: Thu Sep 17 13:04:31 2026
Info: Command: quartus_sta Ejercicio12 -c Ejercicio12
Info: qsta_default_script.tcl version: #1
Info (11104): Parallel Compilation has detected 12 hyper-threaded processors. However, the extra hyper-threaded processors will not be used by default. Parallel Compilation will use 6 of the 6 physical processors detected instead.
Info (21077): Low junction temperature is 0 degrees C
Info (21077): High junction temperature is 85 degrees C
Critical Warning (332012): Synopsys Design Constraints File file not found: 'Ejercicio12.sdc'. A Synopsys Design Constraints File is required by the TimeQuest Timing Analyzer to get proper timing constraints. Without it, the Compiler will not properly optimize the design.
Info (332142): No user constrained base clocks found in the design. Calling "derive_clocks -period 1.0"
Info (332096): The command derive_clocks did not find any clocks to derive.  No clocks were created or changed.
Warning (332068): No clocks defined in design.
Info (332143): No user constrained clock uncertainty found in the design. Calling "derive_clock_uncertainty"
Info (332154): The derive_clock_uncertainty command did not apply clock uncertainty to any clock-to-clock transfers.
Info: Found TIMEQUEST_REPORT_SCRIPT_INCLUDE_DEFAULT_ANALYSIS = ON
Info (332159): No clocks to report
Info: Analyzing Slow 1100mV 85C Model
Info (332140): No fmax paths to report
Info (332140): No Setup paths to report
Info (332140): No Hold paths to report
Info (332140): No Recovery paths to report
Info (332140): No Removal paths to report
Info (332140): No Minimum Pulse Width paths to report
Info: Analyzing Slow 1100mV 0C Model
Info (334003): Started post-fitting delay annotation
Info (334004): Delay annotation completed successfully
Info (332142): No user constrained base clocks found in the design. Calling "derive_clocks -period 1.0"
Info (332096): The command derive_clocks did not find any clocks to derive.  No clocks were created or changed.
Warning (332068): No clocks defined in design.
Info (332154): The derive_clock_uncertainty command did not apply clock uncertainty to any clock-to-clock transfers.
Info (332140): No fmax paths to report
Info (332140): No Setup paths to report
Info (332140): No Hold paths to report
Info (332140): No Recovery paths to report
Info (332140): No Removal paths to report
Info (332140): No Minimum Pulse Width paths to report
Info: Analyzing Fast 1100mV 85C Model
Info (334003): Started post-fitting delay annotation
Info (334004): Delay annotation completed successfully
Info (332142): No user constrained base clocks found in the design. Calling "derive_clocks -period 1.0"
Info (332096): The command derive_clocks did not find any clocks to derive.  No clocks were created or changed.
Warning (332068): No clocks defined in design.
Info (332154): The derive_clock_uncertainty command did not apply clock uncertainty to any clock-to-clock transfers.
Info (332140): No Setup paths to report
Info (332140): No Hold paths to report
Info (332140): No Recovery paths to report
Info (332140): No Removal paths to report
Info (332140): No Minimum Pulse Width paths to report
Info: Analyzing Fast 1100mV 0C Model
Info (332142): No user constrained base clocks found in the design. Calling "derive_clocks -period 1.0"
Info (332096): The command derive_clocks did not find any clocks to derive.  No clocks were created or changed.
Warning (332068): No clocks defined in design.
Info (332154): The derive_clock_uncertainty command did not apply clock uncertainty to any clock-to-clock transfers.
Info (332140): No Setup paths to report
Info (332140): No Hold paths to report
Info (332140): No Recovery paths to report
Info (332140): No Removal paths to report
Info (332140): No Minimum Pulse Width paths to report
Info (332102): Design is not fully constrained for setup requirements
Info (332102): Design is not fully constrained for hold requirements
Info: Quartus II 64-Bit TimeQuest Timing Analyzer was successful. 0 errors, 5 warnings
    Info: Peak virtual memory: 4892 megabytes
    Info: Processing ended: Thu Sep 17 13:04:35 2026
    Info: Elapsed time: 00:00:04
    Info: Total CPU time (on all processors): 00:00:04


