TimeQuest Timing Analyzer report for Ejercicio13
Thu Sep 24 13:01:04 2026
Quartus II 64-Bit Version 13.1.0 Build 162 10/23/2013 SJ Web Edition


---------------------
; Table of Contents ;
---------------------
  1. Legal Notice
  2. TimeQuest Timing Analyzer Summary
  3. Parallel Compilation
  4. Clocks
  5. Slow 1100mV 85C Model Fmax Summary
  6. Timing Closure Recommendations
  7. Slow 1100mV 85C Model Setup Summary
  8. Slow 1100mV 85C Model Hold Summary
  9. Slow 1100mV 85C Model Recovery Summary
 10. Slow 1100mV 85C Model Removal Summary
 11. Slow 1100mV 85C Model Minimum Pulse Width Summary
 12. Propagation Delay
 13. Minimum Propagation Delay
 14. Slow 1100mV 85C Model Metastability Report
 15. Slow 1100mV 0C Model Fmax Summary
 16. Slow 1100mV 0C Model Setup Summary
 17. Slow 1100mV 0C Model Hold Summary
 18. Slow 1100mV 0C Model Recovery Summary
 19. Slow 1100mV 0C Model Removal Summary
 20. Slow 1100mV 0C Model Minimum Pulse Width Summary
 21. Propagation Delay
 22. Minimum Propagation Delay
 23. Slow 1100mV 0C Model Metastability Report
 24. Fast 1100mV 85C Model Setup Summary
 25. Fast 1100mV 85C Model Hold Summary
 26. Fast 1100mV 85C Model Recovery Summary
 27. Fast 1100mV 85C Model Removal Summary
 28. Fast 1100mV 85C Model Minimum Pulse Width Summary
 29. Propagation Delay
 30. Minimum Propagation Delay
 31. Fast 1100mV 85C Model Metastability Report
 32. Fast 1100mV 0C Model Setup Summary
 33. Fast 1100mV 0C Model Hold Summary
 34. Fast 1100mV 0C Model Recovery Summary
 35. Fast 1100mV 0C Model Removal Summary
 36. Fast 1100mV 0C Model Minimum Pulse Width Summary
 37. Propagation Delay
 38. Minimum Propagation Delay
 39. Fast 1100mV 0C Model Metastability Report
 40. Multicorner Timing Analysis Summary
 41. Propagation Delay
 42. Minimum Propagation Delay
 43. Board Trace Model Assignments
 44. Input Transition Times
 45. Signal Integrity Metrics (Slow 1100mv 0c Model)
 46. Signal Integrity Metrics (Slow 1100mv 85c Model)
 47. Signal Integrity Metrics (Fast 1100mv 0c Model)
 48. Signal Integrity Metrics (Fast 1100mv 85c Model)
 49. Clock Transfers
 50. Report TCCS
 51. Report RSKM
 52. Unconstrained Paths
 53. TimeQuest Timing Analyzer Messages



----------------
; Legal Notice ;
----------------
Copyright (C) 1991-2013 Altera Corporation
Your use of Altera Corporation's design tools, logic functions 
and other software and tools, and its AMPP partner logic 
functions, and any output files from any of the foregoing 
(including device programming or simulation files), and any 
associated documentation or information are expressly subject 
to the terms and conditions of the Altera Program License 
Subscription Agreement, Altera MegaCore Function License 
Agreement, or other applicable license agreement, including, 
without limitation, that your use is for the sole purpose of 
programming logic devices manufactured by Altera and sold by 
Altera or its authorized distributors.  Please refer to the 
applicable agreement for further details.



+-------------------------------------------------------------------------+
; TimeQuest Timing Analyzer Summary                                       ;
+--------------------+----------------------------------------------------+
; Quartus II Version ; Version 13.1.0 Build 162 10/23/2013 SJ Web Edition ;
; Revision Name      ; Ejercicio13                                        ;
; Device Family      ; Cyclone V                                          ;
; Device Name        ; 5CEBA4F23C7                                        ;
; Timing Models      ; Final                                              ;
; Delay Model        ; Combined                                           ;
; Rise/Fall Delays   ; Enabled                                            ;
+--------------------+----------------------------------------------------+


+------------------------------------------+
; Parallel Compilation                     ;
+----------------------------+-------------+
; Processors                 ; Number      ;
+----------------------------+-------------+
; Number detected on machine ; 12          ;
; Maximum allowed            ; 6           ;
;                            ;             ;
; Average used               ; 1.00        ;
; Maximum used               ; 6           ;
;                            ;             ;
; Usage by Processor         ; % Time Used ;
;     Processor 1            ; 100.0%      ;
;     Processors 2-6         ; < 0.1%      ;
;     Processors 7-12        ;   0.0%      ;
+----------------------------+-------------+


----------
; Clocks ;
----------
No clocks to report.


--------------------------------------
; Slow 1100mV 85C Model Fmax Summary ;
--------------------------------------
No paths to report.


----------------------------------
; Timing Closure Recommendations ;
----------------------------------
HTML report is unavailable in plain text report export.


---------------------------------------
; Slow 1100mV 85C Model Setup Summary ;
---------------------------------------
No paths to report.


--------------------------------------
; Slow 1100mV 85C Model Hold Summary ;
--------------------------------------
No paths to report.


------------------------------------------
; Slow 1100mV 85C Model Recovery Summary ;
------------------------------------------
No paths to report.


-----------------------------------------
; Slow 1100mV 85C Model Removal Summary ;
-----------------------------------------
No paths to report.


-----------------------------------------------------
; Slow 1100mV 85C Model Minimum Pulse Width Summary ;
-----------------------------------------------------
No paths to report.


+--------------------------------------------------------------+
; Propagation Delay                                            ;
+------------+-------------+--------+--------+--------+--------+
; Input Port ; Output Port ; RR     ; RF     ; FR     ; FF     ;
+------------+-------------+--------+--------+--------+--------+
; iA[0]      ; oHEX0[0]    ; 10.637 ; 10.665 ; 10.671 ; 10.699 ;
; iA[0]      ; oHEX0[1]    ; 10.954 ; 11.116 ; 10.988 ; 11.150 ;
; iA[0]      ; oHEX0[2]    ; 10.828 ; 11.274 ; 10.862 ; 11.308 ;
; iA[0]      ; oHEX0[3]    ; 11.074 ; 11.212 ; 11.108 ; 11.246 ;
; iA[0]      ; oHEX0[4]    ; 10.806 ; 10.710 ; 10.840 ; 10.744 ;
; iA[0]      ; oHEX0[5]    ; 10.686 ; 10.764 ; 10.720 ; 10.798 ;
; iA[0]      ; oHEX0[6]    ; 11.213 ; 10.957 ; 11.247 ; 10.991 ;
; iA[0]      ; oHEX1[0]    ; 9.869  ; 10.037 ; 9.917  ; 10.075 ;
; iA[0]      ; oHEX1[2]    ; 9.802  ; 9.491  ; 9.840  ; 9.539  ;
; iA[0]      ; oHEX1[3]    ; 9.868  ; 10.036 ; 9.916  ; 10.074 ;
; iA[0]      ; oHEX1[4]    ; 9.387  ; 9.579  ; 9.435  ; 9.617  ;
; iA[0]      ; oHEX1[5]    ; 9.708  ; 9.900  ; 9.756  ; 9.938  ;
; iA[0]      ; oHEX1[6]    ; 9.617  ; 9.940  ; 9.643  ; 9.966  ;
; iA[0]      ; oLED[0]     ; 11.819 ; 12.775 ; 11.930 ; 12.877 ;
; iA[0]      ; oLED[1]     ; 10.996 ; 11.640 ; 11.030 ; 11.674 ;
; iA[0]      ; oLED[2]     ; 11.382 ; 12.211 ; 11.425 ; 12.265 ;
; iA[0]      ; oLED[3]     ; 11.153 ; 11.889 ; 11.183 ; 11.919 ;
; iA[0]      ; oLED[4]     ; 11.727 ; 12.533 ; 11.775 ; 12.571 ;
; iA[0]      ; oLED[5]     ; 11.663 ; 11.047 ; 11.689 ; 11.073 ;
; iA[1]      ; oHEX0[0]    ; 10.634 ; 10.662 ; 10.795 ; 10.823 ;
; iA[1]      ; oHEX0[1]    ; 10.951 ; 11.113 ; 11.112 ; 11.274 ;
; iA[1]      ; oHEX0[2]    ; 10.867 ; 11.271 ; 11.027 ; 11.432 ;
; iA[1]      ; oHEX0[3]    ; 11.071 ; 11.209 ; 11.232 ; 11.370 ;
; iA[1]      ; oHEX0[4]    ; 10.803 ; 10.749 ; 10.964 ; 10.909 ;
; iA[1]      ; oHEX0[5]    ; 10.683 ; 10.761 ; 10.844 ; 10.922 ;
; iA[1]      ; oHEX0[6]    ; 11.210 ; 10.954 ; 11.371 ; 11.115 ;
; iA[1]      ; oHEX1[0]    ; 9.794  ; 9.962  ; 9.891  ; 10.049 ;
; iA[1]      ; oHEX1[2]    ; 9.727  ; 9.416  ; 9.814  ; 9.513  ;
; iA[1]      ; oHEX1[3]    ; 9.793  ; 9.961  ; 9.890  ; 10.048 ;
; iA[1]      ; oHEX1[4]    ; 9.312  ; 9.504  ; 9.409  ; 9.591  ;
; iA[1]      ; oHEX1[5]    ; 9.633  ; 9.825  ; 9.730  ; 9.912  ;
; iA[1]      ; oHEX1[6]    ; 9.542  ; 9.865  ; 9.617  ; 9.940  ;
; iA[1]      ; oLED[0]     ; 11.108 ; 12.923 ; 12.186 ; 12.152 ;
; iA[1]      ; oLED[1]     ; 11.035 ; 11.637 ; 11.195 ; 11.798 ;
; iA[1]      ; oLED[2]     ; 11.307 ; 12.136 ; 11.399 ; 12.239 ;
; iA[1]      ; oLED[3]     ; 11.078 ; 11.814 ; 11.157 ; 11.893 ;
; iA[1]      ; oLED[4]     ; 11.652 ; 12.458 ; 11.749 ; 12.545 ;
; iA[1]      ; oLED[5]     ; 11.588 ; 10.972 ; 11.663 ; 11.047 ;
; iA[2]      ; oHEX0[0]    ; 10.377 ; 10.536 ; 10.519 ; 10.623 ;
; iA[2]      ; oHEX0[1]    ; 10.737 ; 10.868 ; 10.668 ; 10.944 ;
; iA[2]      ; oHEX0[2]    ; 10.732 ; 10.902 ; 10.780 ; 11.209 ;
; iA[2]      ; oHEX0[3]    ; 10.832 ; 10.939 ; 10.837 ; 11.018 ;
; iA[2]      ; oHEX0[4]    ; 10.282 ; 10.628 ; 10.546 ; 10.628 ;
; iA[2]      ; oHEX0[5]    ; 10.298 ; 10.530 ; 10.442 ; 10.528 ;
; iA[2]      ; oHEX0[6]    ; 11.086 ; 10.739 ; 11.187 ; 10.847 ;
; iA[2]      ; oHEX1[0]    ; 9.962  ; 10.130 ; 10.056 ; 10.214 ;
; iA[2]      ; oHEX1[2]    ; 9.895  ; 9.584  ; 9.979  ; 9.678  ;
; iA[2]      ; oHEX1[3]    ; 9.961  ; 10.129 ; 10.055 ; 10.213 ;
; iA[2]      ; oHEX1[4]    ; 9.480  ; 9.672  ; 9.574  ; 9.756  ;
; iA[2]      ; oHEX1[5]    ; 9.801  ; 9.993  ; 9.895  ; 10.077 ;
; iA[2]      ; oHEX1[6]    ; 9.710  ; 10.033 ; 9.782  ; 10.105 ;
; iA[2]      ; oLED[0]     ; 11.762 ; 13.095 ; 12.246 ; 12.758 ;
; iA[2]      ; oLED[2]     ; 11.323 ; 12.109 ; 11.476 ; 12.253 ;
; iA[2]      ; oLED[3]     ; 11.246 ; 11.982 ; 11.322 ; 12.058 ;
; iA[2]      ; oLED[4]     ; 11.820 ; 12.626 ; 11.914 ; 12.710 ;
; iA[2]      ; oLED[5]     ; 11.756 ; 11.140 ; 11.828 ; 11.212 ;
; iA[3]      ; oHEX0[0]    ; 9.631  ; 9.735  ; 9.762  ; 9.905  ;
; iA[3]      ; oHEX0[1]    ; 9.920  ; 10.056 ; 10.106 ; 10.237 ;
; iA[3]      ; oHEX0[2]    ; 9.915  ; 10.321 ; 10.101 ; 10.452 ;
; iA[3]      ; oHEX0[3]    ; 10.015 ; 10.130 ; 10.201 ; 10.308 ;
; iA[3]      ; oHEX0[4]    ; 9.658  ; 9.811  ; 9.789  ; 9.997  ;
; iA[3]      ; oHEX0[5]    ; 9.513  ; 9.713  ; 9.650  ; 9.899  ;
; iA[3]      ; oHEX0[6]    ; 10.299 ; 9.959  ; 10.455 ; 10.108 ;
; iA[3]      ; oHEX1[0]    ; 9.818  ; 9.986  ; 9.862  ; 10.020 ;
; iA[3]      ; oHEX1[2]    ; 9.751  ; 9.440  ; 9.785  ; 9.484  ;
; iA[3]      ; oHEX1[3]    ; 9.817  ; 9.985  ; 9.861  ; 10.019 ;
; iA[3]      ; oHEX1[4]    ; 9.336  ; 9.528  ; 9.380  ; 9.562  ;
; iA[3]      ; oHEX1[5]    ; 9.657  ; 9.849  ; 9.701  ; 9.883  ;
; iA[3]      ; oHEX1[6]    ; 9.566  ; 9.889  ; 9.588  ; 9.911  ;
; iA[3]      ; oLED[0]     ; 11.358 ; 12.278 ; 11.489 ; 12.464 ;
; iA[3]      ; oLED[3]     ; 10.478 ; 11.296 ; 10.646 ; 11.458 ;
; iA[3]      ; oLED[4]     ; 11.676 ; 12.482 ; 11.720 ; 12.516 ;
; iA[3]      ; oLED[5]     ; 11.612 ; 10.996 ; 11.634 ; 11.018 ;
; iA[4]      ; oHEX0[0]    ; 9.958  ; 10.117 ; 10.196 ; 10.300 ;
; iA[4]      ; oHEX0[1]    ; 10.318 ; 10.449 ; 10.329 ; 10.621 ;
; iA[4]      ; oHEX0[2]    ; 10.313 ; 10.543 ; 10.165 ; 10.886 ;
; iA[4]      ; oHEX0[3]    ; 10.413 ; 10.520 ; 10.427 ; 10.695 ;
; iA[4]      ; oHEX0[4]    ; 9.880  ; 10.209 ; 10.223 ; 10.061 ;
; iA[4]      ; oHEX0[5]    ; 9.735  ; 10.111 ; 10.078 ; 9.963  ;
; iA[4]      ; oHEX0[6]    ; 10.667 ; 10.320 ; 10.864 ; 10.524 ;
; iA[4]      ; oHEX1[0]    ; 9.559  ; 9.693  ; 9.676  ; 9.781  ;
; iA[4]      ; oHEX1[2]    ; 9.619  ; 9.312  ; 9.659  ; 9.352  ;
; iA[4]      ; oHEX1[3]    ; 9.558  ; 9.692  ; 9.675  ; 9.780  ;
; iA[4]      ; oHEX1[4]    ; 9.077  ; 9.215  ; 9.194  ; 9.323  ;
; iA[4]      ; oHEX1[5]    ; 9.430  ; 9.601  ; 9.515  ; 9.644  ;
; iA[4]      ; oHEX1[6]    ; 9.468  ; 9.791  ; 9.508  ; 9.831  ;
; iA[4]      ; oLED[0]     ; 11.580 ; 12.676 ; 11.923 ; 12.528 ;
; iA[4]      ; oLED[4]     ; 11.417 ; 12.169 ; 11.534 ; 12.277 ;
; iA[4]      ; oLED[5]     ; 11.514 ; 10.898 ; 11.554 ; 10.938 ;
; iB[0]      ; oHEX0[0]    ; 10.207 ; 10.235 ; 10.225 ; 10.253 ;
; iB[0]      ; oHEX0[1]    ; 10.524 ; 10.686 ; 10.542 ; 10.704 ;
; iB[0]      ; oHEX0[2]    ; 10.398 ; 10.844 ; 10.416 ; 10.862 ;
; iB[0]      ; oHEX0[3]    ; 10.644 ; 10.782 ; 10.662 ; 10.800 ;
; iB[0]      ; oHEX0[4]    ; 10.376 ; 10.280 ; 10.394 ; 10.298 ;
; iB[0]      ; oHEX0[5]    ; 10.256 ; 10.334 ; 10.274 ; 10.352 ;
; iB[0]      ; oHEX0[6]    ; 10.783 ; 10.527 ; 10.801 ; 10.545 ;
; iB[0]      ; oHEX1[0]    ; 9.439  ; 9.607  ; 9.471  ; 9.629  ;
; iB[0]      ; oHEX1[2]    ; 9.372  ; 9.061  ; 9.394  ; 9.093  ;
; iB[0]      ; oHEX1[3]    ; 9.438  ; 9.606  ; 9.470  ; 9.628  ;
; iB[0]      ; oHEX1[4]    ; 8.957  ; 9.149  ; 8.989  ; 9.171  ;
; iB[0]      ; oHEX1[5]    ; 9.278  ; 9.470  ; 9.310  ; 9.492  ;
; iB[0]      ; oHEX1[6]    ; 9.187  ; 9.510  ; 9.197  ; 9.520  ;
; iB[0]      ; oLED[0]     ; 11.141 ; 12.258 ; 11.156 ; 12.320 ;
; iB[0]      ; oLED[1]     ; 10.566 ; 11.210 ; 10.584 ; 11.228 ;
; iB[0]      ; oLED[2]     ; 10.952 ; 11.781 ; 10.979 ; 11.819 ;
; iB[0]      ; oLED[3]     ; 10.723 ; 11.459 ; 10.737 ; 11.473 ;
; iB[0]      ; oLED[4]     ; 11.297 ; 12.103 ; 11.329 ; 12.125 ;
; iB[0]      ; oLED[5]     ; 11.233 ; 10.617 ; 11.243 ; 10.627 ;
; iB[1]      ; oHEX0[0]    ; 10.347 ; 10.451 ; 10.397 ; 10.551 ;
; iB[1]      ; oHEX0[1]    ; 10.600 ; 10.772 ; 10.752 ; 10.883 ;
; iB[1]      ; oHEX0[2]    ; 10.493 ; 11.037 ; 10.747 ; 11.034 ;
; iB[1]      ; oHEX0[3]    ; 10.720 ; 10.858 ; 10.847 ; 10.972 ;
; iB[1]      ; oHEX0[4]    ; 10.452 ; 10.341 ; 10.566 ; 10.643 ;
; iB[1]      ; oHEX0[5]    ; 10.332 ; 10.410 ; 10.446 ; 10.545 ;
; iB[1]      ; oHEX0[6]    ; 11.015 ; 10.675 ; 11.101 ; 10.754 ;
; iB[1]      ; oHEX1[0]    ; 9.624  ; 9.792  ; 9.734  ; 9.892  ;
; iB[1]      ; oHEX1[2]    ; 9.557  ; 9.246  ; 9.657  ; 9.356  ;
; iB[1]      ; oHEX1[3]    ; 9.623  ; 9.791  ; 9.733  ; 9.891  ;
; iB[1]      ; oHEX1[4]    ; 9.142  ; 9.334  ; 9.252  ; 9.434  ;
; iB[1]      ; oHEX1[5]    ; 9.463  ; 9.655  ; 9.573  ; 9.755  ;
; iB[1]      ; oHEX1[6]    ; 9.372  ; 9.695  ; 9.460  ; 9.783  ;
; iB[1]      ; oLED[0]     ; 12.074 ; 12.041 ; 11.297 ; 13.110 ;
; iB[1]      ; oLED[1]     ; 10.530 ; 11.286 ; 10.659 ; 11.400 ;
; iB[1]      ; oLED[2]     ; 11.137 ; 11.966 ; 11.242 ; 12.082 ;
; iB[1]      ; oLED[3]     ; 10.908 ; 11.644 ; 11.000 ; 11.736 ;
; iB[1]      ; oLED[4]     ; 11.482 ; 12.288 ; 11.592 ; 12.388 ;
; iB[1]      ; oLED[5]     ; 11.418 ; 10.802 ; 11.506 ; 10.890 ;
; iB[2]      ; oHEX0[0]    ; 9.852  ; 9.956  ; 9.887  ; 10.045 ;
; iB[2]      ; oHEX0[1]    ; 10.021 ; 10.277 ; 10.246 ; 10.377 ;
; iB[2]      ; oHEX0[2]    ; 10.142 ; 10.542 ; 10.269 ; 10.535 ;
; iB[2]      ; oHEX0[3]    ; 10.199 ; 10.351 ; 10.341 ; 10.472 ;
; iB[2]      ; oHEX0[4]    ; 9.879  ; 9.990  ; 9.958  ; 10.137 ;
; iB[2]      ; oHEX0[5]    ; 9.804  ; 9.890  ; 9.931  ; 10.039 ;
; iB[2]      ; oHEX0[6]    ; 10.520 ; 10.180 ; 10.595 ; 10.248 ;
; iB[2]      ; oHEX1[0]    ; 9.555  ; 9.723  ; 9.656  ; 9.814  ;
; iB[2]      ; oHEX1[2]    ; 9.488  ; 9.177  ; 9.579  ; 9.278  ;
; iB[2]      ; oHEX1[3]    ; 9.554  ; 9.722  ; 9.655  ; 9.813  ;
; iB[2]      ; oHEX1[4]    ; 9.073  ; 9.265  ; 9.174  ; 9.356  ;
; iB[2]      ; oHEX1[5]    ; 9.394  ; 9.586  ; 9.495  ; 9.677  ;
; iB[2]      ; oHEX1[6]    ; 9.303  ; 9.626  ; 9.382  ; 9.705  ;
; iB[2]      ; oLED[0]     ; 11.579 ; 11.931 ; 11.189 ; 12.604 ;
; iB[2]      ; oLED[2]     ; 10.660 ; 11.615 ; 10.748 ; 11.742 ;
; iB[2]      ; oLED[3]     ; 10.839 ; 11.575 ; 10.922 ; 11.658 ;
; iB[2]      ; oLED[4]     ; 11.413 ; 12.219 ; 11.514 ; 12.310 ;
; iB[2]      ; oLED[5]     ; 11.349 ; 10.733 ; 11.428 ; 10.812 ;
; iB[3]      ; oHEX0[0]    ; 10.076 ; 10.109 ; 10.365 ; 10.469 ;
; iB[3]      ; oHEX0[1]    ; 10.406 ; 10.574 ; 10.571 ; 10.790 ;
; iB[3]      ; oHEX0[2]    ; 10.432 ; 10.694 ; 10.585 ; 11.055 ;
; iB[3]      ; oHEX0[3]    ; 10.502 ; 10.646 ; 10.666 ; 10.864 ;
; iB[3]      ; oHEX0[4]    ; 10.260 ; 10.266 ; 10.413 ; 10.462 ;
; iB[3]      ; oHEX0[5]    ; 10.152 ; 10.236 ; 10.305 ; 10.389 ;
; iB[3]      ; oHEX0[6]    ; 10.639 ; 10.379 ; 11.033 ; 10.693 ;
; iB[3]      ; oHEX1[0]    ; 9.868  ; 10.036 ; 9.961  ; 10.119 ;
; iB[3]      ; oHEX1[2]    ; 9.801  ; 9.490  ; 9.884  ; 9.583  ;
; iB[3]      ; oHEX1[3]    ; 9.867  ; 10.035 ; 9.960  ; 10.118 ;
; iB[3]      ; oHEX1[4]    ; 9.386  ; 9.578  ; 9.479  ; 9.661  ;
; iB[3]      ; oHEX1[5]    ; 9.707  ; 9.899  ; 9.800  ; 9.982  ;
; iB[3]      ; oHEX1[6]    ; 9.616  ; 9.939  ; 9.687  ; 10.010 ;
; iB[3]      ; oLED[0]     ; 11.667 ; 12.625 ; 12.092 ; 12.929 ;
; iB[3]      ; oLED[3]     ; 11.266 ; 11.960 ; 11.418 ; 12.113 ;
; iB[3]      ; oLED[4]     ; 11.726 ; 12.532 ; 11.819 ; 12.615 ;
; iB[3]      ; oLED[5]     ; 11.662 ; 11.046 ; 11.733 ; 11.117 ;
; iB[4]      ; oHEX0[0]    ; 10.553 ; 10.657 ; 10.582 ; 10.741 ;
; iB[4]      ; oHEX0[1]    ; 10.686 ; 10.978 ; 10.942 ; 11.073 ;
; iB[4]      ; oHEX0[2]    ; 10.461 ; 11.243 ; 10.937 ; 11.029 ;
; iB[4]      ; oHEX0[3]    ; 10.784 ; 11.052 ; 11.037 ; 11.144 ;
; iB[4]      ; oHEX0[4]    ; 10.580 ; 10.357 ; 10.366 ; 10.833 ;
; iB[4]      ; oHEX0[5]    ; 10.435 ; 10.259 ; 10.221 ; 10.735 ;
; iB[4]      ; oHEX0[6]    ; 11.221 ; 10.881 ; 11.291 ; 10.944 ;
; iB[4]      ; oHEX1[0]    ; 9.617  ; 9.891  ; 9.710  ; 9.984  ;
; iB[4]      ; oHEX1[2]    ; 9.817  ; 9.510  ; 9.910  ; 9.603  ;
; iB[4]      ; oHEX1[3]    ; 9.616  ; 9.890  ; 9.709  ; 9.983  ;
; iB[4]      ; oHEX1[4]    ; 8.608  ; 8.903  ; 8.767  ; 9.066  ;
; iB[4]      ; oHEX1[5]    ; 9.628  ; 9.799  ; 9.721  ; 9.892  ;
; iB[4]      ; oHEX1[6]    ; 9.666  ; 9.989  ; 9.759  ; 10.082 ;
; iB[4]      ; oLED[0]     ; 12.280 ; 12.824 ; 12.066 ; 13.300 ;
; iB[4]      ; oLED[4]     ; 10.948 ; 11.857 ; 11.107 ; 12.020 ;
; iB[4]      ; oLED[5]     ; 11.712 ; 11.096 ; 11.805 ; 11.189 ;
; iKEY[0]    ; oHEX0[0]    ; 9.727  ; 9.755  ; 10.086 ; 10.131 ;
; iKEY[0]    ; oHEX0[1]    ; 10.044 ; 10.206 ; 10.403 ; 10.565 ;
; iKEY[0]    ; oHEX0[2]    ; 10.002 ; 10.364 ; 10.424 ; 10.723 ;
; iKEY[0]    ; oHEX0[3]    ; 10.164 ; 10.302 ; 10.523 ; 10.661 ;
; iKEY[0]    ; oHEX0[4]    ; 9.896  ; 9.884  ; 10.255 ; 10.306 ;
; iKEY[0]    ; oHEX0[5]    ; 9.776  ; 9.854  ; 10.135 ; 10.213 ;
; iKEY[0]    ; oHEX0[6]    ; 10.303 ; 10.047 ; 10.695 ; 10.406 ;
; iKEY[0]    ; oHEX1[0]    ; 8.507  ; 8.689  ; 8.967  ; 9.132  ;
; iKEY[0]    ; oHEX1[2]    ;        ; 8.870  ; 9.501  ;        ;
; iKEY[0]    ; oHEX1[3]    ; 8.506  ; 8.688  ; 8.966  ; 9.131  ;
; iKEY[0]    ; oHEX1[4]    ; 8.617  ; 8.711  ; 9.043  ; 9.145  ;
; iKEY[0]    ; oHEX1[5]    ; 8.350  ; 8.562  ; 8.812  ; 9.003  ;
; iKEY[0]    ; oHEX1[6]    ; 9.308  ;        ;        ; 10.051 ;
; iKEY[0]    ; oLED[0]     ; 11.328 ; 12.250 ; 11.754 ; 12.684 ;
; iKEY[0]    ; oLED[1]     ; 10.170 ; 10.730 ; 10.592 ; 11.089 ;
; iKEY[0]    ; oLED[2]     ; 10.606 ; 11.375 ; 11.028 ; 11.734 ;
; iKEY[0]    ; oLED[3]     ; 10.285 ; 10.928 ; 10.710 ; 11.292 ;
; iKEY[0]    ; oLED[4]     ; 10.957 ; 11.665 ; 11.383 ; 12.099 ;
; iKEY[0]    ; oLED[5]     ;        ; 10.738 ; 11.774 ;        ;
; iKEY[1]    ; oHEX0[0]    ; 11.373 ; 11.477 ; 11.873 ; 12.032 ;
; iKEY[1]    ; oHEX0[1]    ; 11.506 ; 11.798 ; 12.233 ; 12.364 ;
; iKEY[1]    ; oHEX0[2]    ; 11.193 ; 12.063 ; 12.228 ; 12.232 ;
; iKEY[1]    ; oHEX0[3]    ; 11.604 ; 11.872 ; 12.328 ; 12.435 ;
; iKEY[1]    ; oHEX0[4]    ; 11.400 ; 11.089 ; 11.569 ; 12.124 ;
; iKEY[1]    ; oHEX0[5]    ; 11.255 ; 10.991 ; 11.424 ; 12.026 ;
; iKEY[1]    ; oHEX0[6]    ; 12.041 ; 11.701 ; 12.582 ; 12.235 ;
; iKEY[1]    ; oHEX1[0]    ; 9.432  ; 9.803  ; 10.146 ; 10.356 ;
; iKEY[1]    ; oHEX1[3]    ; 9.431  ; 9.802  ; 10.145 ; 10.355 ;
; iKEY[1]    ; oHEX1[4]    ; 9.071  ; 9.420  ; 9.785  ; 9.973  ;
; iKEY[1]    ; oHEX1[5]    ; 9.249  ; 9.690  ; 9.963  ; 10.243 ;
; iKEY[1]    ; oLED[0]     ; 13.100 ; 13.556 ; 13.269 ; 14.591 ;
; iKEY[1]    ; oLED[1]     ; 10.541 ; 11.111 ; 11.037 ; 11.659 ;
; iKEY[1]    ; oLED[2]     ; 10.977 ; 11.756 ; 11.472 ; 12.303 ;
; iKEY[1]    ; oLED[3]     ; 10.757 ; 11.343 ; 11.272 ; 11.848 ;
; iKEY[1]    ; oLED[4]     ; 11.411 ; 12.374 ; 12.125 ; 12.927 ;
; iKEY[2]    ; oHEX0[0]    ; 11.247 ; 11.351 ; 11.409 ; 11.568 ;
; iKEY[2]    ; oHEX0[1]    ; 11.380 ; 11.672 ; 11.769 ; 11.900 ;
; iKEY[2]    ; oHEX0[2]    ; 10.955 ; 11.937 ; 11.764 ; 11.752 ;
; iKEY[2]    ; oHEX0[3]    ; 11.478 ; 11.746 ; 11.864 ; 11.971 ;
; iKEY[2]    ; oHEX0[4]    ; 11.274 ; 10.851 ; 11.089 ; 11.660 ;
; iKEY[2]    ; oHEX0[5]    ; 11.129 ; 10.753 ; 10.944 ; 11.562 ;
; iKEY[2]    ; oHEX0[6]    ; 11.915 ; 11.575 ; 12.118 ; 11.771 ;
; iKEY[2]    ; oHEX1[0]    ; 9.331  ; 9.572  ; 9.619  ; 9.869  ;
; iKEY[2]    ; oHEX1[3]    ; 9.330  ; 9.571  ; 9.618  ; 9.868  ;
; iKEY[2]    ; oHEX1[4]    ; 8.970  ; 9.189  ; 9.258  ; 9.486  ;
; iKEY[2]    ; oHEX1[5]    ; 9.148  ; 9.459  ; 9.436  ; 9.756  ;
; iKEY[2]    ; oLED[0]     ; 12.974 ; 13.318 ; 12.789 ; 14.127 ;
; iKEY[2]    ; oLED[1]     ; 9.774  ; 10.287 ; 10.092 ; 10.588 ;
; iKEY[2]    ; oLED[2]     ; 10.706 ; 11.408 ; 10.992 ; 11.702 ;
; iKEY[2]    ; oLED[3]     ; 9.816  ; 10.412 ; 10.121 ; 10.701 ;
; iKEY[2]    ; oLED[4]     ; 11.310 ; 12.143 ; 11.598 ; 12.440 ;
; iKEY[3]    ; oHEX0[0]    ; 10.974 ; 11.133 ; 11.318 ; 11.422 ;
; iKEY[3]    ; oHEX0[1]    ; 11.334 ; 11.465 ; 11.451 ; 11.743 ;
; iKEY[3]    ; oHEX0[2]    ; 11.329 ; 11.395 ; 11.214 ; 12.008 ;
; iKEY[3]    ; oHEX0[3]    ; 11.429 ; 11.536 ; 11.549 ; 11.817 ;
; iKEY[3]    ; oHEX0[4]    ; 10.732 ; 11.225 ; 11.345 ; 11.110 ;
; iKEY[3]    ; oHEX0[5]    ; 10.587 ; 11.127 ; 11.200 ; 11.012 ;
; iKEY[3]    ; oHEX0[6]    ; 11.683 ; 11.336 ; 11.986 ; 11.646 ;
; iKEY[3]    ; oHEX1[0]    ; 9.115  ;        ;        ; 9.779  ;
; iKEY[3]    ; oHEX1[3]    ; 9.114  ;        ;        ; 9.778  ;
; iKEY[3]    ; oHEX1[4]    ; 8.754  ;        ;        ; 9.396  ;
; iKEY[3]    ; oHEX1[5]    ; 8.932  ;        ;        ; 9.666  ;
; iKEY[3]    ; oLED[0]     ; 12.432 ; 13.692 ; 13.045 ; 13.577 ;
; iKEY[3]    ; oLED[1]     ; 10.168 ;        ;        ; 10.990 ;
; iKEY[3]    ; oLED[2]     ; 10.604 ;        ;        ; 11.634 ;
; iKEY[3]    ; oLED[3]     ; 10.291 ;        ;        ; 11.181 ;
; iKEY[3]    ; oLED[4]     ; 11.094 ;        ;        ; 12.350 ;
+------------+-------------+--------+--------+--------+--------+


+--------------------------------------------------------------+
; Minimum Propagation Delay                                    ;
+------------+-------------+--------+--------+--------+--------+
; Input Port ; Output Port ; RR     ; RF     ; FR     ; FF     ;
+------------+-------------+--------+--------+--------+--------+
; iA[0]      ; oHEX0[0]    ; 8.357  ; 8.411  ; 8.481  ; 8.503  ;
; iA[0]      ; oHEX0[1]    ; 8.593  ; 8.743  ; 8.573  ; 8.811  ;
; iA[0]      ; oHEX0[2]    ; 8.638  ; 9.009  ; 8.858  ; 8.925  ;
; iA[0]      ; oHEX0[3]    ; 8.672  ; 8.794  ; 8.654  ; 8.864  ;
; iA[0]      ; oHEX0[4]    ; 8.555  ; 8.538  ; 8.471  ; 8.758  ;
; iA[0]      ; oHEX0[5]    ; 8.448  ; 8.490  ; 8.364  ; 8.710  ;
; iA[0]      ; oHEX0[6]    ; 8.802  ; 8.609  ; 8.913  ; 8.641  ;
; iA[0]      ; oHEX1[0]    ; 8.358  ; 8.496  ; 8.461  ; 8.599  ;
; iA[0]      ; oHEX1[2]    ; 8.422  ; 8.204  ; 8.525  ; 8.337  ;
; iA[0]      ; oHEX1[3]    ; 8.357  ; 8.494  ; 8.460  ; 8.597  ;
; iA[0]      ; oHEX1[4]    ; 8.152  ; 8.239  ; 8.285  ; 8.372  ;
; iA[0]      ; oHEX1[5]    ; 8.304  ; 8.433  ; 8.407  ; 8.536  ;
; iA[0]      ; oHEX1[6]    ; 8.366  ; 8.561  ; 8.469  ; 8.664  ;
; iA[0]      ; oLED[0]     ; 10.162 ; 10.704 ; 10.078 ; 10.924 ;
; iA[0]      ; oLED[1]     ; 9.636  ; 10.152 ; 9.747  ; 10.263 ;
; iA[0]      ; oLED[2]     ; 9.955  ; 10.617 ; 10.061 ; 10.722 ;
; iA[0]      ; oLED[3]     ; 9.752  ; 10.347 ; 9.859  ; 10.454 ;
; iA[0]      ; oLED[4]     ; 10.256 ; 10.781 ; 10.389 ; 10.914 ;
; iA[0]      ; oLED[5]     ; 10.162 ; 9.706  ; 10.265 ; 9.809  ;
; iA[1]      ; oHEX0[0]    ; 8.037  ; 8.079  ; 8.167  ; 8.209  ;
; iA[1]      ; oHEX0[1]    ; 8.306  ; 8.429  ; 8.436  ; 8.559  ;
; iA[1]      ; oHEX0[2]    ; 8.339  ; 8.565  ; 8.469  ; 8.684  ;
; iA[1]      ; oHEX0[3]    ; 8.406  ; 8.501  ; 8.536  ; 8.631  ;
; iA[1]      ; oHEX0[4]    ; 8.221  ; 8.244  ; 8.340  ; 8.374  ;
; iA[1]      ; oHEX0[5]    ; 8.083  ; 8.165  ; 8.213  ; 8.295  ;
; iA[1]      ; oHEX0[6]    ; 8.474  ; 8.279  ; 8.604  ; 8.409  ;
; iA[1]      ; oHEX1[0]    ; 8.246  ; 8.384  ; 8.392  ; 8.530  ;
; iA[1]      ; oHEX1[2]    ; 8.310  ; 8.092  ; 8.456  ; 8.268  ;
; iA[1]      ; oHEX1[3]    ; 8.245  ; 8.382  ; 8.391  ; 8.528  ;
; iA[1]      ; oHEX1[4]    ; 8.040  ; 8.127  ; 8.216  ; 8.303  ;
; iA[1]      ; oHEX1[5]    ; 8.192  ; 8.321  ; 8.338  ; 8.467  ;
; iA[1]      ; oHEX1[6]    ; 8.254  ; 8.449  ; 8.400  ; 8.595  ;
; iA[1]      ; oLED[0]     ; 10.010 ; 10.703 ; 10.139 ; 10.821 ;
; iA[1]      ; oLED[1]     ; 8.609  ; 8.992  ; 8.739  ; 9.111  ;
; iA[1]      ; oLED[2]     ; 9.843  ; 10.505 ; 9.992  ; 10.653 ;
; iA[1]      ; oLED[3]     ; 9.640  ; 10.235 ; 9.790  ; 10.385 ;
; iA[1]      ; oLED[4]     ; 10.144 ; 10.669 ; 10.320 ; 10.845 ;
; iA[1]      ; oLED[5]     ; 10.050 ; 9.594  ; 10.196 ; 9.740  ;
; iA[2]      ; oHEX0[0]    ; 7.777  ; 7.814  ; 7.895  ; 7.926  ;
; iA[2]      ; oHEX0[1]    ; 8.046  ; 8.164  ; 8.170  ; 8.276  ;
; iA[2]      ; oHEX0[2]    ; 8.080  ; 8.257  ; 8.199  ; 8.369  ;
; iA[2]      ; oHEX0[3]    ; 8.147  ; 8.238  ; 8.266  ; 8.350  ;
; iA[2]      ; oHEX0[4]    ; 7.818  ; 7.873  ; 7.930  ; 7.997  ;
; iA[2]      ; oHEX0[5]    ; 7.818  ; 7.895  ; 7.936  ; 8.007  ;
; iA[2]      ; oHEX0[6]    ; 8.208  ; 8.017  ; 8.320  ; 8.136  ;
; iA[2]      ; oHEX1[0]    ; 8.448  ; 8.586  ; 8.592  ; 8.730  ;
; iA[2]      ; oHEX1[2]    ; 8.512  ; 8.294  ; 8.656  ; 8.468  ;
; iA[2]      ; oHEX1[3]    ; 8.447  ; 8.584  ; 8.591  ; 8.728  ;
; iA[2]      ; oHEX1[4]    ; 8.242  ; 8.329  ; 8.416  ; 8.503  ;
; iA[2]      ; oHEX1[5]    ; 8.394  ; 8.523  ; 8.538  ; 8.667  ;
; iA[2]      ; oHEX1[6]    ; 8.456  ; 8.651  ; 8.600  ; 8.795  ;
; iA[2]      ; oLED[0]     ; 10.599 ; 11.283 ; 10.720 ; 11.399 ;
; iA[2]      ; oLED[2]     ; 8.859  ; 9.386  ; 8.983  ; 9.498  ;
; iA[2]      ; oLED[3]     ; 9.842  ; 10.437 ; 9.990  ; 10.585 ;
; iA[2]      ; oLED[4]     ; 10.346 ; 10.871 ; 10.520 ; 11.045 ;
; iA[2]      ; oLED[5]     ; 10.252 ; 9.796  ; 10.396 ; 9.940  ;
; iA[3]      ; oHEX0[0]    ; 7.093  ; 7.121  ; 7.237  ; 7.254  ;
; iA[3]      ; oHEX0[1]    ; 7.368  ; 7.487  ; 7.516  ; 7.621  ;
; iA[3]      ; oHEX0[2]    ; 7.376  ; 7.543  ; 7.518  ; 7.674  ;
; iA[3]      ; oHEX0[3]    ; 7.449  ; 7.540  ; 7.596  ; 7.673  ;
; iA[3]      ; oHEX0[4]    ; 7.330  ; 7.299  ; 7.385  ; 7.486  ;
; iA[3]      ; oHEX0[5]    ; 7.158  ; 7.236  ; 7.305  ; 7.369  ;
; iA[3]      ; oHEX0[6]    ; 7.517  ; 7.337  ; 7.648  ; 7.479  ;
; iA[3]      ; oHEX1[0]    ; 8.031  ; 8.169  ; 8.185  ; 8.323  ;
; iA[3]      ; oHEX1[2]    ; 8.095  ; 7.877  ; 8.249  ; 8.061  ;
; iA[3]      ; oHEX1[3]    ; 8.030  ; 8.167  ; 8.184  ; 8.321  ;
; iA[3]      ; oHEX1[4]    ; 7.825  ; 7.912  ; 8.009  ; 8.096  ;
; iA[3]      ; oHEX1[5]    ; 7.977  ; 8.106  ; 8.131  ; 8.260  ;
; iA[3]      ; oHEX1[6]    ; 8.039  ; 8.234  ; 8.193  ; 8.388  ;
; iA[3]      ; oLED[0]     ; 10.226 ; 10.813 ; 10.205 ; 11.031 ;
; iA[3]      ; oLED[3]     ; 8.267  ; 8.802  ; 8.454  ; 8.857  ;
; iA[3]      ; oLED[4]     ; 9.929  ; 10.454 ; 10.113 ; 10.638 ;
; iA[3]      ; oLED[5]     ; 9.835  ; 9.379  ; 9.989  ; 9.533  ;
; iA[4]      ; oHEX0[0]    ; 8.038  ; 8.092  ; 8.155  ; 8.200  ;
; iA[4]      ; oHEX0[1]    ; 8.200  ; 8.424  ; 8.270  ; 8.508  ;
; iA[4]      ; oHEX0[2]    ; 8.319  ; 8.552  ; 8.436  ; 8.622  ;
; iA[4]      ; oHEX0[3]    ; 8.281  ; 8.475  ; 8.351  ; 8.561  ;
; iA[4]      ; oHEX0[4]    ; 8.098  ; 8.219  ; 8.168  ; 8.336  ;
; iA[4]      ; oHEX0[5]    ; 7.991  ; 8.171  ; 8.061  ; 8.288  ;
; iA[4]      ; oHEX0[6]    ; 8.483  ; 8.268  ; 8.600  ; 8.338  ;
; iA[4]      ; oHEX1[0]    ; 7.408  ; 7.642  ; 7.512  ; 7.732  ;
; iA[4]      ; oHEX1[2]    ; 7.979  ; 7.741  ; 8.069  ; 7.835  ;
; iA[4]      ; oHEX1[3]    ; 7.407  ; 7.640  ; 7.511  ; 7.730  ;
; iA[4]      ; oHEX1[4]    ; 7.095  ; 7.341  ; 7.199  ; 7.431  ;
; iA[4]      ; oHEX1[5]    ; 7.232  ; 7.524  ; 7.336  ; 7.614  ;
; iA[4]      ; oHEX1[6]    ; 8.225  ; 8.420  ; 8.347  ; 8.542  ;
; iA[4]      ; oLED[0]     ; 9.705  ; 10.385 ; 9.775  ; 10.502 ;
; iA[4]      ; oLED[4]     ; 9.199  ; 9.883  ; 9.303  ; 9.973  ;
; iA[4]      ; oLED[5]     ; 10.021 ; 9.565  ; 10.143 ; 9.687  ;
; iB[0]      ; oHEX0[0]    ; 7.940  ; 7.962  ; 7.913  ; 7.967  ;
; iB[0]      ; oHEX0[1]    ; 8.032  ; 8.270  ; 8.149  ; 8.299  ;
; iB[0]      ; oHEX0[2]    ; 8.392  ; 8.384  ; 8.194  ; 8.582  ;
; iB[0]      ; oHEX0[3]    ; 8.113  ; 8.323  ; 8.228  ; 8.350  ;
; iB[0]      ; oHEX0[4]    ; 7.930  ; 8.292  ; 8.128  ; 8.094  ;
; iB[0]      ; oHEX0[5]    ; 7.823  ; 8.244  ; 8.021  ; 8.046  ;
; iB[0]      ; oHEX0[6]    ; 8.372  ; 8.100  ; 8.358  ; 8.165  ;
; iB[0]      ; oHEX1[0]    ; 8.012  ; 8.150  ; 8.048  ; 8.186  ;
; iB[0]      ; oHEX1[2]    ; 8.076  ; 7.858  ; 8.112  ; 7.924  ;
; iB[0]      ; oHEX1[3]    ; 8.011  ; 8.148  ; 8.047  ; 8.184  ;
; iB[0]      ; oHEX1[4]    ; 7.806  ; 7.893  ; 7.872  ; 7.959  ;
; iB[0]      ; oHEX1[5]    ; 7.958  ; 8.087  ; 7.994  ; 8.123  ;
; iB[0]      ; oHEX1[6]    ; 8.020  ; 8.215  ; 8.056  ; 8.251  ;
; iB[0]      ; oLED[0]     ; 9.537  ; 10.458 ; 9.735  ; 10.260 ;
; iB[0]      ; oLED[1]     ; 9.290  ; 9.806  ; 9.334  ; 9.850  ;
; iB[0]      ; oLED[2]     ; 9.609  ; 10.271 ; 9.648  ; 10.309 ;
; iB[0]      ; oLED[3]     ; 9.406  ; 10.001 ; 9.446  ; 10.041 ;
; iB[0]      ; oLED[4]     ; 9.910  ; 10.435 ; 9.976  ; 10.501 ;
; iB[0]      ; oLED[5]     ; 9.816  ; 9.360  ; 9.852  ; 9.396  ;
; iB[1]      ; oHEX0[0]    ; 8.011  ; 8.053  ; 8.149  ; 8.186  ;
; iB[1]      ; oHEX0[1]    ; 8.280  ; 8.403  ; 8.418  ; 8.535  ;
; iB[1]      ; oHEX0[2]    ; 8.313  ; 8.844  ; 8.799  ; 8.629  ;
; iB[1]      ; oHEX0[3]    ; 8.380  ; 8.475  ; 8.520  ; 8.609  ;
; iB[1]      ; oHEX0[4]    ; 8.464  ; 8.218  ; 8.285  ; 8.700  ;
; iB[1]      ; oHEX0[5]    ; 8.057  ; 8.139  ; 8.195  ; 8.271  ;
; iB[1]      ; oHEX0[6]    ; 8.448  ; 8.253  ; 8.580  ; 8.391  ;
; iB[1]      ; oHEX1[0]    ; 8.174  ; 8.312  ; 8.292  ; 8.430  ;
; iB[1]      ; oHEX1[2]    ; 8.238  ; 8.020  ; 8.356  ; 8.168  ;
; iB[1]      ; oHEX1[3]    ; 8.173  ; 8.310  ; 8.291  ; 8.428  ;
; iB[1]      ; oHEX1[4]    ; 7.968  ; 8.055  ; 8.116  ; 8.203  ;
; iB[1]      ; oHEX1[5]    ; 8.120  ; 8.249  ; 8.238  ; 8.367  ;
; iB[1]      ; oHEX1[6]    ; 8.182  ; 8.377  ; 8.300  ; 8.495  ;
; iB[1]      ; oLED[0]     ; 10.071 ; 10.764 ; 10.178 ; 10.866 ;
; iB[1]      ; oLED[1]     ; 8.583  ; 9.661  ; 9.207  ; 9.056  ;
; iB[1]      ; oLED[2]     ; 9.771  ; 10.433 ; 9.892  ; 10.553 ;
; iB[1]      ; oLED[3]     ; 9.568  ; 10.163 ; 9.690  ; 10.285 ;
; iB[1]      ; oLED[4]     ; 10.072 ; 10.597 ; 10.220 ; 10.745 ;
; iB[1]      ; oLED[5]     ; 9.978  ; 9.522  ; 10.096 ; 9.640  ;
; iB[2]      ; oHEX0[0]    ; 7.845  ; 7.887  ; 7.945  ; 7.976  ;
; iB[2]      ; oHEX0[1]    ; 8.114  ; 8.701  ; 8.507  ; 8.326  ;
; iB[2]      ; oHEX0[2]    ; 8.148  ; 8.329  ; 8.249  ; 8.419  ;
; iB[2]      ; oHEX0[3]    ; 8.215  ; 8.310  ; 8.316  ; 8.400  ;
; iB[2]      ; oHEX0[4]    ; 7.890  ; 7.941  ; 7.980  ; 8.063  ;
; iB[2]      ; oHEX0[5]    ; 7.886  ; 7.968  ; 7.986  ; 8.057  ;
; iB[2]      ; oHEX0[6]    ; 8.280  ; 8.085  ; 8.370  ; 8.186  ;
; iB[2]      ; oHEX1[0]    ; 8.110  ; 8.248  ; 8.191  ; 8.329  ;
; iB[2]      ; oHEX1[2]    ; 8.174  ; 7.956  ; 8.255  ; 8.067  ;
; iB[2]      ; oHEX1[3]    ; 8.109  ; 8.246  ; 8.190  ; 8.327  ;
; iB[2]      ; oHEX1[4]    ; 7.904  ; 7.991  ; 8.015  ; 8.102  ;
; iB[2]      ; oHEX1[5]    ; 8.056  ; 8.185  ; 8.137  ; 8.266  ;
; iB[2]      ; oHEX1[6]    ; 8.118  ; 8.313  ; 8.199  ; 8.394  ;
; iB[2]      ; oLED[0]     ; 9.992  ; 10.662 ; 10.087 ; 10.746 ;
; iB[2]      ; oLED[2]     ; 8.927  ; 9.956  ; 9.320  ; 9.548  ;
; iB[2]      ; oLED[3]     ; 9.504  ; 10.099 ; 9.589  ; 10.184 ;
; iB[2]      ; oLED[4]     ; 10.008 ; 10.533 ; 10.119 ; 10.644 ;
; iB[2]      ; oLED[5]     ; 9.914  ; 9.458  ; 9.995  ; 9.539  ;
; iB[3]      ; oHEX0[0]    ; 7.604  ; 7.632  ; 7.754  ; 7.771  ;
; iB[3]      ; oHEX0[1]    ; 7.879  ; 7.998  ; 8.033  ; 8.138  ;
; iB[3]      ; oHEX0[2]    ; 7.887  ; 8.054  ; 8.035  ; 8.191  ;
; iB[3]      ; oHEX0[3]    ; 7.960  ; 8.051  ; 8.113  ; 8.190  ;
; iB[3]      ; oHEX0[4]    ; 8.257  ; 7.810  ; 7.902  ; 8.563  ;
; iB[3]      ; oHEX0[5]    ; 7.669  ; 7.747  ; 7.822  ; 7.886  ;
; iB[3]      ; oHEX0[6]    ; 8.028  ; 7.848  ; 8.165  ; 7.996  ;
; iB[3]      ; oHEX1[0]    ; 8.318  ; 8.456  ; 8.460  ; 8.598  ;
; iB[3]      ; oHEX1[2]    ; 8.382  ; 8.164  ; 8.524  ; 8.336  ;
; iB[3]      ; oHEX1[3]    ; 8.317  ; 8.454  ; 8.459  ; 8.596  ;
; iB[3]      ; oHEX1[4]    ; 8.112  ; 8.199  ; 8.284  ; 8.371  ;
; iB[3]      ; oHEX1[5]    ; 8.264  ; 8.393  ; 8.406  ; 8.535  ;
; iB[3]      ; oHEX1[6]    ; 8.326  ; 8.521  ; 8.468  ; 8.663  ;
; iB[3]      ; oLED[0]     ; 9.864  ; 11.277 ; 10.781 ; 10.729 ;
; iB[3]      ; oLED[3]     ; 8.778  ; 10.041 ; 9.610  ; 9.374  ;
; iB[3]      ; oLED[4]     ; 10.216 ; 10.741 ; 10.388 ; 10.913 ;
; iB[3]      ; oLED[5]     ; 10.122 ; 9.666  ; 10.264 ; 9.808  ;
; iB[4]      ; oHEX0[0]    ; 8.036  ; 8.058  ; 8.293  ; 8.328  ;
; iB[4]      ; oHEX0[1]    ; 8.128  ; 8.366  ; 8.398  ; 8.636  ;
; iB[4]      ; oHEX0[2]    ; 8.393  ; 8.480  ; 8.574  ; 8.750  ;
; iB[4]      ; oHEX0[3]    ; 8.209  ; 8.419  ; 8.479  ; 8.689  ;
; iB[4]      ; oHEX0[4]    ; 8.026  ; 8.293  ; 8.296  ; 8.474  ;
; iB[4]      ; oHEX0[5]    ; 7.919  ; 8.245  ; 8.189  ; 8.426  ;
; iB[4]      ; oHEX0[6]    ; 8.468  ; 8.196  ; 8.738  ; 8.466  ;
; iB[4]      ; oHEX1[0]    ; 7.708  ; 7.857  ; 7.841  ; 7.975  ;
; iB[4]      ; oHEX1[2]    ; 7.649  ; 7.363  ; 7.767  ; 7.496  ;
; iB[4]      ; oHEX1[3]    ; 7.707  ; 7.855  ; 7.840  ; 7.973  ;
; iB[4]      ; oHEX1[4]    ; 7.311  ; 7.421  ; 7.444  ; 7.539  ;
; iB[4]      ; oHEX1[5]    ; 7.547  ; 7.706  ; 7.680  ; 7.824  ;
; iB[4]      ; oHEX1[6]    ; 8.178  ; 8.373  ; 8.337  ; 8.532  ;
; iB[4]      ; oLED[0]     ; 9.633  ; 10.459 ; 9.903  ; 10.640 ;
; iB[4]      ; oLED[4]     ; 9.415  ; 9.963  ; 9.548  ; 10.081 ;
; iB[4]      ; oLED[5]     ; 9.974  ; 9.518  ; 10.133 ; 9.677  ;
; iKEY[0]    ; oHEX0[0]    ; 8.116  ; 8.144  ; 8.377  ; 8.405  ;
; iKEY[0]    ; oHEX0[1]    ; 8.391  ; 8.510  ; 8.652  ; 8.771  ;
; iKEY[0]    ; oHEX0[2]    ; 8.399  ; 8.566  ; 8.660  ; 8.827  ;
; iKEY[0]    ; oHEX0[3]    ; 8.472  ; 8.563  ; 8.733  ; 8.824  ;
; iKEY[0]    ; oHEX0[4]    ; 8.348  ; 8.322  ; 8.547  ; 8.583  ;
; iKEY[0]    ; oHEX0[5]    ; 8.181  ; 8.259  ; 8.442  ; 8.520  ;
; iKEY[0]    ; oHEX0[6]    ; 8.540  ; 8.360  ; 8.801  ; 8.621  ;
; iKEY[0]    ; oHEX1[0]    ; 7.725  ; 7.847  ; 8.002  ; 8.113  ;
; iKEY[0]    ; oHEX1[2]    ;        ; 7.995  ; 8.416  ;        ;
; iKEY[0]    ; oHEX1[3]    ; 7.724  ; 7.845  ; 8.001  ; 8.111  ;
; iKEY[0]    ; oHEX1[4]    ; 7.783  ; 7.884  ; 8.047  ; 8.137  ;
; iKEY[0]    ; oHEX1[5]    ; 7.568  ; 7.711  ; 7.847  ; 7.976  ;
; iKEY[0]    ; oHEX1[6]    ; 8.363  ;        ;        ; 8.824  ;
; iKEY[0]    ; oLED[0]     ; 10.230 ; 10.963 ; 10.494 ; 11.216 ;
; iKEY[0]    ; oLED[1]     ; 9.213  ; 9.670  ; 9.475  ; 9.870  ;
; iKEY[0]    ; oLED[2]     ; 9.584  ; 10.198 ; 9.845  ; 10.397 ;
; iKEY[0]    ; oLED[3]     ; 9.290  ; 9.820  ; 9.551  ; 10.019 ;
; iKEY[0]    ; oLED[4]     ; 9.887  ; 10.426 ; 10.151 ; 10.679 ;
; iKEY[0]    ; oLED[5]     ;        ; 9.703  ; 10.425 ;        ;
; iKEY[1]    ; oHEX0[0]    ; 8.514  ; 8.541  ; 8.826  ; 8.848  ;
; iKEY[1]    ; oHEX0[1]    ; 8.789  ; 8.908  ; 9.101  ; 9.215  ;
; iKEY[1]    ; oHEX0[2]    ; 8.797  ; 8.961  ; 9.109  ; 9.268  ;
; iKEY[1]    ; oHEX0[3]    ; 8.870  ; 8.960  ; 9.182  ; 9.267  ;
; iKEY[1]    ; oHEX0[4]    ; 8.672  ; 8.720  ; 8.979  ; 9.032  ;
; iKEY[1]    ; oHEX0[5]    ; 8.579  ; 8.656  ; 8.891  ; 8.963  ;
; iKEY[1]    ; oHEX0[6]    ; 8.935  ; 8.758  ; 9.242  ; 9.070  ;
; iKEY[1]    ; oHEX1[0]    ; 8.472  ; 8.826  ; 8.920  ; 9.185  ;
; iKEY[1]    ; oHEX1[3]    ; 8.471  ; 8.824  ; 8.919  ; 9.183  ;
; iKEY[1]    ; oHEX1[4]    ; 8.159  ; 8.525  ; 8.607  ; 8.884  ;
; iKEY[1]    ; oHEX1[5]    ; 8.296  ; 8.708  ; 8.744  ; 9.067  ;
; iKEY[1]    ; oLED[0]     ; 11.333 ; 12.082 ; 11.758 ; 12.395 ;
; iKEY[1]    ; oLED[1]     ; 9.438  ; 9.900  ; 9.878  ; 10.208 ;
; iKEY[1]    ; oLED[2]     ; 9.809  ; 10.428 ; 10.249 ; 10.736 ;
; iKEY[1]    ; oLED[3]     ; 9.688  ; 10.144 ; 10.000 ; 10.451 ;
; iKEY[1]    ; oLED[4]     ; 10.263 ; 11.067 ; 10.711 ; 11.426 ;
; iKEY[2]    ; oHEX0[0]    ; 7.768  ; 7.785  ; 7.956  ; 7.973  ;
; iKEY[2]    ; oHEX0[1]    ; 8.047  ; 8.152  ; 8.235  ; 8.340  ;
; iKEY[2]    ; oHEX0[2]    ; 8.049  ; 8.205  ; 8.237  ; 8.393  ;
; iKEY[2]    ; oHEX0[3]    ; 8.127  ; 8.204  ; 8.315  ; 8.392  ;
; iKEY[2]    ; oHEX0[4]    ; 7.916  ; 7.979  ; 8.104  ; 8.177  ;
; iKEY[2]    ; oHEX0[5]    ; 7.836  ; 7.900  ; 8.024  ; 8.088  ;
; iKEY[2]    ; oHEX0[6]    ; 8.179  ; 8.010  ; 8.367  ; 8.198  ;
; iKEY[2]    ; oHEX1[0]    ; 8.399  ; 8.637  ; 8.598  ; 8.825  ;
; iKEY[2]    ; oHEX1[3]    ; 8.398  ; 8.635  ; 8.597  ; 8.823  ;
; iKEY[2]    ; oHEX1[4]    ; 8.086  ; 8.336  ; 8.285  ; 8.524  ;
; iKEY[2]    ; oHEX1[5]    ; 8.223  ; 8.519  ; 8.422  ; 8.707  ;
; iKEY[2]    ; oLED[0]     ; 10.620 ; 11.878 ; 11.445 ; 11.511 ;
; iKEY[2]    ; oLED[1]     ; 8.932  ; 9.302  ; 9.142  ; 9.500  ;
; iKEY[2]    ; oLED[2]     ; 9.675  ; 10.215 ; 9.873  ; 10.402 ;
; iKEY[2]    ; oLED[3]     ; 8.947  ; 9.388  ; 9.145  ; 9.576  ;
; iKEY[2]    ; oLED[4]     ; 10.190 ; 10.878 ; 10.389 ; 11.066 ;
; iKEY[3]    ; oHEX0[0]    ; 8.096  ; 8.124  ; 8.296  ; 8.313  ;
; iKEY[3]    ; oHEX0[1]    ; 8.371  ; 8.490  ; 8.575  ; 8.680  ;
; iKEY[3]    ; oHEX0[2]    ; 8.379  ; 8.546  ; 8.577  ; 8.733  ;
; iKEY[3]    ; oHEX0[3]    ; 8.452  ; 8.543  ; 8.655  ; 8.732  ;
; iKEY[3]    ; oHEX0[4]    ; 8.532  ; 8.302  ; 8.444  ; 8.830  ;
; iKEY[3]    ; oHEX0[5]    ; 8.161  ; 8.239  ; 8.364  ; 8.428  ;
; iKEY[3]    ; oHEX0[6]    ; 8.520  ; 8.340  ; 8.707  ; 8.538  ;
; iKEY[3]    ; oHEX1[0]    ; 8.221  ;        ;        ; 8.660  ;
; iKEY[3]    ; oHEX1[3]    ; 8.220  ;        ;        ; 8.658  ;
; iKEY[3]    ; oHEX1[4]    ; 7.908  ;        ;        ; 8.359  ;
; iKEY[3]    ; oHEX1[5]    ; 8.045  ;        ;        ; 8.542  ;
; iKEY[3]    ; oLED[0]     ; 11.168 ; 11.988 ; 11.484 ; 12.006 ;
; iKEY[3]    ; oLED[1]     ; 9.199  ;        ;        ; 9.787  ;
; iKEY[3]    ; oLED[2]     ; 9.569  ;        ;        ; 10.315 ;
; iKEY[3]    ; oLED[3]     ; 9.270  ;        ;        ; 9.916  ;
; iKEY[3]    ; oLED[4]     ; 10.012 ;        ;        ; 10.901 ;
+------------+-------------+--------+--------+--------+--------+


----------------------------------------------
; Slow 1100mV 85C Model Metastability Report ;
----------------------------------------------
No synchronizer chains to report.


-------------------------------------
; Slow 1100mV 0C Model Fmax Summary ;
-------------------------------------
No paths to report.


--------------------------------------
; Slow 1100mV 0C Model Setup Summary ;
--------------------------------------
No paths to report.


-------------------------------------
; Slow 1100mV 0C Model Hold Summary ;
-------------------------------------
No paths to report.


-----------------------------------------
; Slow 1100mV 0C Model Recovery Summary ;
-----------------------------------------
No paths to report.


----------------------------------------
; Slow 1100mV 0C Model Removal Summary ;
----------------------------------------
No paths to report.


----------------------------------------------------
; Slow 1100mV 0C Model Minimum Pulse Width Summary ;
----------------------------------------------------
No paths to report.


+--------------------------------------------------------------+
; Propagation Delay                                            ;
+------------+-------------+--------+--------+--------+--------+
; Input Port ; Output Port ; RR     ; RF     ; FR     ; FF     ;
+------------+-------------+--------+--------+--------+--------+
; iA[0]      ; oHEX0[0]    ; 10.503 ; 10.579 ; 10.547 ; 10.623 ;
; iA[0]      ; oHEX0[1]    ; 10.828 ; 11.025 ; 10.872 ; 11.069 ;
; iA[0]      ; oHEX0[2]    ; 10.737 ; 11.220 ; 10.781 ; 11.264 ;
; iA[0]      ; oHEX0[3]    ; 10.959 ; 11.140 ; 11.003 ; 11.184 ;
; iA[0]      ; oHEX0[4]    ; 10.687 ; 10.645 ; 10.731 ; 10.689 ;
; iA[0]      ; oHEX0[5]    ; 10.558 ; 10.674 ; 10.602 ; 10.718 ;
; iA[0]      ; oHEX0[6]    ; 11.155 ; 10.858 ; 11.199 ; 10.902 ;
; iA[0]      ; oHEX1[0]    ; 9.859  ; 10.073 ; 9.924  ; 10.125 ;
; iA[0]      ; oHEX1[2]    ; 9.762  ; 9.447  ; 9.814  ; 9.512  ;
; iA[0]      ; oHEX1[3]    ; 9.858  ; 10.071 ; 9.923  ; 10.123 ;
; iA[0]      ; oHEX1[4]    ; 9.371  ; 9.602  ; 9.436  ; 9.654  ;
; iA[0]      ; oHEX1[5]    ; 9.714  ; 9.930  ; 9.779  ; 9.982  ;
; iA[0]      ; oHEX1[6]    ; 9.496  ; 9.871  ; 9.538  ; 9.913  ;
; iA[0]      ; oLED[0]     ; 11.811 ; 12.861 ; 11.937 ; 12.975 ;
; iA[0]      ; oLED[1]     ; 10.808 ; 11.526 ; 10.852 ; 11.570 ;
; iA[0]      ; oLED[2]     ; 11.307 ; 12.184 ; 11.363 ; 12.253 ;
; iA[0]      ; oLED[3]     ; 11.038 ; 11.825 ; 11.081 ; 11.868 ;
; iA[0]      ; oLED[4]     ; 11.690 ; 12.602 ; 11.755 ; 12.654 ;
; iA[0]      ; oLED[5]     ; 11.618 ; 10.894 ; 11.660 ; 10.936 ;
; iA[1]      ; oHEX0[0]    ; 10.529 ; 10.605 ; 10.702 ; 10.778 ;
; iA[1]      ; oHEX0[1]    ; 10.854 ; 11.051 ; 11.027 ; 11.224 ;
; iA[1]      ; oHEX0[2]    ; 10.800 ; 11.246 ; 10.973 ; 11.419 ;
; iA[1]      ; oHEX0[3]    ; 10.985 ; 11.166 ; 11.158 ; 11.339 ;
; iA[1]      ; oHEX0[4]    ; 10.713 ; 10.708 ; 10.886 ; 10.881 ;
; iA[1]      ; oHEX0[5]    ; 10.584 ; 10.700 ; 10.757 ; 10.873 ;
; iA[1]      ; oHEX0[6]    ; 11.181 ; 10.884 ; 11.354 ; 11.057 ;
; iA[1]      ; oHEX1[0]    ; 9.771  ; 9.985  ; 9.883  ; 10.084 ;
; iA[1]      ; oHEX1[2]    ; 9.674  ; 9.359  ; 9.773  ; 9.471  ;
; iA[1]      ; oHEX1[3]    ; 9.770  ; 9.983  ; 9.882  ; 10.082 ;
; iA[1]      ; oHEX1[4]    ; 9.283  ; 9.514  ; 9.395  ; 9.613  ;
; iA[1]      ; oHEX1[5]    ; 9.626  ; 9.842  ; 9.738  ; 9.941  ;
; iA[1]      ; oHEX1[6]    ; 9.408  ; 9.783  ; 9.497  ; 9.872  ;
; iA[1]      ; oLED[0]     ; 10.956 ; 12.951 ; 12.172 ; 12.059 ;
; iA[1]      ; oLED[1]     ; 10.871 ; 11.552 ; 11.044 ; 11.725 ;
; iA[1]      ; oLED[2]     ; 11.219 ; 12.096 ; 11.322 ; 12.212 ;
; iA[1]      ; oLED[3]     ; 10.950 ; 11.737 ; 11.040 ; 11.827 ;
; iA[1]      ; oLED[4]     ; 11.602 ; 12.514 ; 11.714 ; 12.613 ;
; iA[1]      ; oLED[5]     ; 11.530 ; 10.806 ; 11.619 ; 10.895 ;
; iA[2]      ; oHEX0[0]    ; 10.275 ; 10.506 ; 10.478 ; 10.646 ;
; iA[2]      ; oHEX0[1]    ; 10.564 ; 10.756 ; 10.664 ; 10.949 ;
; iA[2]      ; oHEX0[2]    ; 10.664 ; 10.894 ; 10.752 ; 11.260 ;
; iA[2]      ; oHEX0[3]    ; 10.670 ; 10.846 ; 10.795 ; 11.037 ;
; iA[2]      ; oHEX0[4]    ; 10.189 ; 10.540 ; 10.485 ; 10.606 ;
; iA[2]      ; oHEX0[5]    ; 10.226 ; 10.418 ; 10.389 ; 10.507 ;
; iA[2]      ; oHEX0[6]    ; 11.092 ; 10.632 ; 11.229 ; 10.832 ;
; iA[2]      ; oHEX1[0]    ; 9.955  ; 10.169 ; 10.058 ; 10.259 ;
; iA[2]      ; oHEX1[2]    ; 9.858  ; 9.543  ; 9.948  ; 9.646  ;
; iA[2]      ; oHEX1[3]    ; 9.954  ; 10.167 ; 10.057 ; 10.257 ;
; iA[2]      ; oHEX1[4]    ; 9.467  ; 9.698  ; 9.570  ; 9.788  ;
; iA[2]      ; oHEX1[5]    ; 9.810  ; 10.026 ; 9.913  ; 10.116 ;
; iA[2]      ; oHEX1[6]    ; 9.592  ; 9.967  ; 9.672  ; 10.047 ;
; iA[2]      ; oLED[0]     ; 11.692 ; 13.129 ; 12.224 ; 12.737 ;
; iA[2]      ; oLED[2]     ; 11.239 ; 12.068 ; 11.402 ; 12.219 ;
; iA[2]      ; oLED[3]     ; 11.134 ; 11.921 ; 11.215 ; 12.002 ;
; iA[2]      ; oLED[4]     ; 11.786 ; 12.698 ; 11.889 ; 12.788 ;
; iA[2]      ; oLED[5]     ; 11.714 ; 10.990 ; 11.794 ; 11.070 ;
; iA[3]      ; oHEX0[0]    ; 9.487  ; 9.655  ; 9.643  ; 9.811  ;
; iA[3]      ; oHEX0[1]    ; 9.642  ; 9.958  ; 9.861  ; 10.114 ;
; iA[3]      ; oHEX0[2]    ; 9.742  ; 10.269 ; 9.961  ; 10.425 ;
; iA[3]      ; oHEX0[3]    ; 9.748  ; 10.046 ; 9.967  ; 10.202 ;
; iA[3]      ; oHEX0[4]    ; 9.494  ; 9.618  ; 9.650  ; 9.837  ;
; iA[3]      ; oHEX0[5]    ; 9.339  ; 9.496  ; 9.495  ; 9.715  ;
; iA[3]      ; oHEX0[6]    ; 10.238 ; 9.841  ; 10.394 ; 9.997  ;
; iA[3]      ; oHEX1[0]    ; 9.796  ; 10.010 ; 9.857  ; 10.058 ;
; iA[3]      ; oHEX1[2]    ; 9.699  ; 9.384  ; 9.747  ; 9.445  ;
; iA[3]      ; oHEX1[3]    ; 9.795  ; 10.008 ; 9.856  ; 10.056 ;
; iA[3]      ; oHEX1[4]    ; 9.308  ; 9.539  ; 9.369  ; 9.587  ;
; iA[3]      ; oHEX1[5]    ; 9.651  ; 9.867  ; 9.712  ; 9.915  ;
; iA[3]      ; oHEX1[6]    ; 9.433  ; 9.808  ; 9.471  ; 9.846  ;
; iA[3]      ; oLED[0]     ; 11.233 ; 12.207 ; 11.389 ; 12.426 ;
; iA[3]      ; oLED[3]     ; 10.297 ; 11.183 ; 10.495 ; 11.372 ;
; iA[3]      ; oLED[4]     ; 11.627 ; 12.539 ; 11.688 ; 12.587 ;
; iA[3]      ; oLED[5]     ; 11.555 ; 10.831 ; 11.593 ; 10.869 ;
; iA[4]      ; oHEX0[0]    ; 9.704  ; 9.934  ; 10.028 ; 10.196 ;
; iA[4]      ; oHEX0[1]    ; 9.992  ; 10.184 ; 10.139 ; 10.499 ;
; iA[4]      ; oHEX0[2]    ; 10.092 ; 10.486 ; 9.988  ; 10.810 ;
; iA[4]      ; oHEX0[3]    ; 10.098 ; 10.274 ; 10.243 ; 10.587 ;
; iA[4]      ; oHEX0[4]    ; 9.711  ; 9.968  ; 10.035 ; 9.864  ;
; iA[4]      ; oHEX0[5]    ; 9.556  ; 9.846  ; 9.880  ; 9.742  ;
; iA[4]      ; oHEX0[6]    ; 10.520 ; 10.060 ; 10.779 ; 10.382 ;
; iA[4]      ; oHEX1[0]    ; 9.496  ; 9.650  ; 9.633  ; 9.775  ;
; iA[4]      ; oHEX1[2]    ; 9.554  ; 9.206  ; 9.609  ; 9.261  ;
; iA[4]      ; oHEX1[3]    ; 9.495  ; 9.648  ; 9.632  ; 9.773  ;
; iA[4]      ; oHEX1[4]    ; 9.008  ; 9.179  ; 9.145  ; 9.304  ;
; iA[4]      ; oHEX1[5]    ; 9.357  ; 9.543  ; 9.488  ; 9.632  ;
; iA[4]      ; oHEX1[6]    ; 9.308  ; 9.683  ; 9.363  ; 9.738  ;
; iA[4]      ; oLED[0]     ; 11.450 ; 12.557 ; 11.774 ; 12.453 ;
; iA[4]      ; oLED[4]     ; 11.327 ; 12.179 ; 11.464 ; 12.304 ;
; iA[4]      ; oLED[5]     ; 11.430 ; 10.706 ; 11.485 ; 10.761 ;
; iB[0]      ; oHEX0[0]    ; 10.005 ; 10.081 ; 10.050 ; 10.126 ;
; iB[0]      ; oHEX0[1]    ; 10.330 ; 10.527 ; 10.375 ; 10.572 ;
; iB[0]      ; oHEX0[2]    ; 10.239 ; 10.722 ; 10.284 ; 10.767 ;
; iB[0]      ; oHEX0[3]    ; 10.461 ; 10.642 ; 10.506 ; 10.687 ;
; iB[0]      ; oHEX0[4]    ; 10.189 ; 10.147 ; 10.234 ; 10.192 ;
; iB[0]      ; oHEX0[5]    ; 10.060 ; 10.176 ; 10.105 ; 10.221 ;
; iB[0]      ; oHEX0[6]    ; 10.657 ; 10.360 ; 10.702 ; 10.405 ;
; iB[0]      ; oHEX1[0]    ; 9.361  ; 9.575  ; 9.427  ; 9.628  ;
; iB[0]      ; oHEX1[2]    ; 9.264  ; 8.949  ; 9.317  ; 9.015  ;
; iB[0]      ; oHEX1[3]    ; 9.360  ; 9.573  ; 9.426  ; 9.626  ;
; iB[0]      ; oHEX1[4]    ; 8.873  ; 9.104  ; 8.939  ; 9.157  ;
; iB[0]      ; oHEX1[5]    ; 9.216  ; 9.432  ; 9.282  ; 9.485  ;
; iB[0]      ; oHEX1[6]    ; 8.998  ; 9.373  ; 9.041  ; 9.416  ;
; iB[0]      ; oLED[0]     ; 11.025 ; 12.268 ; 11.065 ; 12.353 ;
; iB[0]      ; oLED[1]     ; 10.310 ; 11.028 ; 10.355 ; 11.073 ;
; iB[0]      ; oLED[2]     ; 10.809 ; 11.686 ; 10.866 ; 11.756 ;
; iB[0]      ; oLED[3]     ; 10.540 ; 11.327 ; 10.584 ; 11.371 ;
; iB[0]      ; oLED[4]     ; 11.192 ; 12.104 ; 11.258 ; 12.157 ;
; iB[0]      ; oLED[5]     ; 11.120 ; 10.396 ; 11.163 ; 10.439 ;
; iB[1]      ; oHEX0[0]    ; 10.284 ; 10.452 ; 10.290 ; 10.521 ;
; iB[1]      ; oHEX0[1]    ; 10.437 ; 10.755 ; 10.579 ; 10.771 ;
; iB[1]      ; oHEX0[2]    ; 10.397 ; 11.066 ; 10.679 ; 10.965 ;
; iB[1]      ; oHEX0[3]    ; 10.568 ; 10.843 ; 10.704 ; 10.885 ;
; iB[1]      ; oHEX0[4]    ; 10.296 ; 10.272 ; 10.432 ; 10.555 ;
; iB[1]      ; oHEX0[5]    ; 10.167 ; 10.283 ; 10.303 ; 10.433 ;
; iB[1]      ; oHEX0[6]    ; 11.035 ; 10.638 ; 11.107 ; 10.647 ;
; iB[1]      ; oHEX1[0]    ; 9.560  ; 9.774  ; 9.700  ; 9.901  ;
; iB[1]      ; oHEX1[2]    ; 9.463  ; 9.148  ; 9.590  ; 9.288  ;
; iB[1]      ; oHEX1[3]    ; 9.559  ; 9.772  ; 9.699  ; 9.899  ;
; iB[1]      ; oHEX1[4]    ; 9.072  ; 9.303  ; 9.212  ; 9.430  ;
; iB[1]      ; oHEX1[5]    ; 9.415  ; 9.631  ; 9.555  ; 9.758  ;
; iB[1]      ; oHEX1[6]    ; 9.197  ; 9.572  ; 9.314  ; 9.689  ;
; iB[1]      ; oLED[0]     ; 12.030 ; 11.919 ; 11.150 ; 13.144 ;
; iB[1]      ; oLED[1]     ; 10.286 ; 11.135 ; 10.436 ; 11.271 ;
; iB[1]      ; oLED[2]     ; 11.008 ; 11.885 ; 11.139 ; 12.029 ;
; iB[1]      ; oLED[3]     ; 10.739 ; 11.526 ; 10.857 ; 11.644 ;
; iB[1]      ; oLED[4]     ; 11.391 ; 12.303 ; 11.531 ; 12.430 ;
; iB[1]      ; oLED[5]     ; 11.319 ; 10.595 ; 11.436 ; 10.712 ;
; iB[2]      ; oHEX0[0]    ; 9.710  ; 9.878  ; 9.749  ; 9.952  ;
; iB[2]      ; oHEX0[1]    ; 9.821  ; 10.181 ; 10.010 ; 10.282 ;
; iB[2]      ; oHEX0[2]    ; 10.001 ; 10.492 ; 10.161 ; 10.475 ;
; iB[2]      ; oHEX0[3]    ; 10.043 ; 10.269 ; 10.203 ; 10.396 ;
; iB[2]      ; oHEX0[4]    ; 9.717  ; 9.876  ; 9.759  ; 10.036 ;
; iB[2]      ; oHEX0[5]    ; 9.636  ; 9.764  ; 9.796  ; 9.924  ;
; iB[2]      ; oHEX0[6]    ; 10.461 ; 10.064 ; 10.538 ; 10.101 ;
; iB[2]      ; oHEX1[0]    ; 9.471  ; 9.685  ; 9.613  ; 9.814  ;
; iB[2]      ; oHEX1[2]    ; 9.374  ; 9.059  ; 9.503  ; 9.201  ;
; iB[2]      ; oHEX1[3]    ; 9.470  ; 9.683  ; 9.612  ; 9.812  ;
; iB[2]      ; oHEX1[4]    ; 8.983  ; 9.214  ; 9.125  ; 9.343  ;
; iB[2]      ; oHEX1[5]    ; 9.326  ; 9.542  ; 9.468  ; 9.671  ;
; iB[2]      ; oHEX1[6]    ; 9.108  ; 9.483  ; 9.227  ; 9.602  ;
; iB[2]      ; oLED[0]     ; 11.456 ; 11.801 ; 11.041 ; 12.575 ;
; iB[2]      ; oLED[2]     ; 10.465 ; 11.489 ; 10.581 ; 11.649 ;
; iB[2]      ; oLED[3]     ; 10.650 ; 11.437 ; 10.770 ; 11.557 ;
; iB[2]      ; oLED[4]     ; 11.302 ; 12.214 ; 11.444 ; 12.343 ;
; iB[2]      ; oLED[5]     ; 11.230 ; 10.506 ; 11.349 ; 10.625 ;
; iB[3]      ; oHEX0[0]    ; 9.912  ; 9.997  ; 10.193 ; 10.361 ;
; iB[3]      ; oHEX0[1]    ; 10.246 ; 10.454 ; 10.411 ; 10.664 ;
; iB[3]      ; oHEX0[2]    ; 10.301 ; 10.614 ; 10.466 ; 10.975 ;
; iB[3]      ; oHEX0[3]    ; 10.353 ; 10.545 ; 10.518 ; 10.752 ;
; iB[3]      ; oHEX0[4]    ; 10.111 ; 10.207 ; 10.276 ; 10.372 ;
; iB[3]      ; oHEX0[5]    ; 9.991  ; 10.118 ; 10.156 ; 10.283 ;
; iB[3]      ; oHEX0[6]    ; 10.547 ; 10.244 ; 10.944 ; 10.547 ;
; iB[3]      ; oHEX1[0]    ; 9.838  ; 10.052 ; 9.943  ; 10.144 ;
; iB[3]      ; oHEX1[2]    ; 9.741  ; 9.426  ; 9.833  ; 9.531  ;
; iB[3]      ; oHEX1[3]    ; 9.837  ; 10.050 ; 9.942  ; 10.142 ;
; iB[3]      ; oHEX1[4]    ; 9.350  ; 9.581  ; 9.455  ; 9.673  ;
; iB[3]      ; oHEX1[5]    ; 9.693  ; 9.909  ; 9.798  ; 10.001 ;
; iB[3]      ; oHEX1[6]    ; 9.475  ; 9.850  ; 9.557  ; 9.932  ;
; iB[3]      ; oLED[0]     ; 11.500 ; 12.525 ; 11.939 ; 12.832 ;
; iB[3]      ; oLED[3]     ; 11.168 ; 11.918 ; 11.333 ; 12.083 ;
; iB[3]      ; oLED[4]     ; 11.669 ; 12.581 ; 11.774 ; 12.673 ;
; iB[3]      ; oLED[5]     ; 11.597 ; 10.873 ; 11.679 ; 10.955 ;
; iB[4]      ; oHEX0[0]    ; 10.428 ; 10.596 ; 10.411 ; 10.642 ;
; iB[4]      ; oHEX0[1]    ; 10.539 ; 10.899 ; 10.700 ; 10.892 ;
; iB[4]      ; oHEX0[2]    ; 10.314 ; 11.210 ; 10.800 ; 11.047 ;
; iB[4]      ; oHEX0[3]    ; 10.643 ; 10.987 ; 10.806 ; 10.982 ;
; iB[4]      ; oHEX0[4]    ; 10.435 ; 10.190 ; 10.272 ; 10.676 ;
; iB[4]      ; oHEX0[5]    ; 10.280 ; 10.068 ; 10.117 ; 10.554 ;
; iB[4]      ; oHEX0[6]    ; 11.179 ; 10.782 ; 11.228 ; 10.768 ;
; iB[4]      ; oHEX1[0]    ; 9.506  ; 9.855  ; 9.627  ; 9.976  ;
; iB[4]      ; oHEX1[2]    ; 9.769  ; 9.421  ; 9.890  ; 9.542  ;
; iB[4]      ; oHEX1[3]    ; 9.505  ; 9.853  ; 9.626  ; 9.974  ;
; iB[4]      ; oHEX1[4]    ; 8.474  ; 8.826  ; 8.659  ; 9.014  ;
; iB[4]      ; oHEX1[5]    ; 9.572  ; 9.758  ; 9.693  ; 9.879  ;
; iB[4]      ; oHEX1[6]    ; 9.523  ; 9.898  ; 9.644  ; 10.019 ;
; iB[4]      ; oLED[0]     ; 12.174 ; 12.779 ; 12.011 ; 13.265 ;
; iB[4]      ; oLED[4]     ; 10.793 ; 11.826 ; 10.978 ; 12.014 ;
; iB[4]      ; oLED[5]     ; 11.645 ; 10.921 ; 11.766 ; 11.042 ;
; iKEY[0]    ; oHEX0[0]    ; 9.526  ; 9.626  ; 9.922  ; 10.090 ;
; iKEY[0]    ; oHEX0[1]    ; 9.851  ; 10.048 ; 10.245 ; 10.442 ;
; iKEY[0]    ; oHEX0[2]    ; 9.820  ; 10.243 ; 10.278 ; 10.704 ;
; iKEY[0]    ; oHEX0[3]    ; 9.982  ; 10.163 ; 10.376 ; 10.557 ;
; iKEY[0]    ; oHEX0[4]    ; 9.710  ; 9.728  ; 10.104 ; 10.186 ;
; iKEY[0]    ; oHEX0[5]    ; 9.581  ; 9.697  ; 9.975  ; 10.091 ;
; iKEY[0]    ; oHEX0[6]    ; 10.209 ; 9.881  ; 10.673 ; 10.276 ;
; iKEY[0]    ; oHEX1[0]    ; 8.265  ; 8.506  ; 8.771  ; 8.991  ;
; iKEY[0]    ; oHEX1[2]    ;        ; 8.716  ; 9.404  ;        ;
; iKEY[0]    ; oHEX1[3]    ; 8.264  ; 8.504  ; 8.770  ; 8.989  ;
; iKEY[0]    ; oHEX1[4]    ; 8.457  ; 8.571  ; 8.920  ; 9.044  ;
; iKEY[0]    ; oHEX1[5]    ; 8.118  ; 8.369  ; 8.631  ; 8.855  ;
; iKEY[0]    ; oHEX1[6]    ; 9.134  ;        ;        ; 9.960  ;
; iKEY[0]    ; oLED[0]     ; 11.204 ; 12.200 ; 11.668 ; 12.673 ;
; iKEY[0]    ; oLED[1]     ; 9.891  ; 10.549 ; 10.349 ; 10.943 ;
; iKEY[0]    ; oLED[2]     ; 10.351 ; 11.224 ; 10.809 ; 11.618 ;
; iKEY[0]    ; oLED[3]     ; 10.072 ; 10.792 ; 10.534 ; 11.191 ;
; iKEY[0]    ; oLED[4]     ; 10.776 ; 11.571 ; 11.239 ; 12.044 ;
; iKEY[0]    ; oLED[5]     ;        ; 10.532 ; 11.707 ;        ;
; iKEY[1]    ; oHEX0[0]    ; 11.198 ; 11.366 ; 11.670 ; 11.901 ;
; iKEY[1]    ; oHEX0[1]    ; 11.309 ; 11.669 ; 11.959 ; 12.151 ;
; iKEY[1]    ; oHEX0[2]    ; 11.022 ; 11.980 ; 12.059 ; 12.176 ;
; iKEY[1]    ; oHEX0[3]    ; 11.413 ; 11.757 ; 12.065 ; 12.241 ;
; iKEY[1]    ; oHEX0[4]    ; 11.205 ; 10.898 ; 11.401 ; 11.935 ;
; iKEY[1]    ; oHEX0[5]    ; 11.050 ; 10.776 ; 11.246 ; 11.813 ;
; iKEY[1]    ; oHEX0[6]    ; 11.949 ; 11.552 ; 12.487 ; 12.027 ;
; iKEY[1]    ; oHEX1[0]    ; 9.178  ; 9.606  ; 9.894  ; 10.154 ;
; iKEY[1]    ; oHEX1[3]    ; 9.177  ; 9.604  ; 9.893  ; 10.152 ;
; iKEY[1]    ; oHEX1[4]    ; 8.835  ; 9.197  ; 9.551  ; 9.745  ;
; iKEY[1]    ; oHEX1[5]    ; 9.012  ; 9.476  ; 9.728  ; 10.024 ;
; iKEY[1]    ; oLED[0]     ; 12.944 ; 13.487 ; 13.140 ; 14.524 ;
; iKEY[1]    ; oLED[1]     ; 10.296 ; 10.966 ; 10.839 ; 11.569 ;
; iKEY[1]    ; oLED[2]     ; 10.756 ; 11.641 ; 11.299 ; 12.244 ;
; iKEY[1]    ; oLED[3]     ; 10.600 ; 11.252 ; 11.161 ; 11.798 ;
; iKEY[1]    ; oLED[4]     ; 11.154 ; 12.197 ; 11.870 ; 12.745 ;
; iKEY[2]    ; oHEX0[0]    ; 11.152 ; 11.320 ; 11.265 ; 11.496 ;
; iKEY[2]    ; oHEX0[1]    ; 11.263 ; 11.623 ; 11.554 ; 11.746 ;
; iKEY[2]    ; oHEX0[2]    ; 10.832 ; 11.934 ; 11.654 ; 11.774 ;
; iKEY[2]    ; oHEX0[3]    ; 11.367 ; 11.711 ; 11.660 ; 11.836 ;
; iKEY[2]    ; oHEX0[4]    ; 11.159 ; 10.708 ; 10.999 ; 11.530 ;
; iKEY[2]    ; oHEX0[5]    ; 11.004 ; 10.586 ; 10.844 ; 11.408 ;
; iKEY[2]    ; oHEX0[6]    ; 11.903 ; 11.506 ; 12.082 ; 11.622 ;
; iKEY[2]    ; oHEX1[0]    ; 9.155  ; 9.422  ; 9.461  ; 9.737  ;
; iKEY[2]    ; oHEX1[3]    ; 9.154  ; 9.420  ; 9.460  ; 9.735  ;
; iKEY[2]    ; oHEX1[4]    ; 8.812  ; 9.013  ; 9.118  ; 9.328  ;
; iKEY[2]    ; oHEX1[5]    ; 8.989  ; 9.292  ; 9.295  ; 9.607  ;
; iKEY[2]    ; oLED[0]     ; 12.898 ; 13.297 ; 12.738 ; 14.119 ;
; iKEY[2]    ; oLED[1]     ; 9.497  ; 10.099 ; 9.848  ; 10.429 ;
; iKEY[2]    ; oLED[2]     ; 10.526 ; 11.318 ; 10.833 ; 11.633 ;
; iKEY[2]    ; oLED[3]     ; 9.603  ; 10.268 ; 9.940  ; 10.583 ;
; iKEY[2]    ; oLED[4]     ; 11.131 ; 12.013 ; 11.437 ; 12.328 ;
; iKEY[3]    ; oHEX0[0]    ; 10.775 ; 11.006 ; 11.235 ; 11.403 ;
; iKEY[3]    ; oHEX0[1]    ; 11.064 ; 11.256 ; 11.346 ; 11.706 ;
; iKEY[3]    ; oHEX0[2]    ; 11.164 ; 11.378 ; 11.104 ; 12.017 ;
; iKEY[3]    ; oHEX0[3]    ; 11.170 ; 11.346 ; 11.450 ; 11.794 ;
; iKEY[3]    ; oHEX0[4]    ; 10.603 ; 11.040 ; 11.242 ; 10.980 ;
; iKEY[3]    ; oHEX0[5]    ; 10.448 ; 10.918 ; 11.087 ; 10.858 ;
; iKEY[3]    ; oHEX0[6]    ; 11.592 ; 11.132 ; 11.986 ; 11.589 ;
; iKEY[3]    ; oHEX1[0]    ; 8.893  ;        ;        ; 9.637  ;
; iKEY[3]    ; oHEX1[3]    ; 8.892  ;        ;        ; 9.635  ;
; iKEY[3]    ; oHEX1[4]    ; 8.550  ;        ;        ; 9.228  ;
; iKEY[3]    ; oHEX1[5]    ; 8.727  ;        ;        ; 9.507  ;
; iKEY[3]    ; oLED[0]     ; 12.342 ; 13.629 ; 12.981 ; 13.569 ;
; iKEY[3]    ; oLED[1]     ; 9.945  ;        ;        ; 10.883 ;
; iKEY[3]    ; oLED[2]     ; 10.404 ;        ;        ; 11.558 ;
; iKEY[3]    ; oLED[3]     ; 10.135 ;        ;        ; 11.119 ;
; iKEY[3]    ; oLED[4]     ; 10.869 ;        ;        ; 12.228 ;
+------------+-------------+--------+--------+--------+--------+


+--------------------------------------------------------------+
; Minimum Propagation Delay                                    ;
+------------+-------------+--------+--------+--------+--------+
; Input Port ; Output Port ; RR     ; RF     ; FR     ; FF     ;
+------------+-------------+--------+--------+--------+--------+
; iA[0]      ; oHEX0[0]    ; 8.100  ; 8.227  ; 8.254  ; 8.342  ;
; iA[0]      ; oHEX0[1]    ; 8.289  ; 8.494  ; 8.330  ; 8.644  ;
; iA[0]      ; oHEX0[2]    ; 8.415  ; 8.926  ; 8.750  ; 8.793  ;
; iA[0]      ; oHEX0[3]    ; 8.377  ; 8.561  ; 8.416  ; 8.709  ;
; iA[0]      ; oHEX0[4]    ; 8.410  ; 8.304  ; 8.231  ; 8.639  ;
; iA[0]      ; oHEX0[5]    ; 8.292  ; 8.237  ; 8.113  ; 8.572  ;
; iA[0]      ; oHEX0[6]    ; 8.577  ; 8.374  ; 8.772  ; 8.416  ;
; iA[0]      ; oHEX1[0]    ; 8.210  ; 8.427  ; 8.343  ; 8.560  ;
; iA[0]      ; oHEX1[2]    ; 8.339  ; 8.095  ; 8.472  ; 8.257  ;
; iA[0]      ; oHEX1[3]    ; 8.209  ; 8.424  ; 8.342  ; 8.557  ;
; iA[0]      ; oHEX1[4]    ; 8.063  ; 8.186  ; 8.225  ; 8.347  ;
; iA[0]      ; oHEX1[5]    ; 8.203  ; 8.361  ; 8.336  ; 8.494  ;
; iA[0]      ; oHEX1[6]    ; 8.193  ; 8.454  ; 8.326  ; 8.587  ;
; iA[0]      ; oLED[0]     ; 10.051 ; 10.580 ; 9.872  ; 10.915 ;
; iA[0]      ; oLED[1]     ; 9.386  ; 9.993  ; 9.521  ; 10.128 ;
; iA[0]      ; oLED[2]     ; 9.817  ; 10.542 ; 9.939  ; 10.665 ;
; iA[0]      ; oLED[3]     ; 9.583  ; 10.237 ; 9.717  ; 10.371 ;
; iA[0]      ; oLED[4]     ; 10.146 ; 10.770 ; 10.308 ; 10.931 ;
; iA[0]      ; oLED[5]     ; 10.069 ; 9.499  ; 10.202 ; 9.632  ;
; iA[1]      ; oHEX0[0]    ; 7.865  ; 7.969  ; 8.007  ; 8.111  ;
; iA[1]      ; oHEX0[1]    ; 8.143  ; 8.318  ; 8.285  ; 8.460  ;
; iA[1]      ; oHEX0[2]    ; 8.199  ; 8.494  ; 8.341  ; 8.625  ;
; iA[1]      ; oHEX0[3]    ; 8.250  ; 8.404  ; 8.392  ; 8.546  ;
; iA[1]      ; oHEX0[4]    ; 8.071  ; 8.139  ; 8.202  ; 8.281  ;
; iA[1]      ; oHEX0[5]    ; 7.915  ; 8.048  ; 8.057  ; 8.190  ;
; iA[1]      ; oHEX0[6]    ; 8.387  ; 8.132  ; 8.529  ; 8.274  ;
; iA[1]      ; oHEX1[0]    ; 8.085  ; 8.302  ; 8.257  ; 8.474  ;
; iA[1]      ; oHEX1[2]    ; 8.214  ; 7.970  ; 8.386  ; 8.171  ;
; iA[1]      ; oHEX1[3]    ; 8.084  ; 8.299  ; 8.256  ; 8.471  ;
; iA[1]      ; oHEX1[4]    ; 7.938  ; 8.061  ; 8.139  ; 8.261  ;
; iA[1]      ; oHEX1[5]    ; 8.078  ; 8.236  ; 8.250  ; 8.408  ;
; iA[1]      ; oHEX1[6]    ; 8.068  ; 8.329  ; 8.240  ; 8.501  ;
; iA[1]      ; oLED[0]     ; 9.841  ; 10.592 ; 9.984  ; 10.724 ;
; iA[1]      ; oLED[1]     ; 8.374  ; 8.856  ; 8.516  ; 8.987  ;
; iA[1]      ; oLED[2]     ; 9.692  ; 10.417 ; 9.853  ; 10.579 ;
; iA[1]      ; oLED[3]     ; 9.458  ; 10.112 ; 9.631  ; 10.285 ;
; iA[1]      ; oLED[4]     ; 10.021 ; 10.645 ; 10.222 ; 10.845 ;
; iA[1]      ; oLED[5]     ; 9.944  ; 9.374  ; 10.116 ; 9.546  ;
; iA[2]      ; oHEX0[0]    ; 7.585  ; 7.678  ; 7.713  ; 7.806  ;
; iA[2]      ; oHEX0[1]    ; 7.868  ; 8.026  ; 8.011  ; 8.154  ;
; iA[2]      ; oHEX0[2]    ; 7.922  ; 8.153  ; 8.050  ; 8.281  ;
; iA[2]      ; oHEX0[3]    ; 7.972  ; 8.115  ; 8.100  ; 8.243  ;
; iA[2]      ; oHEX0[4]    ; 7.619  ; 7.736  ; 7.747  ; 7.879  ;
; iA[2]      ; oHEX0[5]    ; 7.630  ; 7.752  ; 7.758  ; 7.880  ;
; iA[2]      ; oHEX0[6]    ; 8.094  ; 7.851  ; 8.222  ; 7.979  ;
; iA[2]      ; oHEX1[0]    ; 8.304  ; 8.521  ; 8.470  ; 8.687  ;
; iA[2]      ; oHEX1[2]    ; 8.433  ; 8.189  ; 8.599  ; 8.384  ;
; iA[2]      ; oHEX1[3]    ; 8.303  ; 8.518  ; 8.469  ; 8.684  ;
; iA[2]      ; oHEX1[4]    ; 8.157  ; 8.280  ; 8.352  ; 8.474  ;
; iA[2]      ; oHEX1[5]    ; 8.297  ; 8.455  ; 8.463  ; 8.621  ;
; iA[2]      ; oHEX1[6]    ; 8.287  ; 8.548  ; 8.453  ; 8.714  ;
; iA[2]      ; oLED[0]     ; 10.504 ; 11.246 ; 10.634 ; 11.370 ;
; iA[2]      ; oLED[2]     ; 8.624  ; 9.255  ; 8.767  ; 9.383  ;
; iA[2]      ; oLED[3]     ; 9.677  ; 10.331 ; 9.844  ; 10.498 ;
; iA[2]      ; oLED[4]     ; 10.240 ; 10.864 ; 10.435 ; 11.058 ;
; iA[2]      ; oLED[5]     ; 10.163 ; 9.593  ; 10.329 ; 9.759  ;
; iA[3]      ; oHEX0[0]    ; 6.858  ; 6.949  ; 6.969  ; 7.045  ;
; iA[3]      ; oHEX0[1]    ; 7.136  ; 7.311  ; 7.253  ; 7.411  ;
; iA[3]      ; oHEX0[2]    ; 7.174  ; 7.403  ; 7.284  ; 7.498  ;
; iA[3]      ; oHEX0[3]    ; 7.225  ; 7.379  ; 7.341  ; 7.478  ;
; iA[3]      ; oHEX0[4]    ; 7.102  ; 7.133  ; 7.132  ; 7.311  ;
; iA[3]      ; oHEX0[5]    ; 6.922  ; 7.055  ; 7.039  ; 7.155  ;
; iA[3]      ; oHEX0[6]    ; 7.365  ; 7.126  ; 7.460  ; 7.236  ;
; iA[3]      ; oHEX1[0]    ; 7.834  ; 8.051  ; 8.021  ; 8.238  ;
; iA[3]      ; oHEX1[2]    ; 7.963  ; 7.719  ; 8.150  ; 7.935  ;
; iA[3]      ; oHEX1[3]    ; 7.833  ; 8.048  ; 8.020  ; 8.235  ;
; iA[3]      ; oHEX1[4]    ; 7.687  ; 7.810  ; 7.903  ; 8.025  ;
; iA[3]      ; oHEX1[5]    ; 7.827  ; 7.985  ; 8.014  ; 8.172  ;
; iA[3]      ; oHEX1[6]    ; 7.817  ; 8.078  ; 8.004  ; 8.265  ;
; iA[3]      ; oLED[0]     ; 10.081 ; 10.785 ; 10.100 ; 10.973 ;
; iA[3]      ; oLED[3]     ; 8.060  ; 8.682  ; 8.238  ; 8.712  ;
; iA[3]      ; oLED[4]     ; 9.770  ; 10.394 ; 9.986  ; 10.609 ;
; iA[3]      ; oLED[5]     ; 9.693  ; 9.123  ; 9.880  ; 9.310  ;
; iA[4]      ; oHEX0[0]    ; 7.782  ; 7.909  ; 7.928  ; 8.055  ;
; iA[4]      ; oHEX0[1]    ; 7.966  ; 8.176  ; 8.061  ; 8.322  ;
; iA[4]      ; oHEX0[2]    ; 8.097  ; 8.429  ; 8.243  ; 8.524  ;
; iA[4]      ; oHEX0[3]    ; 8.052  ; 8.243  ; 8.147  ; 8.389  ;
; iA[4]      ; oHEX0[4]    ; 7.867  ; 7.986  ; 7.962  ; 8.132  ;
; iA[4]      ; oHEX0[5]    ; 7.749  ; 7.919  ; 7.844  ; 8.065  ;
; iA[4]      ; oHEX0[6]    ; 8.259  ; 8.052  ; 8.405  ; 8.147  ;
; iA[4]      ; oHEX1[0]    ; 7.132  ; 7.415  ; 7.265  ; 7.531  ;
; iA[4]      ; oHEX1[2]    ; 7.797  ; 7.554  ; 7.906  ; 7.667  ;
; iA[4]      ; oHEX1[3]    ; 7.131  ; 7.412  ; 7.264  ; 7.528  ;
; iA[4]      ; oHEX1[4]    ; 6.839  ; 7.084  ; 6.972  ; 7.200  ;
; iA[4]      ; oHEX1[5]    ; 6.976  ; 7.279  ; 7.109  ; 7.395  ;
; iA[4]      ; oHEX1[6]    ; 8.013  ; 8.274  ; 8.164  ; 8.425  ;
; iA[4]      ; oLED[0]     ; 9.508  ; 10.262 ; 9.603  ; 10.408 ;
; iA[4]      ; oLED[4]     ; 8.922  ; 9.668  ; 9.055  ; 9.784  ;
; iA[4]      ; oLED[5]     ; 9.889  ; 9.319  ; 10.040 ; 9.470  ;
; iB[0]      ; oHEX0[0]    ; 7.683  ; 7.771  ; 7.610  ; 7.737  ;
; iB[0]      ; oHEX0[1]    ; 7.759  ; 8.073  ; 7.799  ; 8.004  ;
; iB[0]      ; oHEX0[2]    ; 8.213  ; 8.222  ; 7.925  ; 8.489  ;
; iB[0]      ; oHEX0[3]    ; 7.845  ; 8.138  ; 7.887  ; 8.071  ;
; iB[0]      ; oHEX0[4]    ; 7.660  ; 8.102  ; 7.927  ; 7.814  ;
; iB[0]      ; oHEX0[5]    ; 7.542  ; 8.035  ; 7.809  ; 7.747  ;
; iB[0]      ; oHEX0[6]    ; 8.201  ; 7.845  ; 8.087  ; 7.884  ;
; iB[0]      ; oHEX1[0]    ; 7.815  ; 8.032  ; 7.882  ; 8.099  ;
; iB[0]      ; oHEX1[2]    ; 7.944  ; 7.700  ; 8.011  ; 7.796  ;
; iB[0]      ; oHEX1[3]    ; 7.814  ; 8.029  ; 7.881  ; 8.096  ;
; iB[0]      ; oHEX1[4]    ; 7.668  ; 7.791  ; 7.764  ; 7.886  ;
; iB[0]      ; oHEX1[5]    ; 7.808  ; 7.966  ; 7.875  ; 8.033  ;
; iB[0]      ; oHEX1[6]    ; 7.798  ; 8.059  ; 7.865  ; 8.126  ;
; iB[0]      ; oLED[0]     ; 9.301  ; 10.378 ; 9.568  ; 10.090 ;
; iB[0]      ; oLED[1]     ; 8.991  ; 9.598  ; 9.060  ; 9.667  ;
; iB[0]      ; oLED[2]     ; 9.422  ; 10.147 ; 9.478  ; 10.204 ;
; iB[0]      ; oLED[3]     ; 9.188  ; 9.842  ; 9.256  ; 9.910  ;
; iB[0]      ; oLED[4]     ; 9.751  ; 10.375 ; 9.847  ; 10.470 ;
; iB[0]      ; oLED[5]     ; 9.674  ; 9.104  ; 9.741  ; 9.171  ;
; iB[1]      ; oHEX0[0]    ; 7.803  ; 7.907  ; 7.979  ; 8.078  ;
; iB[1]      ; oHEX0[1]    ; 8.081  ; 8.256  ; 8.256  ; 8.426  ;
; iB[1]      ; oHEX0[2]    ; 8.137  ; 8.699  ; 8.596  ; 8.553  ;
; iB[1]      ; oHEX0[3]    ; 8.188  ; 8.342  ; 8.366  ; 8.515  ;
; iB[1]      ; oHEX0[4]    ; 8.253  ; 8.077  ; 8.130  ; 8.485  ;
; iB[1]      ; oHEX0[5]    ; 7.853  ; 7.986  ; 8.030  ; 8.158  ;
; iB[1]      ; oHEX0[6]    ; 8.325  ; 8.070  ; 8.497  ; 8.247  ;
; iB[1]      ; oHEX1[0]    ; 7.983  ; 8.200  ; 8.161  ; 8.378  ;
; iB[1]      ; oHEX1[2]    ; 8.112  ; 7.868  ; 8.290  ; 8.075  ;
; iB[1]      ; oHEX1[3]    ; 7.982  ; 8.197  ; 8.160  ; 8.375  ;
; iB[1]      ; oHEX1[4]    ; 7.836  ; 7.959  ; 8.043  ; 8.165  ;
; iB[1]      ; oHEX1[5]    ; 7.976  ; 8.134  ; 8.154  ; 8.312  ;
; iB[1]      ; oHEX1[6]    ; 7.966  ; 8.227  ; 8.144  ; 8.405  ;
; iB[1]      ; oLED[0]     ; 9.894  ; 10.645 ; 10.016 ; 10.761 ;
; iB[1]      ; oLED[1]     ; 8.312  ; 9.445  ; 8.917  ; 8.915  ;
; iB[1]      ; oLED[2]     ; 9.590  ; 10.315 ; 9.757  ; 10.483 ;
; iB[1]      ; oLED[3]     ; 9.356  ; 10.010 ; 9.535  ; 10.189 ;
; iB[1]      ; oLED[4]     ; 9.919  ; 10.543 ; 10.126 ; 10.749 ;
; iB[1]      ; oLED[5]     ; 9.842  ; 9.272  ; 10.020 ; 9.450  ;
; iB[2]      ; oHEX0[0]    ; 7.644  ; 7.749  ; 7.770  ; 7.863  ;
; iB[2]      ; oHEX0[1]    ; 7.922  ; 8.443  ; 8.333  ; 8.211  ;
; iB[2]      ; oHEX0[2]    ; 7.981  ; 8.224  ; 8.107  ; 8.338  ;
; iB[2]      ; oHEX0[3]    ; 8.032  ; 8.186  ; 8.157  ; 8.300  ;
; iB[2]      ; oHEX0[4]    ; 7.681  ; 7.790  ; 7.804  ; 7.952  ;
; iB[2]      ; oHEX0[5]    ; 7.691  ; 7.824  ; 7.815  ; 7.937  ;
; iB[2]      ; oHEX0[6]    ; 8.166  ; 7.911  ; 8.279  ; 8.036  ;
; iB[2]      ; oHEX1[0]    ; 7.905  ; 8.122  ; 8.029  ; 8.246  ;
; iB[2]      ; oHEX1[2]    ; 8.034  ; 7.790  ; 8.158  ; 7.943  ;
; iB[2]      ; oHEX1[3]    ; 7.904  ; 8.119  ; 8.028  ; 8.243  ;
; iB[2]      ; oHEX1[4]    ; 7.758  ; 7.881  ; 7.911  ; 8.033  ;
; iB[2]      ; oHEX1[5]    ; 7.898  ; 8.056  ; 8.022  ; 8.180  ;
; iB[2]      ; oHEX1[6]    ; 7.888  ; 8.149  ; 8.012  ; 8.273  ;
; iB[2]      ; oLED[0]     ; 9.801  ; 10.529 ; 9.924  ; 10.638 ;
; iB[2]      ; oLED[2]     ; 8.678  ; 9.765  ; 9.089  ; 9.440  ;
; iB[2]      ; oLED[3]     ; 9.278  ; 9.932  ; 9.403  ; 10.057 ;
; iB[2]      ; oLED[4]     ; 9.841  ; 10.465 ; 9.994  ; 10.617 ;
; iB[2]      ; oLED[5]     ; 9.764  ; 9.194  ; 9.888  ; 9.318  ;
; iB[3]      ; oHEX0[0]    ; 7.370  ; 7.461  ; 7.548  ; 7.624  ;
; iB[3]      ; oHEX0[1]    ; 7.648  ; 7.823  ; 7.832  ; 7.990  ;
; iB[3]      ; oHEX0[2]    ; 7.686  ; 7.915  ; 7.863  ; 8.077  ;
; iB[3]      ; oHEX0[3]    ; 7.737  ; 7.891  ; 7.920  ; 8.057  ;
; iB[3]      ; oHEX0[4]    ; 8.051  ; 7.645  ; 7.711  ; 8.396  ;
; iB[3]      ; oHEX0[5]    ; 7.434  ; 7.567  ; 7.618  ; 7.734  ;
; iB[3]      ; oHEX0[6]    ; 7.877  ; 7.638  ; 8.039  ; 7.815  ;
; iB[3]      ; oHEX1[0]    ; 8.151  ; 8.368  ; 8.317  ; 8.534  ;
; iB[3]      ; oHEX1[2]    ; 8.280  ; 8.036  ; 8.446  ; 8.231  ;
; iB[3]      ; oHEX1[3]    ; 8.150  ; 8.365  ; 8.316  ; 8.531  ;
; iB[3]      ; oHEX1[4]    ; 8.004  ; 8.127  ; 8.199  ; 8.321  ;
; iB[3]      ; oHEX1[5]    ; 8.144  ; 8.302  ; 8.310  ; 8.468  ;
; iB[3]      ; oHEX1[6]    ; 8.134  ; 8.395  ; 8.300  ; 8.561  ;
; iB[3]      ; oLED[0]     ; 9.692  ; 11.171 ; 10.621 ; 10.672 ;
; iB[3]      ; oLED[3]     ; 8.572  ; 9.901  ; 9.433  ; 9.291  ;
; iB[3]      ; oLED[4]     ; 10.087 ; 10.711 ; 10.282 ; 10.905 ;
; iB[3]      ; oLED[5]     ; 10.010 ; 9.440  ; 10.176 ; 9.606  ;
; iB[4]      ; oHEX0[0]    ; 7.813  ; 7.901  ; 8.022  ; 8.149  ;
; iB[4]      ; oHEX0[1]    ; 7.889  ; 8.203  ; 8.149  ; 8.416  ;
; iB[4]      ; oHEX0[2]    ; 8.186  ; 8.352  ; 8.337  ; 8.612  ;
; iB[4]      ; oHEX0[3]    ; 7.975  ; 8.268  ; 8.235  ; 8.483  ;
; iB[4]      ; oHEX0[4]    ; 7.790  ; 8.075  ; 8.050  ; 8.226  ;
; iB[4]      ; oHEX0[5]    ; 7.672  ; 8.008  ; 7.932  ; 8.159  ;
; iB[4]      ; oHEX0[6]    ; 8.331  ; 7.975  ; 8.499  ; 8.235  ;
; iB[4]      ; oHEX1[0]    ; 7.493  ; 7.706  ; 7.655  ; 7.848  ;
; iB[4]      ; oHEX1[2]    ; 7.423  ; 7.125  ; 7.565  ; 7.287  ;
; iB[4]      ; oHEX1[3]    ; 7.492  ; 7.703  ; 7.654  ; 7.845  ;
; iB[4]      ; oHEX1[4]    ; 7.093  ; 7.238  ; 7.255  ; 7.380  ;
; iB[4]      ; oHEX1[5]    ; 7.351  ; 7.545  ; 7.513  ; 7.687  ;
; iB[4]      ; oHEX1[6]    ; 7.959  ; 8.220  ; 8.153  ; 8.414  ;
; iB[4]      ; oLED[0]     ; 9.431  ; 10.351 ; 9.691  ; 10.502 ;
; iB[4]      ; oLED[4]     ; 9.176  ; 9.822  ; 9.338  ; 9.964  ;
; iB[4]      ; oLED[5]     ; 9.835  ; 9.265  ; 10.029 ; 9.459  ;
; iKEY[0]    ; oHEX0[0]    ; 7.879  ; 7.970  ; 8.180  ; 8.260  ;
; iKEY[0]    ; oHEX0[1]    ; 8.157  ; 8.332  ; 8.458  ; 8.626  ;
; iKEY[0]    ; oHEX0[2]    ; 8.195  ; 8.424  ; 8.496  ; 8.713  ;
; iKEY[0]    ; oHEX0[3]    ; 8.246  ; 8.400  ; 8.547  ; 8.693  ;
; iKEY[0]    ; oHEX0[4]    ; 8.109  ; 8.154  ; 8.347  ; 8.455  ;
; iKEY[0]    ; oHEX0[5]    ; 7.943  ; 8.076  ; 8.244  ; 8.370  ;
; iKEY[0]    ; oHEX0[6]    ; 8.386  ; 8.147  ; 8.675  ; 8.448  ;
; iKEY[0]    ; oHEX1[0]    ; 7.491  ; 7.685  ; 7.812  ; 7.991  ;
; iKEY[0]    ; oHEX1[2]    ;        ; 7.836  ; 8.328  ;        ;
; iKEY[0]    ; oHEX1[3]    ; 7.490  ; 7.682  ; 7.811  ; 7.988  ;
; iKEY[0]    ; oHEX1[4]    ; 7.617  ; 7.748  ; 7.918  ; 8.038  ;
; iKEY[0]    ; oHEX1[5]    ; 7.346  ; 7.535  ; 7.673  ; 7.845  ;
; iKEY[0]    ; oHEX1[6]    ; 8.185  ;        ;        ; 8.744  ;
; iKEY[0]    ; oLED[0]     ; 10.092 ; 10.907 ; 10.393 ; 11.197 ;
; iKEY[0]    ; oLED[1]     ; 8.929  ; 9.495  ; 9.231  ; 9.732  ;
; iKEY[0]    ; oLED[2]     ; 9.332  ; 10.060 ; 9.633  ; 10.296 ;
; iKEY[0]    ; oLED[3]     ; 9.081  ; 9.689  ; 9.382  ; 9.927  ;
; iKEY[0]    ; oLED[4]     ; 9.700  ; 10.332 ; 10.001 ; 10.622 ;
; iKEY[0]    ; oLED[5]     ;        ; 9.491  ; 10.359 ;        ;
; iKEY[1]    ; oHEX0[0]    ; 8.303  ; 8.379  ; 8.660  ; 8.736  ;
; iKEY[1]    ; oHEX0[1]    ; 8.587  ; 8.745  ; 8.944  ; 9.102  ;
; iKEY[1]    ; oHEX0[2]    ; 8.618  ; 8.832  ; 8.975  ; 9.189  ;
; iKEY[1]    ; oHEX0[3]    ; 8.675  ; 8.812  ; 9.032  ; 9.169  ;
; iKEY[1]    ; oHEX0[4]    ; 8.466  ; 8.594  ; 8.823  ; 8.956  ;
; iKEY[1]    ; oHEX0[5]    ; 8.373  ; 8.489  ; 8.730  ; 8.846  ;
; iKEY[1]    ; oHEX0[6]    ; 8.794  ; 8.570  ; 9.151  ; 8.927  ;
; iKEY[1]    ; oHEX1[0]    ; 8.218  ; 8.640  ; 8.693  ; 9.006  ;
; iKEY[1]    ; oHEX1[3]    ; 8.217  ; 8.637  ; 8.692  ; 9.003  ;
; iKEY[1]    ; oHEX1[4]    ; 7.925  ; 8.309  ; 8.400  ; 8.675  ;
; iKEY[1]    ; oHEX1[5]    ; 8.062  ; 8.504  ; 8.537  ; 8.870  ;
; iKEY[1]    ; oLED[0]     ; 11.164 ; 12.001 ; 11.620 ; 12.329 ;
; iKEY[1]    ; oLED[1]     ; 9.158  ; 9.737  ; 9.632  ; 10.063 ;
; iKEY[1]    ; oLED[2]     ; 9.560  ; 10.301 ; 10.035 ; 10.628 ;
; iKEY[1]    ; oLED[3]     ; 9.521  ; 10.046 ; 9.883  ; 10.403 ;
; iKEY[1]    ; oLED[4]     ; 10.008 ; 10.893 ; 10.483 ; 11.259 ;
; iKEY[2]    ; oHEX0[0]    ; 7.508  ; 7.584  ; 7.731  ; 7.807  ;
; iKEY[2]    ; oHEX0[1]    ; 7.792  ; 7.950  ; 8.015  ; 8.173  ;
; iKEY[2]    ; oHEX0[2]    ; 7.823  ; 8.037  ; 8.046  ; 8.260  ;
; iKEY[2]    ; oHEX0[3]    ; 7.880  ; 8.017  ; 8.103  ; 8.240  ;
; iKEY[2]    ; oHEX0[4]    ; 7.671  ; 7.813  ; 7.894  ; 8.050  ;
; iKEY[2]    ; oHEX0[5]    ; 7.578  ; 7.694  ; 7.801  ; 7.917  ;
; iKEY[2]    ; oHEX0[6]    ; 7.999  ; 7.775  ; 8.222  ; 7.998  ;
; iKEY[2]    ; oHEX1[0]    ; 8.211  ; 8.495  ; 8.436  ; 8.709  ;
; iKEY[2]    ; oHEX1[3]    ; 8.210  ; 8.492  ; 8.435  ; 8.706  ;
; iKEY[2]    ; oHEX1[4]    ; 7.918  ; 8.164  ; 8.143  ; 8.378  ;
; iKEY[2]    ; oHEX1[5]    ; 8.055  ; 8.359  ; 8.280  ; 8.573  ;
; iKEY[2]    ; oLED[0]     ; 10.437 ; 11.842 ; 11.367 ; 11.432 ;
; iKEY[2]    ; oLED[1]     ; 8.653  ; 9.122  ; 8.901  ; 9.355  ;
; iKEY[2]    ; oLED[2]     ; 9.481  ; 10.125 ; 9.707  ; 10.340 ;
; iKEY[2]    ; oLED[3]     ; 8.740  ; 9.251  ; 8.977  ; 9.474  ;
; iKEY[2]    ; oLED[4]     ; 10.001 ; 10.748 ; 10.226 ; 10.962 ;
; iKEY[3]    ; oHEX0[0]    ; 7.902  ; 7.993  ; 8.109  ; 8.185  ;
; iKEY[3]    ; oHEX0[1]    ; 8.180  ; 8.355  ; 8.393  ; 8.551  ;
; iKEY[3]    ; oHEX0[2]    ; 8.218  ; 8.447  ; 8.424  ; 8.638  ;
; iKEY[3]    ; oHEX0[3]    ; 8.269  ; 8.423  ; 8.481  ; 8.618  ;
; iKEY[3]    ; oHEX0[4]    ; 8.365  ; 8.177  ; 8.272  ; 8.756  ;
; iKEY[3]    ; oHEX0[5]    ; 7.966  ; 8.099  ; 8.179  ; 8.295  ;
; iKEY[3]    ; oHEX0[6]    ; 8.409  ; 8.170  ; 8.600  ; 8.376  ;
; iKEY[3]    ; oHEX1[0]    ; 7.996  ;        ;        ; 8.524  ;
; iKEY[3]    ; oHEX1[3]    ; 7.995  ;        ;        ; 8.521  ;
; iKEY[3]    ; oHEX1[4]    ; 7.703  ;        ;        ; 8.193  ;
; iKEY[3]    ; oHEX1[5]    ; 7.840  ;        ;        ; 8.388  ;
; iKEY[3]    ; oLED[0]     ; 11.050 ; 11.947 ; 11.426 ; 11.988 ;
; iKEY[3]    ; oLED[1]     ; 8.959  ;        ;        ; 9.679  ;
; iKEY[3]    ; oLED[2]     ; 9.362  ;        ;        ; 10.244 ;
; iKEY[3]    ; oLED[3]     ; 9.104  ;        ;        ; 9.852  ;
; iKEY[3]    ; oLED[4]     ; 9.786  ;        ;        ; 10.777 ;
+------------+-------------+--------+--------+--------+--------+


---------------------------------------------
; Slow 1100mV 0C Model Metastability Report ;
---------------------------------------------
No synchronizer chains to report.


---------------------------------------
; Fast 1100mV 85C Model Setup Summary ;
---------------------------------------
No paths to report.


--------------------------------------
; Fast 1100mV 85C Model Hold Summary ;
--------------------------------------
No paths to report.


------------------------------------------
; Fast 1100mV 85C Model Recovery Summary ;
------------------------------------------
No paths to report.


-----------------------------------------
; Fast 1100mV 85C Model Removal Summary ;
-----------------------------------------
No paths to report.


-----------------------------------------------------
; Fast 1100mV 85C Model Minimum Pulse Width Summary ;
-----------------------------------------------------
No paths to report.


+----------------------------------------------------------+
; Propagation Delay                                        ;
+------------+-------------+-------+-------+-------+-------+
; Input Port ; Output Port ; RR    ; RF    ; FR    ; FF    ;
+------------+-------------+-------+-------+-------+-------+
; iA[0]      ; oHEX0[0]    ; 5.359 ; 5.507 ; 5.791 ; 5.939 ;
; iA[0]      ; oHEX0[1]    ; 5.519 ; 5.764 ; 5.951 ; 6.196 ;
; iA[0]      ; oHEX0[2]    ; 5.470 ; 5.919 ; 5.902 ; 6.351 ;
; iA[0]      ; oHEX0[3]    ; 5.621 ; 5.849 ; 6.053 ; 6.281 ;
; iA[0]      ; oHEX0[4]    ; 5.484 ; 5.523 ; 5.916 ; 5.955 ;
; iA[0]      ; oHEX0[5]    ; 5.364 ; 5.543 ; 5.796 ; 5.975 ;
; iA[0]      ; oHEX0[6]    ; 5.863 ; 5.557 ; 6.295 ; 5.989 ;
; iA[0]      ; oHEX1[0]    ; 4.873 ; 5.126 ; 5.297 ; 5.559 ;
; iA[0]      ; oHEX1[2]    ; 5.098 ; 4.839 ; 5.522 ; 5.263 ;
; iA[0]      ; oHEX1[3]    ; 4.867 ; 5.119 ; 5.291 ; 5.552 ;
; iA[0]      ; oHEX1[4]    ; 4.602 ; 4.831 ; 5.037 ; 5.264 ;
; iA[0]      ; oHEX1[5]    ; 4.829 ; 5.090 ; 5.253 ; 5.514 ;
; iA[0]      ; oHEX1[6]    ; 4.992 ; 5.319 ; 5.416 ; 5.743 ;
; iA[0]      ; oLED[0]     ; 6.192 ; 7.041 ; 6.645 ; 7.512 ;
; iA[0]      ; oLED[1]     ; 5.740 ; 6.327 ; 6.172 ; 6.759 ;
; iA[0]      ; oLED[2]     ; 5.894 ; 6.642 ; 6.328 ; 7.078 ;
; iA[0]      ; oLED[3]     ; 5.896 ; 6.573 ; 6.324 ; 7.001 ;
; iA[0]      ; oLED[4]     ; 6.002 ; 6.782 ; 6.437 ; 7.215 ;
; iA[0]      ; oLED[5]     ; 6.426 ; 5.810 ; 6.850 ; 6.234 ;
; iA[1]      ; oHEX0[0]    ; 5.261 ; 5.409 ; 5.756 ; 5.904 ;
; iA[1]      ; oHEX0[1]    ; 5.421 ; 5.666 ; 5.916 ; 6.161 ;
; iA[1]      ; oHEX0[2]    ; 5.381 ; 5.821 ; 5.877 ; 6.316 ;
; iA[1]      ; oHEX0[3]    ; 5.523 ; 5.751 ; 6.018 ; 6.246 ;
; iA[1]      ; oHEX0[4]    ; 5.386 ; 5.434 ; 5.881 ; 5.930 ;
; iA[1]      ; oHEX0[5]    ; 5.266 ; 5.445 ; 5.761 ; 5.940 ;
; iA[1]      ; oHEX0[6]    ; 5.765 ; 5.459 ; 6.260 ; 5.954 ;
; iA[1]      ; oHEX1[0]    ; 4.847 ; 5.100 ; 5.303 ; 5.565 ;
; iA[1]      ; oHEX1[2]    ; 5.072 ; 4.813 ; 5.528 ; 5.269 ;
; iA[1]      ; oHEX1[3]    ; 4.841 ; 5.093 ; 5.297 ; 5.558 ;
; iA[1]      ; oHEX1[4]    ; 4.576 ; 4.805 ; 5.043 ; 5.270 ;
; iA[1]      ; oHEX1[5]    ; 4.803 ; 5.064 ; 5.259 ; 5.520 ;
; iA[1]      ; oHEX1[6]    ; 4.966 ; 5.293 ; 5.422 ; 5.749 ;
; iA[1]      ; oLED[0]     ; 5.925 ; 7.129 ; 6.771 ; 7.313 ;
; iA[1]      ; oLED[1]     ; 5.651 ; 6.229 ; 6.147 ; 6.724 ;
; iA[1]      ; oLED[2]     ; 5.868 ; 6.616 ; 6.334 ; 7.084 ;
; iA[1]      ; oLED[3]     ; 5.870 ; 6.547 ; 6.330 ; 7.007 ;
; iA[1]      ; oLED[4]     ; 5.976 ; 6.756 ; 6.443 ; 7.221 ;
; iA[1]      ; oLED[5]     ; 6.400 ; 5.784 ; 6.856 ; 6.240 ;
; iA[2]      ; oHEX0[0]    ; 5.186 ; 5.373 ; 5.658 ; 5.824 ;
; iA[2]      ; oHEX0[1]    ; 5.351 ; 5.590 ; 5.809 ; 6.048 ;
; iA[2]      ; oHEX0[2]    ; 5.410 ; 5.713 ; 5.863 ; 6.214 ;
; iA[2]      ; oHEX0[3]    ; 5.429 ; 5.651 ; 5.887 ; 6.109 ;
; iA[2]      ; oHEX0[4]    ; 5.320 ; 5.473 ; 5.778 ; 5.855 ;
; iA[2]      ; oHEX0[5]    ; 5.210 ; 5.383 ; 5.668 ; 5.841 ;
; iA[2]      ; oHEX0[6]    ; 5.743 ; 5.396 ; 6.207 ; 5.867 ;
; iA[2]      ; oHEX1[0]    ; 4.937 ; 5.190 ; 5.391 ; 5.653 ;
; iA[2]      ; oHEX1[2]    ; 5.162 ; 4.903 ; 5.616 ; 5.357 ;
; iA[2]      ; oHEX1[3]    ; 4.931 ; 5.183 ; 5.385 ; 5.646 ;
; iA[2]      ; oHEX1[4]    ; 4.666 ; 4.895 ; 5.131 ; 5.358 ;
; iA[2]      ; oHEX1[5]    ; 4.893 ; 5.154 ; 5.347 ; 5.608 ;
; iA[2]      ; oHEX1[6]    ; 5.056 ; 5.383 ; 5.510 ; 5.837 ;
; iA[2]      ; oLED[0]     ; 6.190 ; 7.231 ; 6.840 ; 7.561 ;
; iA[2]      ; oLED[2]     ; 5.896 ; 6.631 ; 6.385 ; 7.118 ;
; iA[2]      ; oLED[3]     ; 5.960 ; 6.637 ; 6.418 ; 7.095 ;
; iA[2]      ; oLED[4]     ; 6.066 ; 6.846 ; 6.531 ; 7.309 ;
; iA[2]      ; oLED[5]     ; 6.490 ; 5.874 ; 6.944 ; 6.328 ;
; iA[3]      ; oHEX0[0]    ; 4.844 ; 5.031 ; 5.337 ; 5.524 ;
; iA[3]      ; oHEX0[1]    ; 5.002 ; 5.231 ; 5.495 ; 5.724 ;
; iA[3]      ; oHEX0[2]    ; 5.068 ; 5.363 ; 5.561 ; 5.835 ;
; iA[3]      ; oHEX0[3]    ; 5.081 ; 5.293 ; 5.574 ; 5.786 ;
; iA[3]      ; oHEX0[4]    ; 4.916 ; 5.131 ; 5.408 ; 5.624 ;
; iA[3]      ; oHEX0[5]    ; 4.806 ; 5.024 ; 5.298 ; 5.517 ;
; iA[3]      ; oHEX0[6]    ; 5.401 ; 5.054 ; 5.894 ; 5.547 ;
; iA[3]      ; oHEX1[0]    ; 4.829 ; 5.082 ; 5.258 ; 5.520 ;
; iA[3]      ; oHEX1[2]    ; 5.054 ; 4.795 ; 5.483 ; 5.224 ;
; iA[3]      ; oHEX1[3]    ; 4.823 ; 5.075 ; 5.252 ; 5.513 ;
; iA[3]      ; oHEX1[4]    ; 4.558 ; 4.787 ; 4.998 ; 5.225 ;
; iA[3]      ; oHEX1[5]    ; 4.785 ; 5.046 ; 5.214 ; 5.475 ;
; iA[3]      ; oHEX1[6]    ; 4.948 ; 5.275 ; 5.377 ; 5.704 ;
; iA[3]      ; oLED[0]     ; 5.989 ; 6.889 ; 6.461 ; 7.382 ;
; iA[3]      ; oLED[3]     ; 5.524 ; 6.233 ; 6.014 ; 6.725 ;
; iA[3]      ; oLED[4]     ; 5.958 ; 6.738 ; 6.398 ; 7.176 ;
; iA[3]      ; oLED[5]     ; 6.382 ; 5.766 ; 6.811 ; 6.195 ;
; iA[4]      ; oHEX0[0]    ; 5.049 ; 5.236 ; 5.516 ; 5.682 ;
; iA[4]      ; oHEX0[1]    ; 5.207 ; 5.436 ; 5.623 ; 5.899 ;
; iA[4]      ; oHEX0[2]    ; 5.273 ; 5.512 ; 5.582 ; 6.072 ;
; iA[4]      ; oHEX0[3]    ; 5.286 ; 5.498 ; 5.703 ; 5.962 ;
; iA[4]      ; oHEX0[4]    ; 5.049 ; 5.336 ; 5.609 ; 5.645 ;
; iA[4]      ; oHEX0[5]    ; 4.922 ; 5.229 ; 5.482 ; 5.538 ;
; iA[4]      ; oHEX0[6]    ; 5.606 ; 5.259 ; 6.065 ; 5.725 ;
; iA[4]      ; oHEX1[0]    ; 4.795 ; 5.046 ; 5.220 ; 5.471 ;
; iA[4]      ; oHEX1[2]    ; 5.020 ; 4.761 ; 5.445 ; 5.186 ;
; iA[4]      ; oHEX1[3]    ; 4.789 ; 5.039 ; 5.214 ; 5.464 ;
; iA[4]      ; oHEX1[4]    ; 4.459 ; 4.673 ; 4.915 ; 5.128 ;
; iA[4]      ; oHEX1[5]    ; 4.751 ; 5.012 ; 5.176 ; 5.437 ;
; iA[4]      ; oHEX1[6]    ; 4.914 ; 5.241 ; 5.339 ; 5.666 ;
; iA[4]      ; oLED[0]     ; 6.138 ; 7.094 ; 6.698 ; 7.403 ;
; iA[4]      ; oLED[4]     ; 5.859 ; 6.624 ; 6.315 ; 7.079 ;
; iA[4]      ; oLED[5]     ; 6.348 ; 5.732 ; 6.773 ; 6.157 ;
; iB[0]      ; oHEX0[0]    ; 5.167 ; 5.315 ; 5.545 ; 5.693 ;
; iB[0]      ; oHEX0[1]    ; 5.327 ; 5.572 ; 5.705 ; 5.950 ;
; iB[0]      ; oHEX0[2]    ; 5.278 ; 5.727 ; 5.656 ; 6.105 ;
; iB[0]      ; oHEX0[3]    ; 5.429 ; 5.657 ; 5.807 ; 6.035 ;
; iB[0]      ; oHEX0[4]    ; 5.292 ; 5.331 ; 5.670 ; 5.709 ;
; iB[0]      ; oHEX0[5]    ; 5.172 ; 5.351 ; 5.550 ; 5.729 ;
; iB[0]      ; oHEX0[6]    ; 5.671 ; 5.365 ; 6.049 ; 5.743 ;
; iB[0]      ; oHEX1[0]    ; 4.681 ; 4.934 ; 5.051 ; 5.313 ;
; iB[0]      ; oHEX1[2]    ; 4.906 ; 4.647 ; 5.276 ; 5.017 ;
; iB[0]      ; oHEX1[3]    ; 4.675 ; 4.927 ; 5.045 ; 5.306 ;
; iB[0]      ; oHEX1[4]    ; 4.410 ; 4.639 ; 4.791 ; 5.018 ;
; iB[0]      ; oHEX1[5]    ; 4.637 ; 4.898 ; 5.007 ; 5.268 ;
; iB[0]      ; oHEX1[6]    ; 4.800 ; 5.127 ; 5.170 ; 5.497 ;
; iB[0]      ; oLED[0]     ; 5.931 ; 6.809 ; 6.238 ; 7.211 ;
; iB[0]      ; oLED[1]     ; 5.548 ; 6.135 ; 5.926 ; 6.513 ;
; iB[0]      ; oLED[2]     ; 5.702 ; 6.450 ; 6.082 ; 6.832 ;
; iB[0]      ; oLED[3]     ; 5.704 ; 6.381 ; 6.078 ; 6.755 ;
; iB[0]      ; oLED[4]     ; 5.810 ; 6.590 ; 6.191 ; 6.969 ;
; iB[0]      ; oLED[5]     ; 6.234 ; 5.618 ; 6.604 ; 5.988 ;
; iB[1]      ; oHEX0[0]    ; 5.158 ; 5.306 ; 5.626 ; 5.792 ;
; iB[1]      ; oHEX0[1]    ; 5.318 ; 5.563 ; 5.786 ; 6.031 ;
; iB[1]      ; oHEX0[2]    ; 5.277 ; 5.718 ; 5.829 ; 6.186 ;
; iB[1]      ; oHEX0[3]    ; 5.420 ; 5.648 ; 5.888 ; 6.116 ;
; iB[1]      ; oHEX0[4]    ; 5.283 ; 5.315 ; 5.751 ; 5.892 ;
; iB[1]      ; oHEX0[5]    ; 5.163 ; 5.342 ; 5.631 ; 5.810 ;
; iB[1]      ; oHEX0[6]    ; 5.686 ; 5.356 ; 6.162 ; 5.824 ;
; iB[1]      ; oHEX1[0]    ; 4.809 ; 5.062 ; 5.261 ; 5.523 ;
; iB[1]      ; oHEX1[2]    ; 5.034 ; 4.775 ; 5.486 ; 5.227 ;
; iB[1]      ; oHEX1[3]    ; 4.803 ; 5.055 ; 5.255 ; 5.516 ;
; iB[1]      ; oHEX1[4]    ; 4.538 ; 4.767 ; 5.001 ; 5.228 ;
; iB[1]      ; oHEX1[5]    ; 4.765 ; 5.026 ; 5.217 ; 5.478 ;
; iB[1]      ; oHEX1[6]    ; 4.928 ; 5.255 ; 5.380 ; 5.707 ;
; iB[1]      ; oLED[0]     ; 6.319 ; 6.860 ; 6.446 ; 7.650 ;
; iB[1]      ; oLED[1]     ; 5.495 ; 6.126 ; 5.965 ; 6.594 ;
; iB[1]      ; oLED[2]     ; 5.830 ; 6.578 ; 6.292 ; 7.042 ;
; iB[1]      ; oLED[3]     ; 5.832 ; 6.509 ; 6.288 ; 6.965 ;
; iB[1]      ; oLED[4]     ; 5.938 ; 6.718 ; 6.401 ; 7.179 ;
; iB[1]      ; oLED[5]     ; 6.362 ; 5.746 ; 6.814 ; 6.198 ;
; iB[2]      ; oHEX0[0]    ; 4.994 ; 5.137 ; 5.433 ; 5.576 ;
; iB[2]      ; oHEX0[1]    ; 5.164 ; 5.403 ; 5.603 ; 5.842 ;
; iB[2]      ; oHEX0[2]    ; 5.218 ; 5.526 ; 5.657 ; 5.965 ;
; iB[2]      ; oHEX0[3]    ; 5.242 ; 5.464 ; 5.681 ; 5.903 ;
; iB[2]      ; oHEX0[4]    ; 5.133 ; 5.207 ; 5.572 ; 5.670 ;
; iB[2]      ; oHEX0[5]    ; 5.023 ; 5.196 ; 5.462 ; 5.635 ;
; iB[2]      ; oHEX0[6]    ; 5.495 ; 5.193 ; 5.940 ; 5.632 ;
; iB[2]      ; oHEX1[0]    ; 4.750 ; 5.003 ; 5.185 ; 5.447 ;
; iB[2]      ; oHEX1[2]    ; 4.975 ; 4.716 ; 5.410 ; 5.151 ;
; iB[2]      ; oHEX1[3]    ; 4.744 ; 4.996 ; 5.179 ; 5.440 ;
; iB[2]      ; oHEX1[4]    ; 4.479 ; 4.708 ; 4.925 ; 5.152 ;
; iB[2]      ; oHEX1[5]    ; 4.706 ; 4.967 ; 5.141 ; 5.402 ;
; iB[2]      ; oHEX1[6]    ; 4.869 ; 5.196 ; 5.304 ; 5.631 ;
; iB[2]      ; oLED[0]     ; 6.120 ; 6.769 ; 6.349 ; 7.428 ;
; iB[2]      ; oLED[2]     ; 5.617 ; 6.404 ; 6.064 ; 6.867 ;
; iB[2]      ; oLED[3]     ; 5.773 ; 6.450 ; 6.212 ; 6.889 ;
; iB[2]      ; oLED[4]     ; 5.879 ; 6.659 ; 6.325 ; 7.103 ;
; iB[2]      ; oLED[5]     ; 6.303 ; 5.687 ; 6.738 ; 6.122 ;
; iB[3]      ; oHEX0[0]    ; 5.087 ; 5.259 ; 5.645 ; 5.832 ;
; iB[3]      ; oHEX0[1]    ; 5.257 ; 5.496 ; 5.803 ; 6.032 ;
; iB[3]      ; oHEX0[2]    ; 5.311 ; 5.619 ; 5.869 ; 6.193 ;
; iB[3]      ; oHEX0[3]    ; 5.335 ; 5.557 ; 5.882 ; 6.094 ;
; iB[3]      ; oHEX0[4]    ; 5.226 ; 5.359 ; 5.730 ; 5.932 ;
; iB[3]      ; oHEX0[5]    ; 5.116 ; 5.289 ; 5.609 ; 5.825 ;
; iB[3]      ; oHEX0[6]    ; 5.629 ; 5.286 ; 6.202 ; 5.855 ;
; iB[3]      ; oHEX1[0]    ; 4.915 ; 5.168 ; 5.373 ; 5.635 ;
; iB[3]      ; oHEX1[2]    ; 5.140 ; 4.881 ; 5.598 ; 5.339 ;
; iB[3]      ; oHEX1[3]    ; 4.909 ; 5.161 ; 5.367 ; 5.628 ;
; iB[3]      ; oHEX1[4]    ; 4.644 ; 4.873 ; 5.113 ; 5.340 ;
; iB[3]      ; oHEX1[5]    ; 4.871 ; 5.132 ; 5.329 ; 5.590 ;
; iB[3]      ; oHEX1[6]    ; 5.034 ; 5.361 ; 5.492 ; 5.819 ;
; iB[3]      ; oLED[0]     ; 6.210 ; 7.117 ; 6.819 ; 7.690 ;
; iB[3]      ; oLED[3]     ; 5.875 ; 6.543 ; 6.369 ; 7.036 ;
; iB[3]      ; oLED[4]     ; 6.044 ; 6.824 ; 6.513 ; 7.291 ;
; iB[3]      ; oLED[5]     ; 6.468 ; 5.852 ; 6.926 ; 6.310 ;
; iB[4]      ; oHEX0[0]    ; 5.264 ; 5.430 ; 5.749 ; 5.936 ;
; iB[4]      ; oHEX0[1]    ; 5.371 ; 5.647 ; 5.907 ; 6.136 ;
; iB[4]      ; oHEX0[2]    ; 5.312 ; 5.820 ; 5.973 ; 6.164 ;
; iB[4]      ; oHEX0[3]    ; 5.451 ; 5.710 ; 5.986 ; 6.198 ;
; iB[4]      ; oHEX0[4]    ; 5.357 ; 5.375 ; 5.701 ; 6.036 ;
; iB[4]      ; oHEX0[5]    ; 5.230 ; 5.268 ; 5.574 ; 5.929 ;
; iB[4]      ; oHEX0[6]    ; 5.813 ; 5.473 ; 6.306 ; 5.959 ;
; iB[4]      ; oHEX1[0]    ; 4.909 ; 5.160 ; 5.370 ; 5.621 ;
; iB[4]      ; oHEX1[2]    ; 5.134 ; 4.875 ; 5.595 ; 5.336 ;
; iB[4]      ; oHEX1[3]    ; 4.903 ; 5.153 ; 5.364 ; 5.614 ;
; iB[4]      ; oHEX1[4]    ; 4.333 ; 4.599 ; 4.828 ; 5.089 ;
; iB[4]      ; oHEX1[5]    ; 4.865 ; 5.126 ; 5.326 ; 5.587 ;
; iB[4]      ; oHEX1[6]    ; 5.028 ; 5.355 ; 5.489 ; 5.816 ;
; iB[4]      ; oLED[0]     ; 6.446 ; 7.133 ; 6.790 ; 7.794 ;
; iB[4]      ; oLED[4]     ; 5.733 ; 6.550 ; 6.228 ; 7.040 ;
; iB[4]      ; oLED[5]     ; 6.462 ; 5.846 ; 6.923 ; 6.307 ;
; iKEY[0]    ; oHEX0[0]    ; 5.125 ; 5.273 ; 5.814 ; 5.962 ;
; iKEY[0]    ; oHEX0[1]    ; 5.285 ; 5.530 ; 5.974 ; 6.219 ;
; iKEY[0]    ; oHEX0[2]    ; 5.289 ; 5.685 ; 6.001 ; 6.374 ;
; iKEY[0]    ; oHEX0[3]    ; 5.387 ; 5.615 ; 6.076 ; 6.304 ;
; iKEY[0]    ; oHEX0[4]    ; 5.250 ; 5.342 ; 5.939 ; 6.054 ;
; iKEY[0]    ; oHEX0[5]    ; 5.130 ; 5.309 ; 5.819 ; 5.998 ;
; iKEY[0]    ; oHEX0[6]    ; 5.629 ; 5.323 ; 6.318 ; 6.012 ;
; iKEY[0]    ; oHEX1[0]    ; 4.586 ; 4.827 ; 5.318 ; 5.558 ;
; iKEY[0]    ; oHEX1[2]    ;       ; 4.721 ; 5.693 ;       ;
; iKEY[0]    ; oHEX1[3]    ; 4.580 ; 4.820 ; 5.312 ; 5.551 ;
; iKEY[0]    ; oHEX1[4]    ; 4.533 ; 4.708 ; 5.252 ; 5.429 ;
; iKEY[0]    ; oHEX1[5]    ; 4.521 ; 4.761 ; 5.256 ; 5.493 ;
; iKEY[0]    ; oHEX1[6]    ; 4.981 ;       ;       ; 6.059 ;
; iKEY[0]    ; oLED[0]     ; 6.192 ; 7.062 ; 6.911 ; 7.783 ;
; iKEY[0]    ; oLED[1]     ; 5.559 ; 6.093 ; 6.271 ; 6.782 ;
; iKEY[0]    ; oLED[2]     ; 5.840 ; 6.571 ; 6.552 ; 7.260 ;
; iKEY[0]    ; oLED[3]     ; 5.707 ; 6.323 ; 6.420 ; 7.013 ;
; iKEY[0]    ; oLED[4]     ; 5.933 ; 6.659 ; 6.652 ; 7.380 ;
; iKEY[0]    ; oLED[5]     ;       ; 5.799 ; 7.166 ;       ;
; iKEY[1]    ; oHEX0[0]    ; 5.853 ; 6.019 ; 6.637 ; 6.824 ;
; iKEY[1]    ; oHEX0[1]    ; 5.960 ; 6.236 ; 6.795 ; 7.024 ;
; iKEY[1]    ; oHEX0[2]    ; 5.846 ; 6.409 ; 6.861 ; 6.987 ;
; iKEY[1]    ; oHEX0[3]    ; 6.040 ; 6.299 ; 6.874 ; 7.086 ;
; iKEY[1]    ; oHEX0[4]    ; 5.946 ; 5.909 ; 6.524 ; 6.924 ;
; iKEY[1]    ; oHEX0[5]    ; 5.819 ; 5.802 ; 6.397 ; 6.817 ;
; iKEY[1]    ; oHEX0[6]    ; 6.402 ; 6.062 ; 7.194 ; 6.847 ;
; iKEY[1]    ; oHEX1[0]    ; 5.021 ; 5.327 ; 5.839 ; 6.098 ;
; iKEY[1]    ; oHEX1[3]    ; 5.015 ; 5.320 ; 5.833 ; 6.091 ;
; iKEY[1]    ; oHEX1[4]    ; 4.816 ; 5.066 ; 5.634 ; 5.837 ;
; iKEY[1]    ; oHEX1[5]    ; 4.946 ; 5.262 ; 5.764 ; 6.033 ;
; iKEY[1]    ; oLED[0]     ; 7.035 ; 7.667 ; 7.613 ; 8.682 ;
; iKEY[1]    ; oLED[1]     ; 5.717 ; 6.257 ; 6.484 ; 7.045 ;
; iKEY[1]    ; oLED[2]     ; 5.998 ; 6.735 ; 6.765 ; 7.523 ;
; iKEY[1]    ; oLED[3]     ; 5.877 ; 6.482 ; 6.651 ; 7.255 ;
; iKEY[1]    ; oLED[4]     ; 6.216 ; 7.017 ; 7.034 ; 7.788 ;
; iKEY[2]    ; oHEX0[0]    ; 5.681 ; 5.847 ; 6.295 ; 6.482 ;
; iKEY[2]    ; oHEX0[1]    ; 5.788 ; 6.064 ; 6.453 ; 6.682 ;
; iKEY[2]    ; oHEX0[2]    ; 5.649 ; 6.237 ; 6.519 ; 6.633 ;
; iKEY[2]    ; oHEX0[3]    ; 5.868 ; 6.127 ; 6.532 ; 6.744 ;
; iKEY[2]    ; oHEX0[4]    ; 5.774 ; 5.712 ; 6.170 ; 6.582 ;
; iKEY[2]    ; oHEX0[5]    ; 5.647 ; 5.605 ; 6.043 ; 6.475 ;
; iKEY[2]    ; oHEX0[6]    ; 6.230 ; 5.890 ; 6.852 ; 6.505 ;
; iKEY[2]    ; oHEX1[0]    ; 4.856 ; 5.131 ; 5.473 ; 5.750 ;
; iKEY[2]    ; oHEX1[3]    ; 4.850 ; 5.124 ; 5.467 ; 5.743 ;
; iKEY[2]    ; oHEX1[4]    ; 4.651 ; 4.870 ; 5.268 ; 5.489 ;
; iKEY[2]    ; oHEX1[5]    ; 4.781 ; 5.066 ; 5.398 ; 5.685 ;
; iKEY[2]    ; oLED[0]     ; 6.863 ; 7.470 ; 7.259 ; 8.340 ;
; iKEY[2]    ; oLED[1]     ; 5.328 ; 5.846 ; 5.957 ; 6.474 ;
; iKEY[2]    ; oLED[2]     ; 5.783 ; 6.501 ; 6.402 ; 7.122 ;
; iKEY[2]    ; oLED[3]     ; 5.407 ; 6.007 ; 6.022 ; 6.621 ;
; iKEY[2]    ; oLED[4]     ; 6.051 ; 6.821 ; 6.668 ; 7.440 ;
; iKEY[3]    ; oHEX0[0]    ; 5.657 ; 5.844 ; 6.250 ; 6.416 ;
; iKEY[3]    ; oHEX0[1]    ; 5.815 ; 6.044 ; 6.357 ; 6.633 ;
; iKEY[3]    ; oHEX0[2]    ; 5.881 ; 6.028 ; 6.284 ; 6.806 ;
; iKEY[3]    ; oHEX0[3]    ; 5.894 ; 6.106 ; 6.437 ; 6.696 ;
; iKEY[3]    ; oHEX0[4]    ; 5.565 ; 5.944 ; 6.343 ; 6.347 ;
; iKEY[3]    ; oHEX0[5]    ; 5.438 ; 5.837 ; 6.216 ; 6.240 ;
; iKEY[3]    ; oHEX0[6]    ; 6.214 ; 5.867 ; 6.799 ; 6.459 ;
; iKEY[3]    ; oHEX1[0]    ; 4.813 ;       ;       ; 5.738 ;
; iKEY[3]    ; oHEX1[3]    ; 4.807 ;       ;       ; 5.731 ;
; iKEY[3]    ; oHEX1[4]    ; 4.608 ;       ;       ; 5.477 ;
; iKEY[3]    ; oHEX1[5]    ; 4.738 ;       ;       ; 5.673 ;
; iKEY[3]    ; oLED[0]     ; 6.654 ; 7.702 ; 7.432 ; 8.105 ;
; iKEY[3]    ; oLED[1]     ; 5.488 ;       ;       ; 6.629 ;
; iKEY[3]    ; oLED[2]     ; 5.768 ;       ;       ; 7.107 ;
; iKEY[3]    ; oLED[3]     ; 5.622 ;       ;       ; 6.843 ;
; iKEY[3]    ; oLED[4]     ; 6.008 ;       ;       ; 7.428 ;
+------------+-------------+-------+-------+-------+-------+


+----------------------------------------------------------+
; Minimum Propagation Delay                                ;
+------------+-------------+-------+-------+-------+-------+
; Input Port ; Output Port ; RR    ; RF    ; FR    ; FF    ;
+------------+-------------+-------+-------+-------+-------+
; iA[0]      ; oHEX0[0]    ; 4.379 ; 4.508 ; 4.783 ; 4.912 ;
; iA[0]      ; oHEX0[1]    ; 4.455 ; 4.704 ; 4.859 ; 5.108 ;
; iA[0]      ; oHEX0[2]    ; 4.573 ; 4.787 ; 5.013 ; 5.191 ;
; iA[0]      ; oHEX0[3]    ; 4.521 ; 4.748 ; 4.925 ; 5.152 ;
; iA[0]      ; oHEX0[4]    ; 4.442 ; 4.639 ; 4.846 ; 5.079 ;
; iA[0]      ; oHEX0[5]    ; 4.342 ; 4.567 ; 4.746 ; 5.007 ;
; iA[0]      ; oHEX0[6]    ; 4.777 ; 4.524 ; 5.181 ; 4.928 ;
; iA[0]      ; oHEX1[0]    ; 4.361 ; 4.585 ; 4.808 ; 5.017 ;
; iA[0]      ; oHEX1[2]    ; 4.510 ; 4.256 ; 4.958 ; 4.703 ;
; iA[0]      ; oHEX1[3]    ; 4.354 ; 4.578 ; 4.801 ; 5.010 ;
; iA[0]      ; oHEX1[4]    ; 4.148 ; 4.324 ; 4.595 ; 4.772 ;
; iA[0]      ; oHEX1[5]    ; 4.288 ; 4.511 ; 4.735 ; 4.959 ;
; iA[0]      ; oHEX1[6]    ; 4.491 ; 4.732 ; 4.923 ; 5.164 ;
; iA[0]      ; oLED[0]     ; 5.470 ; 6.217 ; 5.874 ; 6.657 ;
; iA[0]      ; oLED[1]     ; 5.185 ; 5.691 ; 5.625 ; 6.131 ;
; iA[0]      ; oLED[2]     ; 5.315 ; 5.961 ; 5.757 ; 6.402 ;
; iA[0]      ; oLED[3]     ; 5.316 ; 5.905 ; 5.752 ; 6.341 ;
; iA[0]      ; oLED[4]     ; 5.413 ; 6.037 ; 5.860 ; 6.485 ;
; iA[0]      ; oLED[5]     ; 5.787 ; 5.266 ; 6.219 ; 5.698 ;
; iA[1]      ; oHEX0[0]    ; 4.142 ; 4.284 ; 4.606 ; 4.748 ;
; iA[1]      ; oHEX0[1]    ; 4.274 ; 4.485 ; 4.738 ; 4.949 ;
; iA[1]      ; oHEX0[2]    ; 4.338 ; 4.645 ; 4.802 ; 5.105 ;
; iA[1]      ; oHEX0[3]    ; 4.358 ; 4.547 ; 4.822 ; 5.011 ;
; iA[1]      ; oHEX0[4]    ; 4.308 ; 4.398 ; 4.768 ; 4.862 ;
; iA[1]      ; oHEX0[5]    ; 4.149 ; 4.318 ; 4.613 ; 4.782 ;
; iA[1]      ; oHEX0[6]    ; 4.542 ; 4.294 ; 5.006 ; 4.758 ;
; iA[1]      ; oHEX1[0]    ; 4.319 ; 4.543 ; 4.792 ; 5.001 ;
; iA[1]      ; oHEX1[2]    ; 4.468 ; 4.214 ; 4.942 ; 4.687 ;
; iA[1]      ; oHEX1[3]    ; 4.312 ; 4.536 ; 4.785 ; 4.994 ;
; iA[1]      ; oHEX1[4]    ; 4.106 ; 4.282 ; 4.579 ; 4.756 ;
; iA[1]      ; oHEX1[5]    ; 4.246 ; 4.469 ; 4.719 ; 4.943 ;
; iA[1]      ; oHEX1[6]    ; 4.449 ; 4.690 ; 4.907 ; 5.148 ;
; iA[1]      ; oLED[0]     ; 5.433 ; 6.199 ; 5.897 ; 6.659 ;
; iA[1]      ; oLED[1]     ; 4.635 ; 5.077 ; 5.099 ; 5.537 ;
; iA[1]      ; oLED[2]     ; 5.273 ; 5.919 ; 5.741 ; 6.386 ;
; iA[1]      ; oLED[3]     ; 5.274 ; 5.863 ; 5.736 ; 6.325 ;
; iA[1]      ; oLED[4]     ; 5.371 ; 5.995 ; 5.844 ; 6.469 ;
; iA[1]      ; oLED[5]     ; 5.745 ; 5.224 ; 6.203 ; 5.682 ;
; iA[2]      ; oHEX0[0]    ; 4.078 ; 4.221 ; 4.539 ; 4.682 ;
; iA[2]      ; oHEX0[1]    ; 4.210 ; 4.441 ; 4.671 ; 4.901 ;
; iA[2]      ; oHEX0[2]    ; 4.276 ; 4.520 ; 4.737 ; 4.981 ;
; iA[2]      ; oHEX0[3]    ; 4.296 ; 4.485 ; 4.757 ; 4.946 ;
; iA[2]      ; oHEX0[4]    ; 4.151 ; 4.292 ; 4.612 ; 4.753 ;
; iA[2]      ; oHEX0[5]    ; 4.081 ; 4.250 ; 4.542 ; 4.711 ;
; iA[2]      ; oHEX0[6]    ; 4.477 ; 4.230 ; 4.938 ; 4.691 ;
; iA[2]      ; oHEX1[0]    ; 4.424 ; 4.648 ; 4.897 ; 5.106 ;
; iA[2]      ; oHEX1[2]    ; 4.573 ; 4.319 ; 5.047 ; 4.792 ;
; iA[2]      ; oHEX1[3]    ; 4.417 ; 4.641 ; 4.890 ; 5.099 ;
; iA[2]      ; oHEX1[4]    ; 4.211 ; 4.387 ; 4.684 ; 4.861 ;
; iA[2]      ; oHEX1[5]    ; 4.351 ; 4.574 ; 4.824 ; 5.048 ;
; iA[2]      ; oHEX1[6]    ; 4.554 ; 4.795 ; 5.012 ; 5.253 ;
; iA[2]      ; oLED[0]     ; 5.687 ; 6.448 ; 6.148 ; 6.908 ;
; iA[2]      ; oLED[2]     ; 4.881 ; 5.477 ; 5.342 ; 5.937 ;
; iA[2]      ; oLED[3]     ; 5.379 ; 5.968 ; 5.841 ; 6.430 ;
; iA[2]      ; oLED[4]     ; 5.476 ; 6.100 ; 5.949 ; 6.574 ;
; iA[2]      ; oLED[5]     ; 5.850 ; 5.329 ; 6.308 ; 5.787 ;
; iA[3]      ; oHEX0[0]    ; 3.773 ; 3.904 ; 4.207 ; 4.337 ;
; iA[3]      ; oHEX0[1]    ; 3.908 ; 4.110 ; 4.347 ; 4.546 ;
; iA[3]      ; oHEX0[2]    ; 3.952 ; 4.184 ; 4.384 ; 4.615 ;
; iA[3]      ; oHEX0[3]    ; 3.975 ; 4.155 ; 4.411 ; 4.588 ;
; iA[3]      ; oHEX0[4]    ; 3.936 ; 4.030 ; 4.320 ; 4.470 ;
; iA[3]      ; oHEX0[5]    ; 3.795 ; 3.955 ; 4.233 ; 4.390 ;
; iA[3]      ; oHEX0[6]    ; 4.168 ; 3.932 ; 4.600 ; 4.365 ;
; iA[3]      ; oHEX1[0]    ; 4.205 ; 4.429 ; 4.667 ; 4.876 ;
; iA[3]      ; oHEX1[2]    ; 4.354 ; 4.100 ; 4.817 ; 4.562 ;
; iA[3]      ; oHEX1[3]    ; 4.198 ; 4.422 ; 4.660 ; 4.869 ;
; iA[3]      ; oHEX1[4]    ; 3.992 ; 4.168 ; 4.454 ; 4.631 ;
; iA[3]      ; oHEX1[5]    ; 4.132 ; 4.355 ; 4.594 ; 4.818 ;
; iA[3]      ; oHEX1[6]    ; 4.335 ; 4.576 ; 4.782 ; 5.023 ;
; iA[3]      ; oLED[0]     ; 5.491 ; 6.165 ; 5.893 ; 6.701 ;
; iA[3]      ; oLED[3]     ; 4.568 ; 5.111 ; 5.008 ; 5.495 ;
; iA[3]      ; oLED[4]     ; 5.257 ; 5.881 ; 5.719 ; 6.344 ;
; iA[3]      ; oLED[5]     ; 5.631 ; 5.110 ; 6.078 ; 5.557 ;
; iA[4]      ; oHEX0[0]    ; 4.205 ; 4.334 ; 4.631 ; 4.760 ;
; iA[4]      ; oHEX0[1]    ; 4.281 ; 4.530 ; 4.707 ; 4.956 ;
; iA[4]      ; oHEX0[2]    ; 4.391 ; 4.613 ; 4.838 ; 5.039 ;
; iA[4]      ; oHEX0[3]    ; 4.347 ; 4.574 ; 4.773 ; 5.000 ;
; iA[4]      ; oHEX0[4]    ; 4.268 ; 4.457 ; 4.694 ; 4.904 ;
; iA[4]      ; oHEX0[5]    ; 4.168 ; 4.385 ; 4.594 ; 4.832 ;
; iA[4]      ; oHEX0[6]    ; 4.603 ; 4.350 ; 5.029 ; 4.776 ;
; iA[4]      ; oHEX1[0]    ; 3.914 ; 4.156 ; 4.354 ; 4.593 ;
; iA[4]      ; oHEX1[2]    ; 4.301 ; 4.054 ; 4.737 ; 4.492 ;
; iA[4]      ; oHEX1[3]    ; 3.907 ; 4.149 ; 4.347 ; 4.586 ;
; iA[4]      ; oHEX1[4]    ; 3.734 ; 3.947 ; 4.174 ; 4.384 ;
; iA[4]      ; oHEX1[5]    ; 3.837 ; 4.087 ; 4.277 ; 4.524 ;
; iA[4]      ; oHEX1[6]    ; 4.416 ; 4.657 ; 4.853 ; 5.094 ;
; iA[4]      ; oLED[0]     ; 5.296 ; 6.035 ; 5.722 ; 6.482 ;
; iA[4]      ; oLED[4]     ; 4.999 ; 5.660 ; 5.439 ; 6.097 ;
; iA[4]      ; oLED[5]     ; 5.712 ; 5.191 ; 6.149 ; 5.628 ;
; iB[0]      ; oHEX0[0]    ; 4.148 ; 4.277 ; 4.561 ; 4.690 ;
; iB[0]      ; oHEX0[1]    ; 4.224 ; 4.473 ; 4.637 ; 4.886 ;
; iB[0]      ; oHEX0[2]    ; 4.393 ; 4.556 ; 4.742 ; 4.969 ;
; iB[0]      ; oHEX0[3]    ; 4.290 ; 4.517 ; 4.703 ; 4.930 ;
; iB[0]      ; oHEX0[4]    ; 4.211 ; 4.459 ; 4.624 ; 4.808 ;
; iB[0]      ; oHEX0[5]    ; 4.111 ; 4.387 ; 4.524 ; 4.736 ;
; iB[0]      ; oHEX0[6]    ; 4.546 ; 4.293 ; 4.959 ; 4.706 ;
; iB[0]      ; oHEX1[0]    ; 4.195 ; 4.419 ; 4.582 ; 4.791 ;
; iB[0]      ; oHEX1[2]    ; 4.344 ; 4.090 ; 4.732 ; 4.477 ;
; iB[0]      ; oHEX1[3]    ; 4.188 ; 4.412 ; 4.575 ; 4.784 ;
; iB[0]      ; oHEX1[4]    ; 3.982 ; 4.158 ; 4.369 ; 4.546 ;
; iB[0]      ; oHEX1[5]    ; 4.122 ; 4.345 ; 4.509 ; 4.733 ;
; iB[0]      ; oHEX1[6]    ; 4.325 ; 4.566 ; 4.697 ; 4.938 ;
; iB[0]      ; oLED[0]     ; 5.239 ; 6.037 ; 5.652 ; 6.386 ;
; iB[0]      ; oLED[1]     ; 5.019 ; 5.525 ; 5.399 ; 5.905 ;
; iB[0]      ; oLED[2]     ; 5.149 ; 5.795 ; 5.531 ; 6.176 ;
; iB[0]      ; oLED[3]     ; 5.150 ; 5.739 ; 5.526 ; 6.115 ;
; iB[0]      ; oLED[4]     ; 5.247 ; 5.871 ; 5.634 ; 6.259 ;
; iB[0]      ; oLED[5]     ; 5.621 ; 5.100 ; 5.993 ; 5.472 ;
; iB[1]      ; oHEX0[0]    ; 4.158 ; 4.300 ; 4.659 ; 4.799 ;
; iB[1]      ; oHEX0[1]    ; 4.290 ; 4.501 ; 4.790 ; 4.999 ;
; iB[1]      ; oHEX0[2]    ; 4.354 ; 4.795 ; 5.047 ; 5.097 ;
; iB[1]      ; oHEX0[3]    ; 4.374 ; 4.563 ; 4.875 ; 5.062 ;
; iB[1]      ; oHEX0[4]    ; 4.450 ; 4.414 ; 4.760 ; 5.109 ;
; iB[1]      ; oHEX0[5]    ; 4.165 ; 4.334 ; 4.664 ; 4.831 ;
; iB[1]      ; oHEX0[6]    ; 4.558 ; 4.310 ; 5.056 ; 4.811 ;
; iB[1]      ; oHEX1[0]    ; 4.304 ; 4.528 ; 4.749 ; 4.958 ;
; iB[1]      ; oHEX1[2]    ; 4.453 ; 4.199 ; 4.899 ; 4.644 ;
; iB[1]      ; oHEX1[3]    ; 4.297 ; 4.521 ; 4.742 ; 4.951 ;
; iB[1]      ; oHEX1[4]    ; 4.091 ; 4.267 ; 4.536 ; 4.713 ;
; iB[1]      ; oHEX1[5]    ; 4.231 ; 4.454 ; 4.676 ; 4.900 ;
; iB[1]      ; oHEX1[6]    ; 4.434 ; 4.675 ; 4.864 ; 5.105 ;
; iB[1]      ; oLED[0]     ; 5.478 ; 6.243 ; 5.927 ; 6.691 ;
; iB[1]      ; oLED[1]     ; 4.651 ; 5.427 ; 5.352 ; 5.529 ;
; iB[1]      ; oLED[2]     ; 5.258 ; 5.904 ; 5.698 ; 6.343 ;
; iB[1]      ; oLED[3]     ; 5.259 ; 5.848 ; 5.693 ; 6.282 ;
; iB[1]      ; oLED[4]     ; 5.356 ; 5.980 ; 5.801 ; 6.426 ;
; iB[1]      ; oLED[5]     ; 5.730 ; 5.209 ; 6.160 ; 5.639 ;
; iB[2]      ; oHEX0[0]    ; 4.068 ; 4.211 ; 4.530 ; 4.669 ;
; iB[2]      ; oHEX0[1]    ; 4.200 ; 4.648 ; 4.789 ; 4.869 ;
; iB[2]      ; oHEX0[2]    ; 4.266 ; 4.510 ; 4.729 ; 4.969 ;
; iB[2]      ; oHEX0[3]    ; 4.286 ; 4.475 ; 4.749 ; 4.934 ;
; iB[2]      ; oHEX0[4]    ; 4.141 ; 4.282 ; 4.601 ; 4.753 ;
; iB[2]      ; oHEX0[5]    ; 4.071 ; 4.240 ; 4.531 ; 4.696 ;
; iB[2]      ; oHEX0[6]    ; 4.467 ; 4.220 ; 4.924 ; 4.680 ;
; iB[2]      ; oHEX1[0]    ; 4.251 ; 4.475 ; 4.685 ; 4.894 ;
; iB[2]      ; oHEX1[2]    ; 4.400 ; 4.146 ; 4.835 ; 4.580 ;
; iB[2]      ; oHEX1[3]    ; 4.244 ; 4.468 ; 4.678 ; 4.887 ;
; iB[2]      ; oHEX1[4]    ; 4.038 ; 4.214 ; 4.472 ; 4.649 ;
; iB[2]      ; oHEX1[5]    ; 4.178 ; 4.401 ; 4.612 ; 4.836 ;
; iB[2]      ; oHEX1[6]    ; 4.381 ; 4.622 ; 4.800 ; 5.041 ;
; iB[2]      ; oLED[0]     ; 5.414 ; 6.164 ; 5.849 ; 6.598 ;
; iB[2]      ; oLED[2]     ; 4.871 ; 5.691 ; 5.460 ; 5.905 ;
; iB[2]      ; oLED[3]     ; 5.206 ; 5.795 ; 5.629 ; 6.218 ;
; iB[2]      ; oLED[4]     ; 5.303 ; 5.927 ; 5.737 ; 6.362 ;
; iB[2]      ; oLED[5]     ; 5.677 ; 5.156 ; 6.096 ; 5.575 ;
; iB[3]      ; oHEX0[0]    ; 4.022 ; 4.153 ; 4.515 ; 4.645 ;
; iB[3]      ; oHEX0[1]    ; 4.157 ; 4.359 ; 4.655 ; 4.854 ;
; iB[3]      ; oHEX0[2]    ; 4.201 ; 4.433 ; 4.692 ; 4.923 ;
; iB[3]      ; oHEX0[3]    ; 4.224 ; 4.404 ; 4.719 ; 4.896 ;
; iB[3]      ; oHEX0[4]    ; 4.403 ; 4.279 ; 4.628 ; 5.047 ;
; iB[3]      ; oHEX0[5]    ; 4.044 ; 4.204 ; 4.541 ; 4.698 ;
; iB[3]      ; oHEX0[6]    ; 4.417 ; 4.181 ; 4.908 ; 4.673 ;
; iB[3]      ; oHEX1[0]    ; 4.381 ; 4.605 ; 4.853 ; 5.062 ;
; iB[3]      ; oHEX1[2]    ; 4.530 ; 4.276 ; 5.003 ; 4.748 ;
; iB[3]      ; oHEX1[3]    ; 4.374 ; 4.598 ; 4.846 ; 5.055 ;
; iB[3]      ; oHEX1[4]    ; 4.168 ; 4.344 ; 4.640 ; 4.817 ;
; iB[3]      ; oHEX1[5]    ; 4.308 ; 4.531 ; 4.780 ; 5.004 ;
; iB[3]      ; oHEX1[6]    ; 4.511 ; 4.752 ; 4.968 ; 5.209 ;
; iB[3]      ; oLED[0]     ; 5.431 ; 6.476 ; 6.216 ; 6.625 ;
; iB[3]      ; oLED[3]     ; 4.817 ; 5.737 ; 5.618 ; 5.803 ;
; iB[3]      ; oLED[4]     ; 5.433 ; 6.057 ; 5.905 ; 6.530 ;
; iB[3]      ; oLED[5]     ; 5.807 ; 5.286 ; 6.264 ; 5.743 ;
; iB[4]      ; oHEX0[0]    ; 4.246 ; 4.375 ; 4.751 ; 4.880 ;
; iB[4]      ; oHEX0[1]    ; 4.322 ; 4.571 ; 4.827 ; 5.076 ;
; iB[4]      ; oHEX0[2]    ; 4.489 ; 4.654 ; 4.962 ; 5.159 ;
; iB[4]      ; oHEX0[3]    ; 4.388 ; 4.615 ; 4.893 ; 5.120 ;
; iB[4]      ; oHEX0[4]    ; 4.309 ; 4.555 ; 4.814 ; 5.028 ;
; iB[4]      ; oHEX0[5]    ; 4.209 ; 4.483 ; 4.714 ; 4.956 ;
; iB[4]      ; oHEX0[6]    ; 4.644 ; 4.391 ; 5.149 ; 4.896 ;
; iB[4]      ; oHEX1[0]    ; 4.054 ; 4.288 ; 4.517 ; 4.750 ;
; iB[4]      ; oHEX1[2]    ; 4.209 ; 3.949 ; 4.671 ; 4.412 ;
; iB[4]      ; oHEX1[3]    ; 4.047 ; 4.281 ; 4.510 ; 4.743 ;
; iB[4]      ; oHEX1[4]    ; 3.841 ; 4.023 ; 4.304 ; 4.485 ;
; iB[4]      ; oHEX1[5]    ; 3.981 ; 4.210 ; 4.444 ; 4.672 ;
; iB[4]      ; oHEX1[6]    ; 4.421 ; 4.662 ; 4.879 ; 5.120 ;
; iB[4]      ; oLED[0]     ; 5.337 ; 6.133 ; 5.842 ; 6.606 ;
; iB[4]      ; oLED[4]     ; 5.106 ; 5.736 ; 5.569 ; 6.198 ;
; iB[4]      ; oLED[5]     ; 5.717 ; 5.196 ; 6.175 ; 5.654 ;
; iKEY[0]    ; oHEX0[0]    ; 4.424 ; 4.555 ; 5.022 ; 5.153 ;
; iKEY[0]    ; oHEX0[1]    ; 4.559 ; 4.761 ; 5.157 ; 5.359 ;
; iKEY[0]    ; oHEX0[2]    ; 4.603 ; 4.835 ; 5.201 ; 5.433 ;
; iKEY[0]    ; oHEX0[3]    ; 4.626 ; 4.806 ; 5.224 ; 5.404 ;
; iKEY[0]    ; oHEX0[4]    ; 4.587 ; 4.681 ; 5.162 ; 5.279 ;
; iKEY[0]    ; oHEX0[5]    ; 4.446 ; 4.606 ; 5.044 ; 5.204 ;
; iKEY[0]    ; oHEX0[6]    ; 4.819 ; 4.583 ; 5.417 ; 5.181 ;
; iKEY[0]    ; oHEX1[0]    ; 4.218 ; 4.414 ; 4.831 ; 5.026 ;
; iKEY[0]    ; oHEX1[2]    ;       ; 4.323 ; 5.139 ;       ;
; iKEY[0]    ; oHEX1[3]    ; 4.211 ; 4.407 ; 4.824 ; 5.019 ;
; iKEY[0]    ; oHEX1[4]    ; 4.162 ; 4.326 ; 4.767 ; 4.927 ;
; iKEY[0]    ; oHEX1[5]    ; 4.148 ; 4.342 ; 4.763 ; 4.954 ;
; iKEY[0]    ; oHEX1[6]    ; 4.542 ;       ;       ; 5.416 ;
; iKEY[0]    ; oLED[0]     ; 5.674 ; 6.423 ; 6.279 ; 7.024 ;
; iKEY[0]    ; oLED[1]     ; 5.099 ; 5.564 ; 5.700 ; 6.141 ;
; iKEY[0]    ; oLED[2]     ; 5.347 ; 5.978 ; 5.947 ; 6.554 ;
; iKEY[0]    ; oLED[3]     ; 5.219 ; 5.762 ; 5.817 ; 6.337 ;
; iKEY[0]    ; oLED[4]     ; 5.427 ; 6.039 ; 6.032 ; 6.640 ;
; iKEY[0]    ; oLED[5]     ;       ; 5.317 ; 6.471 ;       ;
; iKEY[1]    ; oHEX0[0]    ; 4.573 ; 4.704 ; 5.213 ; 5.344 ;
; iKEY[1]    ; oHEX0[1]    ; 4.708 ; 4.910 ; 5.348 ; 5.550 ;
; iKEY[1]    ; oHEX0[2]    ; 4.752 ; 4.984 ; 5.392 ; 5.624 ;
; iKEY[1]    ; oHEX0[3]    ; 4.775 ; 4.955 ; 5.415 ; 5.595 ;
; iKEY[1]    ; oHEX0[4]    ; 4.713 ; 4.830 ; 5.351 ; 5.470 ;
; iKEY[1]    ; oHEX0[5]    ; 4.595 ; 4.755 ; 5.235 ; 5.395 ;
; iKEY[1]    ; oHEX0[6]    ; 4.968 ; 4.732 ; 5.608 ; 5.372 ;
; iKEY[1]    ; oHEX1[0]    ; 4.573 ; 4.862 ; 5.248 ; 5.505 ;
; iKEY[1]    ; oHEX1[3]    ; 4.566 ; 4.855 ; 5.241 ; 5.498 ;
; iKEY[1]    ; oHEX1[4]    ; 4.393 ; 4.653 ; 5.068 ; 5.296 ;
; iKEY[1]    ; oHEX1[5]    ; 4.496 ; 4.793 ; 5.171 ; 5.436 ;
; iKEY[1]    ; oLED[0]     ; 6.211 ; 6.953 ; 6.878 ; 7.579 ;
; iKEY[1]    ; oLED[1]     ; 5.217 ; 5.682 ; 5.893 ; 6.302 ;
; iKEY[1]    ; oLED[2]     ; 5.465 ; 6.096 ; 6.140 ; 6.715 ;
; iKEY[1]    ; oLED[3]     ; 5.368 ; 5.888 ; 6.008 ; 6.526 ;
; iKEY[1]    ; oLED[4]     ; 5.658 ; 6.366 ; 6.333 ; 7.009 ;
; iKEY[2]    ; oHEX0[0]    ; 4.193 ; 4.324 ; 4.738 ; 4.869 ;
; iKEY[2]    ; oHEX0[1]    ; 4.328 ; 4.530 ; 4.873 ; 5.075 ;
; iKEY[2]    ; oHEX0[2]    ; 4.372 ; 4.604 ; 4.917 ; 5.149 ;
; iKEY[2]    ; oHEX0[3]    ; 4.395 ; 4.575 ; 4.940 ; 5.120 ;
; iKEY[2]    ; oHEX0[4]    ; 4.321 ; 4.450 ; 4.865 ; 4.995 ;
; iKEY[2]    ; oHEX0[5]    ; 4.215 ; 4.375 ; 4.760 ; 4.920 ;
; iKEY[2]    ; oHEX0[6]    ; 4.588 ; 4.352 ; 5.133 ; 4.897 ;
; iKEY[2]    ; oHEX1[0]    ; 4.449 ; 4.700 ; 4.999 ; 5.246 ;
; iKEY[2]    ; oHEX1[3]    ; 4.442 ; 4.693 ; 4.992 ; 5.239 ;
; iKEY[2]    ; oHEX1[4]    ; 4.269 ; 4.491 ; 4.819 ; 5.037 ;
; iKEY[2]    ; oHEX1[5]    ; 4.372 ; 4.631 ; 4.922 ; 5.177 ;
; iKEY[2]    ; oLED[0]     ; 5.835 ; 6.785 ; 6.631 ; 7.150 ;
; iKEY[2]    ; oLED[1]     ; 4.927 ; 5.357 ; 5.484 ; 5.913 ;
; iKEY[2]    ; oLED[2]     ; 5.311 ; 5.919 ; 5.862 ; 6.466 ;
; iKEY[2]    ; oLED[3]     ; 4.988 ; 5.496 ; 5.533 ; 6.040 ;
; iKEY[2]    ; oLED[4]     ; 5.534 ; 6.204 ; 6.084 ; 6.750 ;
; iKEY[3]    ; oHEX0[0]    ; 4.350 ; 4.481 ; 4.912 ; 5.042 ;
; iKEY[3]    ; oHEX0[1]    ; 4.485 ; 4.687 ; 5.052 ; 5.251 ;
; iKEY[3]    ; oHEX0[2]    ; 4.529 ; 4.761 ; 5.089 ; 5.320 ;
; iKEY[3]    ; oHEX0[3]    ; 4.552 ; 4.732 ; 5.116 ; 5.293 ;
; iKEY[3]    ; oHEX0[4]    ; 4.556 ; 4.607 ; 5.025 ; 5.282 ;
; iKEY[3]    ; oHEX0[5]    ; 4.372 ; 4.532 ; 4.938 ; 5.095 ;
; iKEY[3]    ; oHEX0[6]    ; 4.745 ; 4.509 ; 5.305 ; 5.070 ;
; iKEY[3]    ; oHEX1[0]    ; 4.409 ;       ;       ; 5.195 ;
; iKEY[3]    ; oHEX1[3]    ; 4.402 ;       ;       ; 5.188 ;
; iKEY[3]    ; oHEX1[4]    ; 4.229 ;       ;       ; 4.986 ;
; iKEY[3]    ; oHEX1[5]    ; 4.332 ;       ;       ; 5.126 ;
; iKEY[3]    ; oLED[0]     ; 6.081 ; 6.858 ; 6.660 ; 7.327 ;
; iKEY[3]    ; oLED[1]     ; 5.038 ;       ;       ; 6.020 ;
; iKEY[3]    ; oLED[2]     ; 5.286 ;       ;       ; 6.434 ;
; iKEY[3]    ; oLED[3]     ; 5.145 ;       ;       ; 6.200 ;
; iKEY[3]    ; oLED[4]     ; 5.494 ;       ;       ; 6.699 ;
+------------+-------------+-------+-------+-------+-------+


----------------------------------------------
; Fast 1100mV 85C Model Metastability Report ;
----------------------------------------------
No synchronizer chains to report.


--------------------------------------
; Fast 1100mV 0C Model Setup Summary ;
--------------------------------------
No paths to report.


-------------------------------------
; Fast 1100mV 0C Model Hold Summary ;
-------------------------------------
No paths to report.


-----------------------------------------
; Fast 1100mV 0C Model Recovery Summary ;
-----------------------------------------
No paths to report.


----------------------------------------
; Fast 1100mV 0C Model Removal Summary ;
----------------------------------------
No paths to report.


----------------------------------------------------
; Fast 1100mV 0C Model Minimum Pulse Width Summary ;
----------------------------------------------------
No paths to report.


+----------------------------------------------------------+
; Propagation Delay                                        ;
+------------+-------------+-------+-------+-------+-------+
; Input Port ; Output Port ; RR    ; RF    ; FR    ; FF    ;
+------------+-------------+-------+-------+-------+-------+
; iA[0]      ; oHEX0[0]    ; 5.058 ; 5.169 ; 5.492 ; 5.603 ;
; iA[0]      ; oHEX0[1]    ; 5.225 ; 5.417 ; 5.659 ; 5.851 ;
; iA[0]      ; oHEX0[2]    ; 5.213 ; 5.572 ; 5.647 ; 6.006 ;
; iA[0]      ; oHEX0[3]    ; 5.330 ; 5.507 ; 5.764 ; 5.941 ;
; iA[0]      ; oHEX0[4]    ; 5.186 ; 5.199 ; 5.620 ; 5.633 ;
; iA[0]      ; oHEX0[5]    ; 5.060 ; 5.199 ; 5.494 ; 5.633 ;
; iA[0]      ; oHEX0[6]    ; 5.517 ; 5.285 ; 5.951 ; 5.719 ;
; iA[0]      ; oHEX1[0]    ; 4.659 ; 4.854 ; 5.087 ; 5.288 ;
; iA[0]      ; oHEX1[2]    ; 4.819 ; 4.619 ; 5.247 ; 5.047 ;
; iA[0]      ; oHEX1[3]    ; 4.653 ; 4.847 ; 5.081 ; 5.281 ;
; iA[0]      ; oHEX1[4]    ; 4.408 ; 4.579 ; 4.845 ; 5.015 ;
; iA[0]      ; oHEX1[5]    ; 4.616 ; 4.811 ; 5.044 ; 5.239 ;
; iA[0]      ; oHEX1[6]    ; 4.758 ; 5.018 ; 5.186 ; 5.446 ;
; iA[0]      ; oLED[0]     ; 5.906 ; 6.629 ; 6.361 ; 7.091 ;
; iA[0]      ; oLED[1]     ; 5.413 ; 5.911 ; 5.847 ; 6.345 ;
; iA[0]      ; oLED[2]     ; 5.587 ; 6.227 ; 6.022 ; 6.664 ;
; iA[0]      ; oLED[3]     ; 5.583 ; 6.174 ; 6.014 ; 6.605 ;
; iA[0]      ; oLED[4]     ; 5.737 ; 6.398 ; 6.174 ; 6.834 ;
; iA[0]      ; oLED[5]     ; 6.041 ; 5.525 ; 6.469 ; 5.953 ;
; iA[1]      ; oHEX0[0]    ; 4.955 ; 5.066 ; 5.448 ; 5.559 ;
; iA[1]      ; oHEX0[1]    ; 5.122 ; 5.314 ; 5.615 ; 5.807 ;
; iA[1]      ; oHEX0[2]    ; 5.117 ; 5.469 ; 5.611 ; 5.962 ;
; iA[1]      ; oHEX0[3]    ; 5.227 ; 5.404 ; 5.720 ; 5.897 ;
; iA[1]      ; oHEX0[4]    ; 5.083 ; 5.103 ; 5.576 ; 5.597 ;
; iA[1]      ; oHEX0[5]    ; 4.957 ; 5.096 ; 5.450 ; 5.589 ;
; iA[1]      ; oHEX0[6]    ; 5.414 ; 5.182 ; 5.907 ; 5.675 ;
; iA[1]      ; oHEX1[0]    ; 4.626 ; 4.821 ; 5.084 ; 5.285 ;
; iA[1]      ; oHEX1[2]    ; 4.786 ; 4.586 ; 5.244 ; 5.044 ;
; iA[1]      ; oHEX1[3]    ; 4.620 ; 4.814 ; 5.078 ; 5.278 ;
; iA[1]      ; oHEX1[4]    ; 4.375 ; 4.546 ; 4.842 ; 5.012 ;
; iA[1]      ; oHEX1[5]    ; 4.583 ; 4.778 ; 5.041 ; 5.236 ;
; iA[1]      ; oHEX1[6]    ; 4.725 ; 4.985 ; 5.183 ; 5.443 ;
; iA[1]      ; oLED[0]     ; 5.646 ; 6.698 ; 6.487 ; 6.875 ;
; iA[1]      ; oLED[1]     ; 5.317 ; 5.808 ; 5.811 ; 6.301 ;
; iA[1]      ; oLED[2]     ; 5.554 ; 6.194 ; 6.019 ; 6.661 ;
; iA[1]      ; oLED[3]     ; 5.550 ; 6.141 ; 6.011 ; 6.602 ;
; iA[1]      ; oLED[4]     ; 5.704 ; 6.365 ; 6.171 ; 6.831 ;
; iA[1]      ; oLED[5]     ; 6.008 ; 5.492 ; 6.466 ; 5.950 ;
; iA[2]      ; oHEX0[0]    ; 4.913 ; 5.066 ; 5.398 ; 5.528 ;
; iA[2]      ; oHEX0[1]    ; 5.070 ; 5.258 ; 5.526 ; 5.731 ;
; iA[2]      ; oHEX0[2]    ; 5.164 ; 5.382 ; 5.601 ; 5.911 ;
; iA[2]      ; oHEX0[3]    ; 5.153 ; 5.326 ; 5.609 ; 5.801 ;
; iA[2]      ; oHEX0[4]    ; 5.036 ; 5.152 ; 5.492 ; 5.548 ;
; iA[2]      ; oHEX0[5]    ; 4.919 ; 5.054 ; 5.375 ; 5.510 ;
; iA[2]      ; oHEX0[6]    ; 5.428 ; 5.150 ; 5.897 ; 5.636 ;
; iA[2]      ; oHEX1[0]    ; 4.722 ; 4.917 ; 5.175 ; 5.376 ;
; iA[2]      ; oHEX1[2]    ; 4.882 ; 4.682 ; 5.335 ; 5.135 ;
; iA[2]      ; oHEX1[3]    ; 4.716 ; 4.910 ; 5.169 ; 5.369 ;
; iA[2]      ; oHEX1[4]    ; 4.471 ; 4.642 ; 4.933 ; 5.103 ;
; iA[2]      ; oHEX1[5]    ; 4.679 ; 4.874 ; 5.132 ; 5.327 ;
; iA[2]      ; oHEX1[6]    ; 4.821 ; 5.081 ; 5.274 ; 5.534 ;
; iA[2]      ; oLED[0]     ; 5.919 ; 6.808 ; 6.563 ; 7.131 ;
; iA[2]      ; oLED[2]     ; 5.588 ; 6.210 ; 6.074 ; 6.694 ;
; iA[2]      ; oLED[3]     ; 5.646 ; 6.237 ; 6.102 ; 6.693 ;
; iA[2]      ; oLED[4]     ; 5.800 ; 6.461 ; 6.262 ; 6.922 ;
; iA[2]      ; oLED[5]     ; 6.104 ; 5.588 ; 6.557 ; 6.041 ;
; iA[3]      ; oHEX0[0]    ; 4.555 ; 4.708 ; 5.054 ; 5.207 ;
; iA[3]      ; oHEX0[1]    ; 4.704 ; 4.884 ; 5.203 ; 5.383 ;
; iA[3]      ; oHEX0[2]    ; 4.806 ; 5.053 ; 5.305 ; 5.529 ;
; iA[3]      ; oHEX0[3]    ; 4.787 ; 4.952 ; 5.286 ; 5.451 ;
; iA[3]      ; oHEX0[4]    ; 4.628 ; 4.794 ; 5.117 ; 5.293 ;
; iA[3]      ; oHEX0[5]    ; 4.505 ; 4.680 ; 5.000 ; 5.179 ;
; iA[3]      ; oHEX0[6]    ; 5.070 ; 4.792 ; 5.569 ; 5.291 ;
; iA[3]      ; oHEX1[0]    ; 4.603 ; 4.798 ; 5.038 ; 5.239 ;
; iA[3]      ; oHEX1[2]    ; 4.763 ; 4.563 ; 5.198 ; 4.998 ;
; iA[3]      ; oHEX1[3]    ; 4.597 ; 4.791 ; 5.032 ; 5.232 ;
; iA[3]      ; oHEX1[4]    ; 4.352 ; 4.523 ; 4.796 ; 4.966 ;
; iA[3]      ; oHEX1[5]    ; 4.560 ; 4.755 ; 4.995 ; 5.190 ;
; iA[3]      ; oHEX1[6]    ; 4.702 ; 4.962 ; 5.137 ; 5.397 ;
; iA[3]      ; oLED[0]     ; 5.705 ; 6.450 ; 6.181 ; 6.949 ;
; iA[3]      ; oLED[3]     ; 5.197 ; 5.823 ; 5.692 ; 6.318 ;
; iA[3]      ; oLED[4]     ; 5.681 ; 6.342 ; 6.125 ; 6.785 ;
; iA[3]      ; oLED[5]     ; 5.985 ; 5.469 ; 6.420 ; 5.904 ;
; iA[4]      ; oHEX0[0]    ; 4.768 ; 4.921 ; 5.247 ; 5.377 ;
; iA[4]      ; oHEX0[1]    ; 4.917 ; 5.097 ; 5.353 ; 5.580 ;
; iA[4]      ; oHEX0[2]    ; 5.019 ; 5.213 ; 5.339 ; 5.760 ;
; iA[4]      ; oHEX0[3]    ; 5.000 ; 5.165 ; 5.438 ; 5.650 ;
; iA[4]      ; oHEX0[4]    ; 4.788 ; 5.007 ; 5.335 ; 5.327 ;
; iA[4]      ; oHEX0[5]    ; 4.655 ; 4.893 ; 5.202 ; 5.213 ;
; iA[4]      ; oHEX0[6]    ; 5.283 ; 5.005 ; 5.746 ; 5.485 ;
; iA[4]      ; oHEX1[0]    ; 4.589 ; 4.784 ; 5.020 ; 5.215 ;
; iA[4]      ; oHEX1[2]    ; 4.749 ; 4.549 ; 5.180 ; 4.980 ;
; iA[4]      ; oHEX1[3]    ; 4.583 ; 4.777 ; 5.014 ; 5.208 ;
; iA[4]      ; oHEX1[4]    ; 4.273 ; 4.424 ; 4.733 ; 4.883 ;
; iA[4]      ; oHEX1[5]    ; 4.546 ; 4.741 ; 4.977 ; 5.172 ;
; iA[4]      ; oHEX1[6]    ; 4.688 ; 4.948 ; 5.119 ; 5.379 ;
; iA[4]      ; oLED[0]     ; 5.865 ; 6.663 ; 6.412 ; 6.983 ;
; iA[4]      ; oLED[4]     ; 5.602 ; 6.243 ; 6.062 ; 6.702 ;
; iA[4]      ; oLED[5]     ; 5.971 ; 5.455 ; 6.402 ; 5.886 ;
; iB[0]      ; oHEX0[0]    ; 4.873 ; 4.984 ; 5.265 ; 5.376 ;
; iB[0]      ; oHEX0[1]    ; 5.040 ; 5.232 ; 5.432 ; 5.624 ;
; iB[0]      ; oHEX0[2]    ; 5.028 ; 5.387 ; 5.420 ; 5.779 ;
; iB[0]      ; oHEX0[3]    ; 5.145 ; 5.322 ; 5.537 ; 5.714 ;
; iB[0]      ; oHEX0[4]    ; 5.001 ; 5.014 ; 5.393 ; 5.406 ;
; iB[0]      ; oHEX0[5]    ; 4.875 ; 5.014 ; 5.267 ; 5.406 ;
; iB[0]      ; oHEX0[6]    ; 5.332 ; 5.100 ; 5.724 ; 5.492 ;
; iB[0]      ; oHEX1[0]    ; 4.474 ; 4.669 ; 4.860 ; 5.061 ;
; iB[0]      ; oHEX1[2]    ; 4.634 ; 4.434 ; 5.020 ; 4.820 ;
; iB[0]      ; oHEX1[3]    ; 4.468 ; 4.662 ; 4.854 ; 5.054 ;
; iB[0]      ; oHEX1[4]    ; 4.223 ; 4.394 ; 4.618 ; 4.788 ;
; iB[0]      ; oHEX1[5]    ; 4.431 ; 4.626 ; 4.817 ; 5.012 ;
; iB[0]      ; oHEX1[6]    ; 4.573 ; 4.833 ; 4.959 ; 5.219 ;
; iB[0]      ; oLED[0]     ; 5.656 ; 6.406 ; 6.002 ; 6.826 ;
; iB[0]      ; oLED[1]     ; 5.228 ; 5.726 ; 5.620 ; 6.118 ;
; iB[0]      ; oLED[2]     ; 5.402 ; 6.042 ; 5.795 ; 6.437 ;
; iB[0]      ; oLED[3]     ; 5.398 ; 5.989 ; 5.787 ; 6.378 ;
; iB[0]      ; oLED[4]     ; 5.552 ; 6.213 ; 5.947 ; 6.607 ;
; iB[0]      ; oLED[5]     ; 5.856 ; 5.340 ; 6.242 ; 5.726 ;
; iB[1]      ; oHEX0[0]    ; 4.887 ; 5.017 ; 5.340 ; 5.493 ;
; iB[1]      ; oHEX0[1]    ; 5.033 ; 5.225 ; 5.504 ; 5.696 ;
; iB[1]      ; oHEX0[2]    ; 5.035 ; 5.400 ; 5.591 ; 5.851 ;
; iB[1]      ; oHEX0[3]    ; 5.138 ; 5.315 ; 5.609 ; 5.786 ;
; iB[1]      ; oHEX0[4]    ; 4.994 ; 5.016 ; 5.465 ; 5.579 ;
; iB[1]      ; oHEX0[5]    ; 4.868 ; 5.007 ; 5.339 ; 5.478 ;
; iB[1]      ; oHEX0[6]    ; 5.386 ; 5.125 ; 5.855 ; 5.577 ;
; iB[1]      ; oHEX1[0]    ; 4.602 ; 4.797 ; 5.049 ; 5.250 ;
; iB[1]      ; oHEX1[2]    ; 4.762 ; 4.562 ; 5.209 ; 5.009 ;
; iB[1]      ; oHEX1[3]    ; 4.596 ; 4.790 ; 5.043 ; 5.243 ;
; iB[1]      ; oHEX1[4]    ; 4.351 ; 4.522 ; 4.807 ; 4.977 ;
; iB[1]      ; oHEX1[5]    ; 4.559 ; 4.754 ; 5.006 ; 5.201 ;
; iB[1]      ; oHEX1[6]    ; 4.701 ; 4.961 ; 5.148 ; 5.408 ;
; iB[1]      ; oLED[0]     ; 6.052 ; 6.441 ; 6.182 ; 7.235 ;
; iB[1]      ; oLED[1]     ; 5.175 ; 5.719 ; 5.648 ; 6.190 ;
; iB[1]      ; oLED[2]     ; 5.530 ; 6.170 ; 5.984 ; 6.626 ;
; iB[1]      ; oLED[3]     ; 5.526 ; 6.117 ; 5.976 ; 6.567 ;
; iB[1]      ; oLED[4]     ; 5.680 ; 6.341 ; 6.136 ; 6.796 ;
; iB[1]      ; oLED[5]     ; 5.984 ; 5.468 ; 6.431 ; 5.915 ;
; iB[2]      ; oHEX0[0]    ; 4.714 ; 4.821 ; 5.157 ; 5.278 ;
; iB[2]      ; oHEX0[1]    ; 4.890 ; 5.078 ; 5.333 ; 5.521 ;
; iB[2]      ; oHEX0[2]    ; 4.965 ; 5.202 ; 5.408 ; 5.645 ;
; iB[2]      ; oHEX0[3]    ; 4.973 ; 5.146 ; 5.416 ; 5.589 ;
; iB[2]      ; oHEX0[4]    ; 4.856 ; 4.912 ; 5.299 ; 5.364 ;
; iB[2]      ; oHEX0[5]    ; 4.739 ; 4.874 ; 5.182 ; 5.317 ;
; iB[2]      ; oHEX0[6]    ; 5.185 ; 4.942 ; 5.640 ; 5.385 ;
; iB[2]      ; oHEX1[0]    ; 4.542 ; 4.737 ; 4.982 ; 5.183 ;
; iB[2]      ; oHEX1[2]    ; 4.702 ; 4.502 ; 5.142 ; 4.942 ;
; iB[2]      ; oHEX1[3]    ; 4.536 ; 4.730 ; 4.976 ; 5.176 ;
; iB[2]      ; oHEX1[4]    ; 4.291 ; 4.462 ; 4.740 ; 4.910 ;
; iB[2]      ; oHEX1[5]    ; 4.499 ; 4.694 ; 4.939 ; 5.134 ;
; iB[2]      ; oHEX1[6]    ; 4.641 ; 4.901 ; 5.081 ; 5.341 ;
; iB[2]      ; oLED[0]     ; 5.851 ; 6.355 ; 6.093 ; 7.020 ;
; iB[2]      ; oLED[2]     ; 5.317 ; 5.992 ; 5.771 ; 6.462 ;
; iB[2]      ; oLED[3]     ; 5.466 ; 6.057 ; 5.909 ; 6.500 ;
; iB[2]      ; oLED[4]     ; 5.620 ; 6.281 ; 6.069 ; 6.729 ;
; iB[2]      ; oLED[5]     ; 5.924 ; 5.408 ; 6.364 ; 5.848 ;
; iB[3]      ; oHEX0[0]    ; 4.810 ; 4.932 ; 5.350 ; 5.491 ;
; iB[3]      ; oHEX0[1]    ; 4.986 ; 5.174 ; 5.487 ; 5.683 ;
; iB[3]      ; oHEX0[2]    ; 5.061 ; 5.298 ; 5.589 ; 5.863 ;
; iB[3]      ; oHEX0[3]    ; 5.069 ; 5.242 ; 5.570 ; 5.753 ;
; iB[3]      ; oHEX0[4]    ; 4.952 ; 5.018 ; 5.443 ; 5.577 ;
; iB[3]      ; oHEX0[5]    ; 4.835 ; 4.970 ; 5.326 ; 5.463 ;
; iB[3]      ; oHEX0[6]    ; 5.294 ; 5.038 ; 5.853 ; 5.588 ;
; iB[3]      ; oHEX1[0]    ; 4.708 ; 4.903 ; 5.167 ; 5.368 ;
; iB[3]      ; oHEX1[2]    ; 4.868 ; 4.668 ; 5.327 ; 5.127 ;
; iB[3]      ; oHEX1[3]    ; 4.702 ; 4.896 ; 5.161 ; 5.361 ;
; iB[3]      ; oHEX1[4]    ; 4.457 ; 4.628 ; 4.925 ; 5.095 ;
; iB[3]      ; oHEX1[5]    ; 4.665 ; 4.860 ; 5.124 ; 5.319 ;
; iB[3]      ; oHEX1[6]    ; 4.807 ; 5.067 ; 5.266 ; 5.526 ;
; iB[3]      ; oLED[0]     ; 5.919 ; 6.674 ; 6.515 ; 7.233 ;
; iB[3]      ; oLED[3]     ; 5.569 ; 6.153 ; 6.061 ; 6.644 ;
; iB[3]      ; oLED[4]     ; 5.786 ; 6.447 ; 6.254 ; 6.914 ;
; iB[3]      ; oLED[5]     ; 6.090 ; 5.574 ; 6.549 ; 6.033 ;
; iB[4]      ; oHEX0[0]    ; 4.994 ; 5.124 ; 5.470 ; 5.623 ;
; iB[4]      ; oHEX0[1]    ; 5.100 ; 5.327 ; 5.619 ; 5.799 ;
; iB[4]      ; oHEX0[2]    ; 5.067 ; 5.507 ; 5.721 ; 5.870 ;
; iB[4]      ; oHEX0[3]    ; 5.185 ; 5.397 ; 5.702 ; 5.867 ;
; iB[4]      ; oHEX0[4]    ; 5.082 ; 5.055 ; 5.445 ; 5.709 ;
; iB[4]      ; oHEX0[5]    ; 4.949 ; 4.941 ; 5.312 ; 5.595 ;
; iB[4]      ; oHEX0[6]    ; 5.493 ; 5.232 ; 5.985 ; 5.707 ;
; iB[4]      ; oHEX1[0]    ; 4.709 ; 4.904 ; 5.159 ; 5.354 ;
; iB[4]      ; oHEX1[2]    ; 4.869 ; 4.669 ; 5.319 ; 5.119 ;
; iB[4]      ; oHEX1[3]    ; 4.703 ; 4.897 ; 5.153 ; 5.347 ;
; iB[4]      ; oHEX1[4]    ; 4.150 ; 4.356 ; 4.643 ; 4.843 ;
; iB[4]      ; oHEX1[5]    ; 4.666 ; 4.861 ; 5.116 ; 5.311 ;
; iB[4]      ; oHEX1[6]    ; 4.808 ; 5.068 ; 5.258 ; 5.518 ;
; iB[4]      ; oLED[0]     ; 6.159 ; 6.711 ; 6.522 ; 7.365 ;
; iB[4]      ; oLED[4]     ; 5.479 ; 6.175 ; 5.972 ; 6.662 ;
; iB[4]      ; oLED[5]     ; 6.091 ; 5.575 ; 6.541 ; 6.025 ;
; iKEY[0]    ; oHEX0[0]    ; 4.846 ; 4.957 ; 5.511 ; 5.622 ;
; iKEY[0]    ; oHEX0[1]    ; 5.013 ; 5.205 ; 5.678 ; 5.870 ;
; iKEY[0]    ; oHEX0[2]    ; 5.045 ; 5.360 ; 5.735 ; 6.025 ;
; iKEY[0]    ; oHEX0[3]    ; 5.118 ; 5.295 ; 5.783 ; 5.960 ;
; iKEY[0]    ; oHEX0[4]    ; 4.974 ; 5.031 ; 5.639 ; 5.721 ;
; iKEY[0]    ; oHEX0[5]    ; 4.848 ; 4.987 ; 5.513 ; 5.652 ;
; iKEY[0]    ; oHEX0[6]    ; 5.305 ; 5.073 ; 5.970 ; 5.738 ;
; iKEY[0]    ; oHEX1[0]    ; 4.374 ; 4.556 ; 5.080 ; 5.259 ;
; iKEY[0]    ; oHEX1[2]    ;       ; 4.502 ; 5.385 ;       ;
; iKEY[0]    ; oHEX1[3]    ; 4.368 ; 4.549 ; 5.074 ; 5.252 ;
; iKEY[0]    ; oHEX1[4]    ; 4.334 ; 4.453 ; 5.026 ; 5.148 ;
; iKEY[0]    ; oHEX1[5]    ; 4.302 ; 4.486 ; 5.012 ; 5.191 ;
; iKEY[0]    ; oHEX1[6]    ; 4.750 ;       ;       ; 5.727 ;
; iKEY[0]    ; oLED[0]     ; 5.929 ; 6.654 ; 6.622 ; 7.349 ;
; iKEY[0]    ; oLED[1]     ; 5.245 ; 5.699 ; 5.935 ; 6.364 ;
; iKEY[0]    ; oLED[2]     ; 5.526 ; 6.162 ; 6.216 ; 6.827 ;
; iKEY[0]    ; oLED[3]     ; 5.404 ; 5.948 ; 6.095 ; 6.614 ;
; iKEY[0]    ; oLED[4]     ; 5.663 ; 6.272 ; 6.355 ; 6.967 ;
; iKEY[0]    ; oLED[5]     ;       ; 5.517 ; 6.750 ;       ;
; iKEY[1]    ; oHEX0[0]    ; 5.541 ; 5.671 ; 6.284 ; 6.437 ;
; iKEY[1]    ; oHEX0[1]    ; 5.647 ; 5.874 ; 6.433 ; 6.613 ;
; iKEY[1]    ; oHEX0[2]    ; 5.570 ; 6.054 ; 6.535 ; 6.613 ;
; iKEY[1]    ; oHEX0[3]    ; 5.732 ; 5.944 ; 6.516 ; 6.681 ;
; iKEY[1]    ; oHEX0[4]    ; 5.629 ; 5.558 ; 6.188 ; 6.523 ;
; iKEY[1]    ; oHEX0[5]    ; 5.496 ; 5.444 ; 6.055 ; 6.409 ;
; iKEY[1]    ; oHEX0[6]    ; 6.040 ; 5.779 ; 6.799 ; 6.521 ;
; iKEY[1]    ; oHEX1[0]    ; 4.774 ; 5.018 ; 5.551 ; 5.747 ;
; iKEY[1]    ; oHEX1[3]    ; 4.768 ; 5.011 ; 5.545 ; 5.740 ;
; iKEY[1]    ; oHEX1[4]    ; 4.582 ; 4.771 ; 5.359 ; 5.500 ;
; iKEY[1]    ; oHEX1[5]    ; 4.694 ; 4.945 ; 5.471 ; 5.674 ;
; iKEY[1]    ; oLED[0]     ; 6.706 ; 7.214 ; 7.265 ; 8.179 ;
; iKEY[1]    ; oLED[1]     ; 5.410 ; 5.867 ; 6.145 ; 6.624 ;
; iKEY[1]    ; oLED[2]     ; 5.690 ; 6.329 ; 6.425 ; 7.086 ;
; iKEY[1]    ; oLED[3]     ; 5.581 ; 6.112 ; 6.322 ; 6.851 ;
; iKEY[1]    ; oLED[4]     ; 5.911 ; 6.590 ; 6.688 ; 7.319 ;
; iKEY[2]    ; oHEX0[0]    ; 5.370 ; 5.500 ; 5.965 ; 6.118 ;
; iKEY[2]    ; oHEX0[1]    ; 5.476 ; 5.703 ; 6.114 ; 6.294 ;
; iKEY[2]    ; oHEX0[2]    ; 5.372 ; 5.883 ; 6.216 ; 6.282 ;
; iKEY[2]    ; oHEX0[3]    ; 5.561 ; 5.773 ; 6.197 ; 6.362 ;
; iKEY[2]    ; oHEX0[4]    ; 5.458 ; 5.360 ; 5.857 ; 6.204 ;
; iKEY[2]    ; oHEX0[5]    ; 5.325 ; 5.246 ; 5.724 ; 6.090 ;
; iKEY[2]    ; oHEX0[6]    ; 5.869 ; 5.608 ; 6.480 ; 6.202 ;
; iKEY[2]    ; oHEX1[0]    ; 4.611 ; 4.820 ; 5.214 ; 5.426 ;
; iKEY[2]    ; oHEX1[3]    ; 4.605 ; 4.813 ; 5.208 ; 5.419 ;
; iKEY[2]    ; oHEX1[4]    ; 4.419 ; 4.573 ; 5.022 ; 5.179 ;
; iKEY[2]    ; oHEX1[5]    ; 4.531 ; 4.747 ; 5.134 ; 5.353 ;
; iKEY[2]    ; oLED[0]     ; 6.535 ; 7.016 ; 6.934 ; 7.860 ;
; iKEY[2]    ; oLED[1]     ; 5.013 ; 5.450 ; 5.629 ; 6.063 ;
; iKEY[2]    ; oLED[2]     ; 5.471 ; 6.090 ; 6.073 ; 6.696 ;
; iKEY[2]    ; oLED[3]     ; 5.102 ; 5.629 ; 5.707 ; 6.232 ;
; iKEY[2]    ; oLED[4]     ; 5.748 ; 6.392 ; 6.351 ; 6.998 ;
; iKEY[3]    ; oHEX0[0]    ; 5.334 ; 5.487 ; 5.923 ; 6.053 ;
; iKEY[3]    ; oHEX0[1]    ; 5.483 ; 5.663 ; 6.029 ; 6.256 ;
; iKEY[3]    ; oHEX0[2]    ; 5.585 ; 5.687 ; 5.991 ; 6.436 ;
; iKEY[3]    ; oHEX0[3]    ; 5.566 ; 5.731 ; 6.114 ; 6.326 ;
; iKEY[3]    ; oHEX0[4]    ; 5.262 ; 5.573 ; 6.011 ; 5.979 ;
; iKEY[3]    ; oHEX0[5]    ; 5.129 ; 5.459 ; 5.878 ; 5.865 ;
; iKEY[3]    ; oHEX0[6]    ; 5.849 ; 5.571 ; 6.422 ; 6.161 ;
; iKEY[3]    ; oHEX1[0]    ; 4.562 ;       ;       ; 5.415 ;
; iKEY[3]    ; oHEX1[3]    ; 4.556 ;       ;       ; 5.408 ;
; iKEY[3]    ; oHEX1[4]    ; 4.370 ;       ;       ; 5.168 ;
; iKEY[3]    ; oHEX1[5]    ; 4.482 ;       ;       ; 5.342 ;
; iKEY[3]    ; oLED[0]     ; 6.339 ; 7.229 ; 7.088 ; 7.635 ;
; iKEY[3]    ; oLED[1]     ; 5.167 ;       ;       ; 6.217 ;
; iKEY[3]    ; oLED[2]     ; 5.448 ;       ;       ; 6.679 ;
; iKEY[3]    ; oLED[3]     ; 5.312 ;       ;       ; 6.448 ;
; iKEY[3]    ; oLED[4]     ; 5.699 ;       ;       ; 6.987 ;
+------------+-------------+-------+-------+-------+-------+


+----------------------------------------------------------+
; Minimum Propagation Delay                                ;
+------------+-------------+-------+-------+-------+-------+
; Input Port ; Output Port ; RR    ; RF    ; FR    ; FF    ;
+------------+-------------+-------+-------+-------+-------+
; iA[0]      ; oHEX0[0]    ; 4.127 ; 4.237 ; 4.534 ; 4.633 ;
; iA[0]      ; oHEX0[1]    ; 4.224 ; 4.405 ; 4.614 ; 4.821 ;
; iA[0]      ; oHEX0[2]    ; 4.331 ; 4.525 ; 4.804 ; 4.915 ;
; iA[0]      ; oHEX0[3]    ; 4.293 ; 4.453 ; 4.683 ; 4.870 ;
; iA[0]      ; oHEX0[4]    ; 4.205 ; 4.325 ; 4.595 ; 4.798 ;
; iA[0]      ; oHEX0[5]    ; 4.097 ; 4.248 ; 4.487 ; 4.721 ;
; iA[0]      ; oHEX0[6]    ; 4.488 ; 4.313 ; 4.908 ; 4.703 ;
; iA[0]      ; oHEX1[0]    ; 4.162 ; 4.337 ; 4.624 ; 4.788 ;
; iA[0]      ; oHEX1[2]    ; 4.233 ; 4.040 ; 4.697 ; 4.502 ;
; iA[0]      ; oHEX1[3]    ; 4.156 ; 4.330 ; 4.618 ; 4.781 ;
; iA[0]      ; oHEX1[4]    ; 3.957 ; 4.083 ; 4.419 ; 4.547 ;
; iA[0]      ; oHEX1[5]    ; 4.083 ; 4.251 ; 4.545 ; 4.715 ;
; iA[0]      ; oHEX1[6]    ; 4.267 ; 4.459 ; 4.718 ; 4.910 ;
; iA[0]      ; oLED[0]     ; 5.222 ; 5.807 ; 5.612 ; 6.280 ;
; iA[0]      ; oLED[1]     ; 4.876 ; 5.308 ; 5.331 ; 5.763 ;
; iA[0]      ; oLED[2]     ; 5.022 ; 5.575 ; 5.478 ; 6.030 ;
; iA[0]      ; oLED[3]     ; 5.017 ; 5.529 ; 5.470 ; 5.982 ;
; iA[0]      ; oLED[4]     ; 5.157 ; 5.671 ; 5.619 ; 6.135 ;
; iA[0]      ; oLED[5]     ; 5.421 ; 4.991 ; 5.872 ; 5.442 ;
; iA[1]      ; oHEX0[0]    ; 3.900 ; 4.011 ; 4.365 ; 4.476 ;
; iA[1]      ; oHEX0[1]    ; 4.041 ; 4.208 ; 4.506 ; 4.673 ;
; iA[1]      ; oHEX0[2]    ; 4.124 ; 4.369 ; 4.589 ; 4.830 ;
; iA[1]      ; oHEX0[3]    ; 4.129 ; 4.276 ; 4.594 ; 4.741 ;
; iA[1]      ; oHEX0[4]    ; 4.064 ; 4.122 ; 4.525 ; 4.587 ;
; iA[1]      ; oHEX0[5]    ; 3.903 ; 4.039 ; 4.368 ; 4.504 ;
; iA[1]      ; oHEX0[6]    ; 4.276 ; 4.083 ; 4.741 ; 4.548 ;
; iA[1]      ; oHEX1[0]    ; 4.114 ; 4.289 ; 4.593 ; 4.757 ;
; iA[1]      ; oHEX1[2]    ; 4.185 ; 3.992 ; 4.666 ; 4.471 ;
; iA[1]      ; oHEX1[3]    ; 4.108 ; 4.282 ; 4.587 ; 4.750 ;
; iA[1]      ; oHEX1[4]    ; 3.909 ; 4.035 ; 4.388 ; 4.516 ;
; iA[1]      ; oHEX1[5]    ; 4.035 ; 4.203 ; 4.514 ; 4.684 ;
; iA[1]      ; oHEX1[6]    ; 4.219 ; 4.411 ; 4.687 ; 4.879 ;
; iA[1]      ; oLED[0]     ; 5.168 ; 5.789 ; 5.633 ; 6.251 ;
; iA[1]      ; oLED[1]     ; 4.355 ; 4.728 ; 4.820 ; 5.189 ;
; iA[1]      ; oLED[2]     ; 4.974 ; 5.527 ; 5.447 ; 5.999 ;
; iA[1]      ; oLED[3]     ; 4.969 ; 5.481 ; 5.439 ; 5.951 ;
; iA[1]      ; oLED[4]     ; 5.109 ; 5.623 ; 5.588 ; 6.104 ;
; iA[1]      ; oLED[5]     ; 5.373 ; 4.943 ; 5.841 ; 5.411 ;
; iA[2]      ; oHEX0[0]    ; 3.852 ; 3.963 ; 4.320 ; 4.431 ;
; iA[2]      ; oHEX0[1]    ; 3.993 ; 4.175 ; 4.461 ; 4.641 ;
; iA[2]      ; oHEX0[2]    ; 4.078 ; 4.266 ; 4.546 ; 4.734 ;
; iA[2]      ; oHEX0[3]    ; 4.083 ; 4.230 ; 4.551 ; 4.698 ;
; iA[2]      ; oHEX0[4]    ; 3.926 ; 4.030 ; 4.394 ; 4.498 ;
; iA[2]      ; oHEX0[5]    ; 3.851 ; 3.987 ; 4.319 ; 4.455 ;
; iA[2]      ; oHEX0[6]    ; 4.226 ; 4.033 ; 4.694 ; 4.501 ;
; iA[2]      ; oHEX1[0]    ; 4.225 ; 4.400 ; 4.707 ; 4.871 ;
; iA[2]      ; oHEX1[2]    ; 4.296 ; 4.103 ; 4.780 ; 4.585 ;
; iA[2]      ; oHEX1[3]    ; 4.219 ; 4.393 ; 4.701 ; 4.864 ;
; iA[2]      ; oHEX1[4]    ; 4.020 ; 4.146 ; 4.502 ; 4.630 ;
; iA[2]      ; oHEX1[5]    ; 4.146 ; 4.314 ; 4.628 ; 4.798 ;
; iA[2]      ; oHEX1[6]    ; 4.330 ; 4.522 ; 4.801 ; 4.993 ;
; iA[2]      ; oLED[0]     ; 5.428 ; 6.046 ; 5.894 ; 6.510 ;
; iA[2]      ; oLED[2]     ; 4.603 ; 5.118 ; 5.071 ; 5.584 ;
; iA[2]      ; oLED[3]     ; 5.080 ; 5.592 ; 5.553 ; 6.065 ;
; iA[2]      ; oLED[4]     ; 5.220 ; 5.734 ; 5.702 ; 6.218 ;
; iA[2]      ; oLED[5]     ; 5.484 ; 5.054 ; 5.955 ; 5.525 ;
; iA[3]      ; oHEX0[0]    ; 3.543 ; 3.645 ; 3.978 ; 4.078 ;
; iA[3]      ; oHEX0[1]    ; 3.687 ; 3.847 ; 4.128 ; 4.284 ;
; iA[3]      ; oHEX0[2]    ; 3.748 ; 3.927 ; 4.182 ; 4.359 ;
; iA[3]      ; oHEX0[3]    ; 3.757 ; 3.897 ; 4.195 ; 4.331 ;
; iA[3]      ; oHEX0[4]    ; 3.702 ; 3.768 ; 4.095 ; 4.211 ;
; iA[3]      ; oHEX0[5]    ; 3.561 ; 3.690 ; 4.001 ; 4.126 ;
; iA[3]      ; oHEX0[6]    ; 3.914 ; 3.731 ; 4.347 ; 4.166 ;
; iA[3]      ; oHEX1[0]    ; 3.996 ; 4.171 ; 4.463 ; 4.627 ;
; iA[3]      ; oHEX1[2]    ; 4.067 ; 3.874 ; 4.536 ; 4.341 ;
; iA[3]      ; oHEX1[3]    ; 3.990 ; 4.164 ; 4.457 ; 4.620 ;
; iA[3]      ; oHEX1[4]    ; 3.791 ; 3.917 ; 4.258 ; 4.386 ;
; iA[3]      ; oHEX1[5]    ; 3.917 ; 4.085 ; 4.384 ; 4.554 ;
; iA[3]      ; oHEX1[6]    ; 4.101 ; 4.293 ; 4.557 ; 4.749 ;
; iA[3]      ; oLED[0]     ; 5.221 ; 5.772 ; 5.637 ; 6.297 ;
; iA[3]      ; oLED[3]     ; 4.293 ; 4.767 ; 4.736 ; 5.160 ;
; iA[3]      ; oLED[4]     ; 4.991 ; 5.505 ; 5.458 ; 5.974 ;
; iA[3]      ; oLED[5]     ; 5.255 ; 4.825 ; 5.711 ; 5.281 ;
; iA[4]      ; oHEX0[0]    ; 3.976 ; 4.077 ; 4.418 ; 4.517 ;
; iA[4]      ; oHEX0[1]    ; 4.058 ; 4.254 ; 4.498 ; 4.705 ;
; iA[4]      ; oHEX0[2]    ; 4.180 ; 4.359 ; 4.641 ; 4.799 ;
; iA[4]      ; oHEX0[3]    ; 4.127 ; 4.302 ; 4.567 ; 4.754 ;
; iA[4]      ; oHEX0[4]    ; 4.039 ; 4.174 ; 4.479 ; 4.635 ;
; iA[4]      ; oHEX0[5]    ; 3.931 ; 4.097 ; 4.371 ; 4.558 ;
; iA[4]      ; oHEX0[6]    ; 4.337 ; 4.147 ; 4.792 ; 4.587 ;
; iA[4]      ; oHEX1[0]    ; 3.711 ; 3.906 ; 4.165 ; 4.356 ;
; iA[4]      ; oHEX1[2]    ; 4.034 ; 3.849 ; 4.479 ; 4.296 ;
; iA[4]      ; oHEX1[3]    ; 3.705 ; 3.899 ; 4.159 ; 4.349 ;
; iA[4]      ; oHEX1[4]    ; 3.544 ; 3.701 ; 3.998 ; 4.151 ;
; iA[4]      ; oHEX1[5]    ; 3.630 ; 3.825 ; 4.084 ; 4.275 ;
; iA[4]      ; oHEX1[6]    ; 4.202 ; 4.394 ; 4.656 ; 4.848 ;
; iA[4]      ; oLED[0]     ; 5.056 ; 5.656 ; 5.496 ; 6.117 ;
; iA[4]      ; oLED[4]     ; 4.744 ; 5.289 ; 5.198 ; 5.739 ;
; iA[4]      ; oLED[5]     ; 5.356 ; 4.926 ; 5.810 ; 5.380 ;
; iB[0]      ; oHEX0[0]    ; 3.910 ; 4.009 ; 4.327 ; 4.437 ;
; iB[0]      ; oHEX0[1]    ; 3.990 ; 4.197 ; 4.429 ; 4.605 ;
; iB[0]      ; oHEX0[2]    ; 4.184 ; 4.291 ; 4.531 ; 4.730 ;
; iB[0]      ; oHEX0[3]    ; 4.059 ; 4.246 ; 4.498 ; 4.653 ;
; iB[0]      ; oHEX0[4]    ; 3.971 ; 4.178 ; 4.410 ; 4.525 ;
; iB[0]      ; oHEX0[5]    ; 3.863 ; 4.101 ; 4.302 ; 4.448 ;
; iB[0]      ; oHEX0[6]    ; 4.284 ; 4.079 ; 4.688 ; 4.518 ;
; iB[0]      ; oHEX1[0]    ; 4.004 ; 4.179 ; 4.409 ; 4.573 ;
; iB[0]      ; oHEX1[2]    ; 4.075 ; 3.882 ; 4.482 ; 4.287 ;
; iB[0]      ; oHEX1[3]    ; 3.998 ; 4.172 ; 4.403 ; 4.566 ;
; iB[0]      ; oHEX1[4]    ; 3.799 ; 3.925 ; 4.204 ; 4.332 ;
; iB[0]      ; oHEX1[5]    ; 3.925 ; 4.093 ; 4.330 ; 4.500 ;
; iB[0]      ; oHEX1[6]    ; 4.109 ; 4.301 ; 4.503 ; 4.695 ;
; iB[0]      ; oLED[0]     ; 4.988 ; 5.660 ; 5.427 ; 6.007 ;
; iB[0]      ; oLED[1]     ; 4.718 ; 5.150 ; 5.116 ; 5.548 ;
; iB[0]      ; oLED[2]     ; 4.864 ; 5.417 ; 5.263 ; 5.815 ;
; iB[0]      ; oLED[3]     ; 4.859 ; 5.371 ; 5.255 ; 5.767 ;
; iB[0]      ; oLED[4]     ; 4.999 ; 5.513 ; 5.404 ; 5.920 ;
; iB[0]      ; oLED[5]     ; 5.263 ; 4.833 ; 5.657 ; 5.227 ;
; iB[1]      ; oHEX0[0]    ; 3.929 ; 4.040 ; 4.433 ; 4.542 ;
; iB[1]      ; oHEX0[1]    ; 4.070 ; 4.237 ; 4.575 ; 4.739 ;
; iB[1]      ; oHEX0[2]    ; 4.153 ; 4.531 ; 4.824 ; 4.842 ;
; iB[1]      ; oHEX0[3]    ; 4.158 ; 4.305 ; 4.662 ; 4.806 ;
; iB[1]      ; oHEX0[4]    ; 4.211 ; 4.151 ; 4.537 ; 4.818 ;
; iB[1]      ; oHEX0[5]    ; 3.932 ; 4.068 ; 4.435 ; 4.568 ;
; iB[1]      ; oHEX0[6]    ; 4.305 ; 4.112 ; 4.805 ; 4.615 ;
; iB[1]      ; oHEX1[0]    ; 4.113 ; 4.288 ; 4.568 ; 4.732 ;
; iB[1]      ; oHEX1[2]    ; 4.184 ; 3.991 ; 4.641 ; 4.446 ;
; iB[1]      ; oHEX1[3]    ; 4.107 ; 4.281 ; 4.562 ; 4.725 ;
; iB[1]      ; oHEX1[4]    ; 3.908 ; 4.034 ; 4.363 ; 4.491 ;
; iB[1]      ; oHEX1[5]    ; 4.034 ; 4.202 ; 4.489 ; 4.659 ;
; iB[1]      ; oHEX1[6]    ; 4.218 ; 4.410 ; 4.662 ; 4.854 ;
; iB[1]      ; oLED[0]     ; 5.228 ; 5.849 ; 5.681 ; 6.300 ;
; iB[1]      ; oLED[1]     ; 4.384 ; 5.053 ; 5.059 ; 5.201 ;
; iB[1]      ; oLED[2]     ; 4.973 ; 5.526 ; 5.422 ; 5.974 ;
; iB[1]      ; oLED[3]     ; 4.968 ; 5.480 ; 5.414 ; 5.926 ;
; iB[1]      ; oLED[4]     ; 5.108 ; 5.622 ; 5.563 ; 6.079 ;
; iB[1]      ; oLED[5]     ; 5.372 ; 4.942 ; 5.816 ; 5.386 ;
; iB[2]      ; oHEX0[0]    ; 3.853 ; 3.964 ; 4.322 ; 4.430 ;
; iB[2]      ; oHEX0[1]    ; 3.994 ; 4.371 ; 4.579 ; 4.627 ;
; iB[2]      ; oHEX0[2]    ; 4.079 ; 4.267 ; 4.547 ; 4.732 ;
; iB[2]      ; oHEX0[3]    ; 4.084 ; 4.231 ; 4.552 ; 4.696 ;
; iB[2]      ; oHEX0[4]    ; 3.927 ; 4.031 ; 4.398 ; 4.513 ;
; iB[2]      ; oHEX0[5]    ; 3.852 ; 3.988 ; 4.319 ; 4.452 ;
; iB[2]      ; oHEX0[6]    ; 4.227 ; 4.034 ; 4.691 ; 4.502 ;
; iB[2]      ; oHEX1[0]    ; 4.061 ; 4.236 ; 4.508 ; 4.672 ;
; iB[2]      ; oHEX1[2]    ; 4.132 ; 3.939 ; 4.581 ; 4.386 ;
; iB[2]      ; oHEX1[3]    ; 4.055 ; 4.229 ; 4.502 ; 4.665 ;
; iB[2]      ; oHEX1[4]    ; 3.856 ; 3.982 ; 4.303 ; 4.431 ;
; iB[2]      ; oHEX1[5]    ; 3.982 ; 4.150 ; 4.429 ; 4.599 ;
; iB[2]      ; oHEX1[6]    ; 4.166 ; 4.358 ; 4.602 ; 4.794 ;
; iB[2]      ; oLED[0]     ; 5.164 ; 5.773 ; 5.611 ; 6.218 ;
; iB[2]      ; oLED[2]     ; 4.604 ; 5.314 ; 5.189 ; 5.570 ;
; iB[2]      ; oLED[3]     ; 4.916 ; 5.428 ; 5.354 ; 5.866 ;
; iB[2]      ; oLED[4]     ; 5.056 ; 5.570 ; 5.503 ; 6.019 ;
; iB[2]      ; oLED[5]     ; 5.320 ; 4.890 ; 5.756 ; 5.326 ;
; iB[3]      ; oHEX0[0]    ; 3.801 ; 3.903 ; 4.294 ; 4.394 ;
; iB[3]      ; oHEX0[1]    ; 3.945 ; 4.105 ; 4.444 ; 4.600 ;
; iB[3]      ; oHEX0[2]    ; 4.006 ; 4.185 ; 4.498 ; 4.675 ;
; iB[3]      ; oHEX0[3]    ; 4.015 ; 4.155 ; 4.511 ; 4.647 ;
; iB[3]      ; oHEX0[4]    ; 4.171 ; 4.026 ; 4.411 ; 4.773 ;
; iB[3]      ; oHEX0[5]    ; 3.819 ; 3.948 ; 4.317 ; 4.442 ;
; iB[3]      ; oHEX0[6]    ; 4.172 ; 3.989 ; 4.663 ; 4.482 ;
; iB[3]      ; oHEX1[0]    ; 4.191 ; 4.366 ; 4.668 ; 4.832 ;
; iB[3]      ; oHEX1[2]    ; 4.262 ; 4.069 ; 4.741 ; 4.546 ;
; iB[3]      ; oHEX1[3]    ; 4.185 ; 4.359 ; 4.662 ; 4.825 ;
; iB[3]      ; oHEX1[4]    ; 3.986 ; 4.112 ; 4.463 ; 4.591 ;
; iB[3]      ; oHEX1[5]    ; 4.112 ; 4.280 ; 4.589 ; 4.759 ;
; iB[3]      ; oHEX1[6]    ; 4.296 ; 4.488 ; 4.762 ; 4.954 ;
; iB[3]      ; oLED[0]     ; 5.188 ; 6.062 ; 5.945 ; 6.255 ;
; iB[3]      ; oLED[3]     ; 4.551 ; 5.371 ; 5.333 ; 5.476 ;
; iB[3]      ; oLED[4]     ; 5.186 ; 5.700 ; 5.663 ; 6.179 ;
; iB[3]      ; oLED[5]     ; 5.450 ; 5.020 ; 5.916 ; 5.486 ;
; iB[4]      ; oHEX0[0]    ; 4.018 ; 4.117 ; 4.520 ; 4.619 ;
; iB[4]      ; oHEX0[1]    ; 4.098 ; 4.305 ; 4.600 ; 4.807 ;
; iB[4]      ; oHEX0[2]    ; 4.279 ; 4.399 ; 4.745 ; 4.901 ;
; iB[4]      ; oHEX0[3]    ; 4.167 ; 4.354 ; 4.669 ; 4.856 ;
; iB[4]      ; oHEX0[4]    ; 4.079 ; 4.273 ; 4.581 ; 4.739 ;
; iB[4]      ; oHEX0[5]    ; 3.971 ; 4.196 ; 4.473 ; 4.662 ;
; iB[4]      ; oHEX0[6]    ; 4.392 ; 4.187 ; 4.894 ; 4.689 ;
; iB[4]      ; oHEX1[0]    ; 3.867 ; 4.051 ; 4.337 ; 4.518 ;
; iB[4]      ; oHEX1[2]    ; 3.946 ; 3.745 ; 4.413 ; 4.215 ;
; iB[4]      ; oHEX1[3]    ; 3.861 ; 4.044 ; 4.331 ; 4.511 ;
; iB[4]      ; oHEX1[4]    ; 3.662 ; 3.796 ; 4.132 ; 4.263 ;
; iB[4]      ; oHEX1[5]    ; 3.788 ; 3.964 ; 4.258 ; 4.431 ;
; iB[4]      ; oHEX1[6]    ; 4.211 ; 4.403 ; 4.675 ; 4.867 ;
; iB[4]      ; oLED[0]     ; 5.096 ; 5.755 ; 5.598 ; 6.221 ;
; iB[4]      ; oLED[4]     ; 4.862 ; 5.384 ; 5.332 ; 5.851 ;
; iB[4]      ; oLED[5]     ; 5.365 ; 4.935 ; 5.829 ; 5.399 ;
; iKEY[0]    ; oHEX0[0]    ; 4.182 ; 4.284 ; 4.774 ; 4.876 ;
; iKEY[0]    ; oHEX0[1]    ; 4.326 ; 4.486 ; 4.918 ; 5.078 ;
; iKEY[0]    ; oHEX0[2]    ; 4.387 ; 4.566 ; 4.979 ; 5.158 ;
; iKEY[0]    ; oHEX0[3]    ; 4.396 ; 4.536 ; 4.988 ; 5.128 ;
; iKEY[0]    ; oHEX0[4]    ; 4.341 ; 4.407 ; 4.907 ; 4.999 ;
; iKEY[0]    ; oHEX0[5]    ; 4.200 ; 4.329 ; 4.792 ; 4.921 ;
; iKEY[0]    ; oHEX0[6]    ; 4.553 ; 4.370 ; 5.145 ; 4.962 ;
; iKEY[0]    ; oHEX1[0]    ; 4.015 ; 4.169 ; 4.618 ; 4.770 ;
; iKEY[0]    ; oHEX1[2]    ;       ; 4.115 ; 4.867 ;       ;
; iKEY[0]    ; oHEX1[3]    ; 4.009 ; 4.162 ; 4.612 ; 4.763 ;
; iKEY[0]    ; oHEX1[4]    ; 3.972 ; 4.087 ; 4.566 ; 4.678 ;
; iKEY[0]    ; oHEX1[5]    ; 3.938 ; 4.086 ; 4.545 ; 4.689 ;
; iKEY[0]    ; oHEX1[6]    ; 4.324 ;       ;       ; 5.136 ;
; iKEY[0]    ; oLED[0]     ; 5.427 ; 6.039 ; 6.020 ; 6.629 ;
; iKEY[0]    ; oLED[1]     ; 4.802 ; 5.200 ; 5.397 ; 5.769 ;
; iKEY[0]    ; oLED[2]     ; 5.049 ; 5.599 ; 5.643 ; 6.167 ;
; iKEY[0]    ; oLED[3]     ; 4.932 ; 5.406 ; 5.524 ; 5.972 ;
; iKEY[0]    ; oLED[4]     ; 5.172 ; 5.675 ; 5.766 ; 6.266 ;
; iKEY[0]    ; oLED[5]     ;       ; 5.048 ; 6.098 ;       ;
; iKEY[1]    ; oHEX0[0]    ; 4.338 ; 4.440 ; 4.970 ; 5.072 ;
; iKEY[1]    ; oHEX0[1]    ; 4.482 ; 4.642 ; 5.114 ; 5.274 ;
; iKEY[1]    ; oHEX0[2]    ; 4.543 ; 4.722 ; 5.175 ; 5.354 ;
; iKEY[1]    ; oHEX0[3]    ; 4.552 ; 4.692 ; 5.184 ; 5.324 ;
; iKEY[1]    ; oHEX0[4]    ; 4.472 ; 4.563 ; 5.102 ; 5.195 ;
; iKEY[1]    ; oHEX0[5]    ; 4.356 ; 4.485 ; 4.988 ; 5.117 ;
; iKEY[1]    ; oHEX0[6]    ; 4.709 ; 4.526 ; 5.341 ; 5.158 ;
; iKEY[1]    ; oHEX1[0]    ; 4.341 ; 4.583 ; 5.003 ; 5.209 ;
; iKEY[1]    ; oHEX1[3]    ; 4.335 ; 4.576 ; 4.997 ; 5.202 ;
; iKEY[1]    ; oHEX1[4]    ; 4.174 ; 4.378 ; 4.836 ; 5.004 ;
; iKEY[1]    ; oHEX1[5]    ; 4.260 ; 4.502 ; 4.922 ; 5.128 ;
; iKEY[1]    ; oLED[0]     ; 5.921 ; 6.529 ; 6.577 ; 7.142 ;
; iKEY[1]    ; oLED[1]     ; 4.921 ; 5.319 ; 5.581 ; 5.928 ;
; iKEY[1]    ; oLED[2]     ; 5.167 ; 5.717 ; 5.828 ; 6.327 ;
; iKEY[1]    ; oLED[3]     ; 5.088 ; 5.537 ; 5.720 ; 6.167 ;
; iKEY[1]    ; oLED[4]     ; 5.374 ; 5.966 ; 6.036 ; 6.592 ;
; iKEY[2]    ; oHEX0[0]    ; 3.946 ; 4.048 ; 4.495 ; 4.597 ;
; iKEY[2]    ; oHEX0[1]    ; 4.090 ; 4.250 ; 4.639 ; 4.799 ;
; iKEY[2]    ; oHEX0[2]    ; 4.151 ; 4.330 ; 4.700 ; 4.879 ;
; iKEY[2]    ; oHEX0[3]    ; 4.160 ; 4.300 ; 4.709 ; 4.849 ;
; iKEY[2]    ; oHEX0[4]    ; 4.070 ; 4.171 ; 4.617 ; 4.720 ;
; iKEY[2]    ; oHEX0[5]    ; 3.964 ; 4.093 ; 4.513 ; 4.642 ;
; iKEY[2]    ; oHEX0[6]    ; 4.317 ; 4.134 ; 4.866 ; 4.683 ;
; iKEY[2]    ; oHEX1[0]    ; 4.215 ; 4.418 ; 4.765 ; 4.964 ;
; iKEY[2]    ; oHEX1[3]    ; 4.209 ; 4.411 ; 4.759 ; 4.957 ;
; iKEY[2]    ; oHEX1[4]    ; 4.048 ; 4.213 ; 4.598 ; 4.759 ;
; iKEY[2]    ; oHEX1[5]    ; 4.134 ; 4.337 ; 4.684 ; 4.883 ;
; iKEY[2]    ; oLED[0]     ; 5.552 ; 6.360 ; 6.340 ; 6.724 ;
; iKEY[2]    ; oLED[1]     ; 4.628 ; 4.991 ; 5.185 ; 5.546 ;
; iKEY[2]    ; oLED[2]     ; 5.013 ; 5.538 ; 5.563 ; 6.084 ;
; iKEY[2]    ; oLED[3]     ; 4.696 ; 5.135 ; 5.245 ; 5.682 ;
; iKEY[2]    ; oLED[4]     ; 5.248 ; 5.801 ; 5.798 ; 6.347 ;
; iKEY[3]    ; oHEX0[0]    ; 4.101 ; 4.203 ; 4.653 ; 4.753 ;
; iKEY[3]    ; oHEX0[1]    ; 4.245 ; 4.405 ; 4.803 ; 4.959 ;
; iKEY[3]    ; oHEX0[2]    ; 4.306 ; 4.485 ; 4.857 ; 5.034 ;
; iKEY[3]    ; oHEX0[3]    ; 4.315 ; 4.455 ; 4.870 ; 5.006 ;
; iKEY[3]    ; oHEX0[4]    ; 4.305 ; 4.326 ; 4.770 ; 4.989 ;
; iKEY[3]    ; oHEX0[5]    ; 4.119 ; 4.248 ; 4.676 ; 4.801 ;
; iKEY[3]    ; oHEX0[6]    ; 4.472 ; 4.289 ; 5.022 ; 4.841 ;
; iKEY[3]    ; oHEX1[0]    ; 4.169 ;       ;       ; 4.908 ;
; iKEY[3]    ; oHEX1[3]    ; 4.163 ;       ;       ; 4.901 ;
; iKEY[3]    ; oHEX1[4]    ; 4.002 ;       ;       ; 4.703 ;
; iKEY[3]    ; oHEX1[5]    ; 4.088 ;       ;       ; 4.827 ;
; iKEY[3]    ; oLED[0]     ; 5.787 ; 6.437 ; 6.369 ; 6.895 ;
; iKEY[3]    ; oLED[1]     ; 4.735 ;       ;       ; 5.647 ;
; iKEY[3]    ; oLED[2]     ; 4.982 ;       ;       ; 6.046 ;
; iKEY[3]    ; oLED[3]     ; 4.851 ;       ;       ; 5.835 ;
; iKEY[3]    ; oLED[4]     ; 5.202 ;       ;       ; 6.291 ;
+------------+-------------+-------+-------+-------+-------+


---------------------------------------------
; Fast 1100mV 0C Model Metastability Report ;
---------------------------------------------
No synchronizer chains to report.


+----------------------------------------------------------------------------+
; Multicorner Timing Analysis Summary                                        ;
+------------------+-------+------+----------+---------+---------------------+
; Clock            ; Setup ; Hold ; Recovery ; Removal ; Minimum Pulse Width ;
+------------------+-------+------+----------+---------+---------------------+
; Worst-case Slack ; N/A   ; N/A  ; N/A      ; N/A     ; N/A                 ;
; Design-wide TNS  ; 0.0   ; 0.0  ; 0.0      ; 0.0     ; 0.0                 ;
+------------------+-------+------+----------+---------+---------------------+


+--------------------------------------------------------------+
; Propagation Delay                                            ;
+------------+-------------+--------+--------+--------+--------+
; Input Port ; Output Port ; RR     ; RF     ; FR     ; FF     ;
+------------+-------------+--------+--------+--------+--------+
; iA[0]      ; oHEX0[0]    ; 10.637 ; 10.665 ; 10.671 ; 10.699 ;
; iA[0]      ; oHEX0[1]    ; 10.954 ; 11.116 ; 10.988 ; 11.150 ;
; iA[0]      ; oHEX0[2]    ; 10.828 ; 11.274 ; 10.862 ; 11.308 ;
; iA[0]      ; oHEX0[3]    ; 11.074 ; 11.212 ; 11.108 ; 11.246 ;
; iA[0]      ; oHEX0[4]    ; 10.806 ; 10.710 ; 10.840 ; 10.744 ;
; iA[0]      ; oHEX0[5]    ; 10.686 ; 10.764 ; 10.720 ; 10.798 ;
; iA[0]      ; oHEX0[6]    ; 11.213 ; 10.957 ; 11.247 ; 10.991 ;
; iA[0]      ; oHEX1[0]    ; 9.869  ; 10.073 ; 9.924  ; 10.125 ;
; iA[0]      ; oHEX1[2]    ; 9.802  ; 9.491  ; 9.840  ; 9.539  ;
; iA[0]      ; oHEX1[3]    ; 9.868  ; 10.071 ; 9.923  ; 10.123 ;
; iA[0]      ; oHEX1[4]    ; 9.387  ; 9.602  ; 9.436  ; 9.654  ;
; iA[0]      ; oHEX1[5]    ; 9.714  ; 9.930  ; 9.779  ; 9.982  ;
; iA[0]      ; oHEX1[6]    ; 9.617  ; 9.940  ; 9.643  ; 9.966  ;
; iA[0]      ; oLED[0]     ; 11.819 ; 12.861 ; 11.937 ; 12.975 ;
; iA[0]      ; oLED[1]     ; 10.996 ; 11.640 ; 11.030 ; 11.674 ;
; iA[0]      ; oLED[2]     ; 11.382 ; 12.211 ; 11.425 ; 12.265 ;
; iA[0]      ; oLED[3]     ; 11.153 ; 11.889 ; 11.183 ; 11.919 ;
; iA[0]      ; oLED[4]     ; 11.727 ; 12.602 ; 11.775 ; 12.654 ;
; iA[0]      ; oLED[5]     ; 11.663 ; 11.047 ; 11.689 ; 11.073 ;
; iA[1]      ; oHEX0[0]    ; 10.634 ; 10.662 ; 10.795 ; 10.823 ;
; iA[1]      ; oHEX0[1]    ; 10.951 ; 11.113 ; 11.112 ; 11.274 ;
; iA[1]      ; oHEX0[2]    ; 10.867 ; 11.271 ; 11.027 ; 11.432 ;
; iA[1]      ; oHEX0[3]    ; 11.071 ; 11.209 ; 11.232 ; 11.370 ;
; iA[1]      ; oHEX0[4]    ; 10.803 ; 10.749 ; 10.964 ; 10.909 ;
; iA[1]      ; oHEX0[5]    ; 10.683 ; 10.761 ; 10.844 ; 10.922 ;
; iA[1]      ; oHEX0[6]    ; 11.210 ; 10.954 ; 11.371 ; 11.115 ;
; iA[1]      ; oHEX1[0]    ; 9.794  ; 9.985  ; 9.891  ; 10.084 ;
; iA[1]      ; oHEX1[2]    ; 9.727  ; 9.416  ; 9.814  ; 9.513  ;
; iA[1]      ; oHEX1[3]    ; 9.793  ; 9.983  ; 9.890  ; 10.082 ;
; iA[1]      ; oHEX1[4]    ; 9.312  ; 9.514  ; 9.409  ; 9.613  ;
; iA[1]      ; oHEX1[5]    ; 9.633  ; 9.842  ; 9.738  ; 9.941  ;
; iA[1]      ; oHEX1[6]    ; 9.542  ; 9.865  ; 9.617  ; 9.940  ;
; iA[1]      ; oLED[0]     ; 11.108 ; 12.951 ; 12.186 ; 12.152 ;
; iA[1]      ; oLED[1]     ; 11.035 ; 11.637 ; 11.195 ; 11.798 ;
; iA[1]      ; oLED[2]     ; 11.307 ; 12.136 ; 11.399 ; 12.239 ;
; iA[1]      ; oLED[3]     ; 11.078 ; 11.814 ; 11.157 ; 11.893 ;
; iA[1]      ; oLED[4]     ; 11.652 ; 12.514 ; 11.749 ; 12.613 ;
; iA[1]      ; oLED[5]     ; 11.588 ; 10.972 ; 11.663 ; 11.047 ;
; iA[2]      ; oHEX0[0]    ; 10.377 ; 10.536 ; 10.519 ; 10.646 ;
; iA[2]      ; oHEX0[1]    ; 10.737 ; 10.868 ; 10.668 ; 10.949 ;
; iA[2]      ; oHEX0[2]    ; 10.732 ; 10.902 ; 10.780 ; 11.260 ;
; iA[2]      ; oHEX0[3]    ; 10.832 ; 10.939 ; 10.837 ; 11.037 ;
; iA[2]      ; oHEX0[4]    ; 10.282 ; 10.628 ; 10.546 ; 10.628 ;
; iA[2]      ; oHEX0[5]    ; 10.298 ; 10.530 ; 10.442 ; 10.528 ;
; iA[2]      ; oHEX0[6]    ; 11.092 ; 10.739 ; 11.229 ; 10.847 ;
; iA[2]      ; oHEX1[0]    ; 9.962  ; 10.169 ; 10.058 ; 10.259 ;
; iA[2]      ; oHEX1[2]    ; 9.895  ; 9.584  ; 9.979  ; 9.678  ;
; iA[2]      ; oHEX1[3]    ; 9.961  ; 10.167 ; 10.057 ; 10.257 ;
; iA[2]      ; oHEX1[4]    ; 9.480  ; 9.698  ; 9.574  ; 9.788  ;
; iA[2]      ; oHEX1[5]    ; 9.810  ; 10.026 ; 9.913  ; 10.116 ;
; iA[2]      ; oHEX1[6]    ; 9.710  ; 10.033 ; 9.782  ; 10.105 ;
; iA[2]      ; oLED[0]     ; 11.762 ; 13.129 ; 12.246 ; 12.758 ;
; iA[2]      ; oLED[2]     ; 11.323 ; 12.109 ; 11.476 ; 12.253 ;
; iA[2]      ; oLED[3]     ; 11.246 ; 11.982 ; 11.322 ; 12.058 ;
; iA[2]      ; oLED[4]     ; 11.820 ; 12.698 ; 11.914 ; 12.788 ;
; iA[2]      ; oLED[5]     ; 11.756 ; 11.140 ; 11.828 ; 11.212 ;
; iA[3]      ; oHEX0[0]    ; 9.631  ; 9.735  ; 9.762  ; 9.905  ;
; iA[3]      ; oHEX0[1]    ; 9.920  ; 10.056 ; 10.106 ; 10.237 ;
; iA[3]      ; oHEX0[2]    ; 9.915  ; 10.321 ; 10.101 ; 10.452 ;
; iA[3]      ; oHEX0[3]    ; 10.015 ; 10.130 ; 10.201 ; 10.308 ;
; iA[3]      ; oHEX0[4]    ; 9.658  ; 9.811  ; 9.789  ; 9.997  ;
; iA[3]      ; oHEX0[5]    ; 9.513  ; 9.713  ; 9.650  ; 9.899  ;
; iA[3]      ; oHEX0[6]    ; 10.299 ; 9.959  ; 10.455 ; 10.108 ;
; iA[3]      ; oHEX1[0]    ; 9.818  ; 10.010 ; 9.862  ; 10.058 ;
; iA[3]      ; oHEX1[2]    ; 9.751  ; 9.440  ; 9.785  ; 9.484  ;
; iA[3]      ; oHEX1[3]    ; 9.817  ; 10.008 ; 9.861  ; 10.056 ;
; iA[3]      ; oHEX1[4]    ; 9.336  ; 9.539  ; 9.380  ; 9.587  ;
; iA[3]      ; oHEX1[5]    ; 9.657  ; 9.867  ; 9.712  ; 9.915  ;
; iA[3]      ; oHEX1[6]    ; 9.566  ; 9.889  ; 9.588  ; 9.911  ;
; iA[3]      ; oLED[0]     ; 11.358 ; 12.278 ; 11.489 ; 12.464 ;
; iA[3]      ; oLED[3]     ; 10.478 ; 11.296 ; 10.646 ; 11.458 ;
; iA[3]      ; oLED[4]     ; 11.676 ; 12.539 ; 11.720 ; 12.587 ;
; iA[3]      ; oLED[5]     ; 11.612 ; 10.996 ; 11.634 ; 11.018 ;
; iA[4]      ; oHEX0[0]    ; 9.958  ; 10.117 ; 10.196 ; 10.300 ;
; iA[4]      ; oHEX0[1]    ; 10.318 ; 10.449 ; 10.329 ; 10.621 ;
; iA[4]      ; oHEX0[2]    ; 10.313 ; 10.543 ; 10.165 ; 10.886 ;
; iA[4]      ; oHEX0[3]    ; 10.413 ; 10.520 ; 10.427 ; 10.695 ;
; iA[4]      ; oHEX0[4]    ; 9.880  ; 10.209 ; 10.223 ; 10.061 ;
; iA[4]      ; oHEX0[5]    ; 9.735  ; 10.111 ; 10.078 ; 9.963  ;
; iA[4]      ; oHEX0[6]    ; 10.667 ; 10.320 ; 10.864 ; 10.524 ;
; iA[4]      ; oHEX1[0]    ; 9.559  ; 9.693  ; 9.676  ; 9.781  ;
; iA[4]      ; oHEX1[2]    ; 9.619  ; 9.312  ; 9.659  ; 9.352  ;
; iA[4]      ; oHEX1[3]    ; 9.558  ; 9.692  ; 9.675  ; 9.780  ;
; iA[4]      ; oHEX1[4]    ; 9.077  ; 9.215  ; 9.194  ; 9.323  ;
; iA[4]      ; oHEX1[5]    ; 9.430  ; 9.601  ; 9.515  ; 9.644  ;
; iA[4]      ; oHEX1[6]    ; 9.468  ; 9.791  ; 9.508  ; 9.831  ;
; iA[4]      ; oLED[0]     ; 11.580 ; 12.676 ; 11.923 ; 12.528 ;
; iA[4]      ; oLED[4]     ; 11.417 ; 12.179 ; 11.534 ; 12.304 ;
; iA[4]      ; oLED[5]     ; 11.514 ; 10.898 ; 11.554 ; 10.938 ;
; iB[0]      ; oHEX0[0]    ; 10.207 ; 10.235 ; 10.225 ; 10.253 ;
; iB[0]      ; oHEX0[1]    ; 10.524 ; 10.686 ; 10.542 ; 10.704 ;
; iB[0]      ; oHEX0[2]    ; 10.398 ; 10.844 ; 10.416 ; 10.862 ;
; iB[0]      ; oHEX0[3]    ; 10.644 ; 10.782 ; 10.662 ; 10.800 ;
; iB[0]      ; oHEX0[4]    ; 10.376 ; 10.280 ; 10.394 ; 10.298 ;
; iB[0]      ; oHEX0[5]    ; 10.256 ; 10.334 ; 10.274 ; 10.352 ;
; iB[0]      ; oHEX0[6]    ; 10.783 ; 10.527 ; 10.801 ; 10.545 ;
; iB[0]      ; oHEX1[0]    ; 9.439  ; 9.607  ; 9.471  ; 9.629  ;
; iB[0]      ; oHEX1[2]    ; 9.372  ; 9.061  ; 9.394  ; 9.093  ;
; iB[0]      ; oHEX1[3]    ; 9.438  ; 9.606  ; 9.470  ; 9.628  ;
; iB[0]      ; oHEX1[4]    ; 8.957  ; 9.149  ; 8.989  ; 9.171  ;
; iB[0]      ; oHEX1[5]    ; 9.278  ; 9.470  ; 9.310  ; 9.492  ;
; iB[0]      ; oHEX1[6]    ; 9.187  ; 9.510  ; 9.197  ; 9.520  ;
; iB[0]      ; oLED[0]     ; 11.141 ; 12.268 ; 11.156 ; 12.353 ;
; iB[0]      ; oLED[1]     ; 10.566 ; 11.210 ; 10.584 ; 11.228 ;
; iB[0]      ; oLED[2]     ; 10.952 ; 11.781 ; 10.979 ; 11.819 ;
; iB[0]      ; oLED[3]     ; 10.723 ; 11.459 ; 10.737 ; 11.473 ;
; iB[0]      ; oLED[4]     ; 11.297 ; 12.104 ; 11.329 ; 12.157 ;
; iB[0]      ; oLED[5]     ; 11.233 ; 10.617 ; 11.243 ; 10.627 ;
; iB[1]      ; oHEX0[0]    ; 10.347 ; 10.452 ; 10.397 ; 10.551 ;
; iB[1]      ; oHEX0[1]    ; 10.600 ; 10.772 ; 10.752 ; 10.883 ;
; iB[1]      ; oHEX0[2]    ; 10.493 ; 11.066 ; 10.747 ; 11.034 ;
; iB[1]      ; oHEX0[3]    ; 10.720 ; 10.858 ; 10.847 ; 10.972 ;
; iB[1]      ; oHEX0[4]    ; 10.452 ; 10.341 ; 10.566 ; 10.643 ;
; iB[1]      ; oHEX0[5]    ; 10.332 ; 10.410 ; 10.446 ; 10.545 ;
; iB[1]      ; oHEX0[6]    ; 11.035 ; 10.675 ; 11.107 ; 10.754 ;
; iB[1]      ; oHEX1[0]    ; 9.624  ; 9.792  ; 9.734  ; 9.901  ;
; iB[1]      ; oHEX1[2]    ; 9.557  ; 9.246  ; 9.657  ; 9.356  ;
; iB[1]      ; oHEX1[3]    ; 9.623  ; 9.791  ; 9.733  ; 9.899  ;
; iB[1]      ; oHEX1[4]    ; 9.142  ; 9.334  ; 9.252  ; 9.434  ;
; iB[1]      ; oHEX1[5]    ; 9.463  ; 9.655  ; 9.573  ; 9.758  ;
; iB[1]      ; oHEX1[6]    ; 9.372  ; 9.695  ; 9.460  ; 9.783  ;
; iB[1]      ; oLED[0]     ; 12.074 ; 12.041 ; 11.297 ; 13.144 ;
; iB[1]      ; oLED[1]     ; 10.530 ; 11.286 ; 10.659 ; 11.400 ;
; iB[1]      ; oLED[2]     ; 11.137 ; 11.966 ; 11.242 ; 12.082 ;
; iB[1]      ; oLED[3]     ; 10.908 ; 11.644 ; 11.000 ; 11.736 ;
; iB[1]      ; oLED[4]     ; 11.482 ; 12.303 ; 11.592 ; 12.430 ;
; iB[1]      ; oLED[5]     ; 11.418 ; 10.802 ; 11.506 ; 10.890 ;
; iB[2]      ; oHEX0[0]    ; 9.852  ; 9.956  ; 9.887  ; 10.045 ;
; iB[2]      ; oHEX0[1]    ; 10.021 ; 10.277 ; 10.246 ; 10.377 ;
; iB[2]      ; oHEX0[2]    ; 10.142 ; 10.542 ; 10.269 ; 10.535 ;
; iB[2]      ; oHEX0[3]    ; 10.199 ; 10.351 ; 10.341 ; 10.472 ;
; iB[2]      ; oHEX0[4]    ; 9.879  ; 9.990  ; 9.958  ; 10.137 ;
; iB[2]      ; oHEX0[5]    ; 9.804  ; 9.890  ; 9.931  ; 10.039 ;
; iB[2]      ; oHEX0[6]    ; 10.520 ; 10.180 ; 10.595 ; 10.248 ;
; iB[2]      ; oHEX1[0]    ; 9.555  ; 9.723  ; 9.656  ; 9.814  ;
; iB[2]      ; oHEX1[2]    ; 9.488  ; 9.177  ; 9.579  ; 9.278  ;
; iB[2]      ; oHEX1[3]    ; 9.554  ; 9.722  ; 9.655  ; 9.813  ;
; iB[2]      ; oHEX1[4]    ; 9.073  ; 9.265  ; 9.174  ; 9.356  ;
; iB[2]      ; oHEX1[5]    ; 9.394  ; 9.586  ; 9.495  ; 9.677  ;
; iB[2]      ; oHEX1[6]    ; 9.303  ; 9.626  ; 9.382  ; 9.705  ;
; iB[2]      ; oLED[0]     ; 11.579 ; 11.931 ; 11.189 ; 12.604 ;
; iB[2]      ; oLED[2]     ; 10.660 ; 11.615 ; 10.748 ; 11.742 ;
; iB[2]      ; oLED[3]     ; 10.839 ; 11.575 ; 10.922 ; 11.658 ;
; iB[2]      ; oLED[4]     ; 11.413 ; 12.219 ; 11.514 ; 12.343 ;
; iB[2]      ; oLED[5]     ; 11.349 ; 10.733 ; 11.428 ; 10.812 ;
; iB[3]      ; oHEX0[0]    ; 10.076 ; 10.109 ; 10.365 ; 10.469 ;
; iB[3]      ; oHEX0[1]    ; 10.406 ; 10.574 ; 10.571 ; 10.790 ;
; iB[3]      ; oHEX0[2]    ; 10.432 ; 10.694 ; 10.585 ; 11.055 ;
; iB[3]      ; oHEX0[3]    ; 10.502 ; 10.646 ; 10.666 ; 10.864 ;
; iB[3]      ; oHEX0[4]    ; 10.260 ; 10.266 ; 10.413 ; 10.462 ;
; iB[3]      ; oHEX0[5]    ; 10.152 ; 10.236 ; 10.305 ; 10.389 ;
; iB[3]      ; oHEX0[6]    ; 10.639 ; 10.379 ; 11.033 ; 10.693 ;
; iB[3]      ; oHEX1[0]    ; 9.868  ; 10.052 ; 9.961  ; 10.144 ;
; iB[3]      ; oHEX1[2]    ; 9.801  ; 9.490  ; 9.884  ; 9.583  ;
; iB[3]      ; oHEX1[3]    ; 9.867  ; 10.050 ; 9.960  ; 10.142 ;
; iB[3]      ; oHEX1[4]    ; 9.386  ; 9.581  ; 9.479  ; 9.673  ;
; iB[3]      ; oHEX1[5]    ; 9.707  ; 9.909  ; 9.800  ; 10.001 ;
; iB[3]      ; oHEX1[6]    ; 9.616  ; 9.939  ; 9.687  ; 10.010 ;
; iB[3]      ; oLED[0]     ; 11.667 ; 12.625 ; 12.092 ; 12.929 ;
; iB[3]      ; oLED[3]     ; 11.266 ; 11.960 ; 11.418 ; 12.113 ;
; iB[3]      ; oLED[4]     ; 11.726 ; 12.581 ; 11.819 ; 12.673 ;
; iB[3]      ; oLED[5]     ; 11.662 ; 11.046 ; 11.733 ; 11.117 ;
; iB[4]      ; oHEX0[0]    ; 10.553 ; 10.657 ; 10.582 ; 10.741 ;
; iB[4]      ; oHEX0[1]    ; 10.686 ; 10.978 ; 10.942 ; 11.073 ;
; iB[4]      ; oHEX0[2]    ; 10.461 ; 11.243 ; 10.937 ; 11.047 ;
; iB[4]      ; oHEX0[3]    ; 10.784 ; 11.052 ; 11.037 ; 11.144 ;
; iB[4]      ; oHEX0[4]    ; 10.580 ; 10.357 ; 10.366 ; 10.833 ;
; iB[4]      ; oHEX0[5]    ; 10.435 ; 10.259 ; 10.221 ; 10.735 ;
; iB[4]      ; oHEX0[6]    ; 11.221 ; 10.881 ; 11.291 ; 10.944 ;
; iB[4]      ; oHEX1[0]    ; 9.617  ; 9.891  ; 9.710  ; 9.984  ;
; iB[4]      ; oHEX1[2]    ; 9.817  ; 9.510  ; 9.910  ; 9.603  ;
; iB[4]      ; oHEX1[3]    ; 9.616  ; 9.890  ; 9.709  ; 9.983  ;
; iB[4]      ; oHEX1[4]    ; 8.608  ; 8.903  ; 8.767  ; 9.066  ;
; iB[4]      ; oHEX1[5]    ; 9.628  ; 9.799  ; 9.721  ; 9.892  ;
; iB[4]      ; oHEX1[6]    ; 9.666  ; 9.989  ; 9.759  ; 10.082 ;
; iB[4]      ; oLED[0]     ; 12.280 ; 12.824 ; 12.066 ; 13.300 ;
; iB[4]      ; oLED[4]     ; 10.948 ; 11.857 ; 11.107 ; 12.020 ;
; iB[4]      ; oLED[5]     ; 11.712 ; 11.096 ; 11.805 ; 11.189 ;
; iKEY[0]    ; oHEX0[0]    ; 9.727  ; 9.755  ; 10.086 ; 10.131 ;
; iKEY[0]    ; oHEX0[1]    ; 10.044 ; 10.206 ; 10.403 ; 10.565 ;
; iKEY[0]    ; oHEX0[2]    ; 10.002 ; 10.364 ; 10.424 ; 10.723 ;
; iKEY[0]    ; oHEX0[3]    ; 10.164 ; 10.302 ; 10.523 ; 10.661 ;
; iKEY[0]    ; oHEX0[4]    ; 9.896  ; 9.884  ; 10.255 ; 10.306 ;
; iKEY[0]    ; oHEX0[5]    ; 9.776  ; 9.854  ; 10.135 ; 10.213 ;
; iKEY[0]    ; oHEX0[6]    ; 10.303 ; 10.047 ; 10.695 ; 10.406 ;
; iKEY[0]    ; oHEX1[0]    ; 8.507  ; 8.689  ; 8.967  ; 9.132  ;
; iKEY[0]    ; oHEX1[2]    ;        ; 8.870  ; 9.501  ;        ;
; iKEY[0]    ; oHEX1[3]    ; 8.506  ; 8.688  ; 8.966  ; 9.131  ;
; iKEY[0]    ; oHEX1[4]    ; 8.617  ; 8.711  ; 9.043  ; 9.145  ;
; iKEY[0]    ; oHEX1[5]    ; 8.350  ; 8.562  ; 8.812  ; 9.003  ;
; iKEY[0]    ; oHEX1[6]    ; 9.308  ;        ;        ; 10.051 ;
; iKEY[0]    ; oLED[0]     ; 11.328 ; 12.250 ; 11.754 ; 12.684 ;
; iKEY[0]    ; oLED[1]     ; 10.170 ; 10.730 ; 10.592 ; 11.089 ;
; iKEY[0]    ; oLED[2]     ; 10.606 ; 11.375 ; 11.028 ; 11.734 ;
; iKEY[0]    ; oLED[3]     ; 10.285 ; 10.928 ; 10.710 ; 11.292 ;
; iKEY[0]    ; oLED[4]     ; 10.957 ; 11.665 ; 11.383 ; 12.099 ;
; iKEY[0]    ; oLED[5]     ;        ; 10.738 ; 11.774 ;        ;
; iKEY[1]    ; oHEX0[0]    ; 11.373 ; 11.477 ; 11.873 ; 12.032 ;
; iKEY[1]    ; oHEX0[1]    ; 11.506 ; 11.798 ; 12.233 ; 12.364 ;
; iKEY[1]    ; oHEX0[2]    ; 11.193 ; 12.063 ; 12.228 ; 12.232 ;
; iKEY[1]    ; oHEX0[3]    ; 11.604 ; 11.872 ; 12.328 ; 12.435 ;
; iKEY[1]    ; oHEX0[4]    ; 11.400 ; 11.089 ; 11.569 ; 12.124 ;
; iKEY[1]    ; oHEX0[5]    ; 11.255 ; 10.991 ; 11.424 ; 12.026 ;
; iKEY[1]    ; oHEX0[6]    ; 12.041 ; 11.701 ; 12.582 ; 12.235 ;
; iKEY[1]    ; oHEX1[0]    ; 9.432  ; 9.803  ; 10.146 ; 10.356 ;
; iKEY[1]    ; oHEX1[3]    ; 9.431  ; 9.802  ; 10.145 ; 10.355 ;
; iKEY[1]    ; oHEX1[4]    ; 9.071  ; 9.420  ; 9.785  ; 9.973  ;
; iKEY[1]    ; oHEX1[5]    ; 9.249  ; 9.690  ; 9.963  ; 10.243 ;
; iKEY[1]    ; oLED[0]     ; 13.100 ; 13.556 ; 13.269 ; 14.591 ;
; iKEY[1]    ; oLED[1]     ; 10.541 ; 11.111 ; 11.037 ; 11.659 ;
; iKEY[1]    ; oLED[2]     ; 10.977 ; 11.756 ; 11.472 ; 12.303 ;
; iKEY[1]    ; oLED[3]     ; 10.757 ; 11.343 ; 11.272 ; 11.848 ;
; iKEY[1]    ; oLED[4]     ; 11.411 ; 12.374 ; 12.125 ; 12.927 ;
; iKEY[2]    ; oHEX0[0]    ; 11.247 ; 11.351 ; 11.409 ; 11.568 ;
; iKEY[2]    ; oHEX0[1]    ; 11.380 ; 11.672 ; 11.769 ; 11.900 ;
; iKEY[2]    ; oHEX0[2]    ; 10.955 ; 11.937 ; 11.764 ; 11.774 ;
; iKEY[2]    ; oHEX0[3]    ; 11.478 ; 11.746 ; 11.864 ; 11.971 ;
; iKEY[2]    ; oHEX0[4]    ; 11.274 ; 10.851 ; 11.089 ; 11.660 ;
; iKEY[2]    ; oHEX0[5]    ; 11.129 ; 10.753 ; 10.944 ; 11.562 ;
; iKEY[2]    ; oHEX0[6]    ; 11.915 ; 11.575 ; 12.118 ; 11.771 ;
; iKEY[2]    ; oHEX1[0]    ; 9.331  ; 9.572  ; 9.619  ; 9.869  ;
; iKEY[2]    ; oHEX1[3]    ; 9.330  ; 9.571  ; 9.618  ; 9.868  ;
; iKEY[2]    ; oHEX1[4]    ; 8.970  ; 9.189  ; 9.258  ; 9.486  ;
; iKEY[2]    ; oHEX1[5]    ; 9.148  ; 9.459  ; 9.436  ; 9.756  ;
; iKEY[2]    ; oLED[0]     ; 12.974 ; 13.318 ; 12.789 ; 14.127 ;
; iKEY[2]    ; oLED[1]     ; 9.774  ; 10.287 ; 10.092 ; 10.588 ;
; iKEY[2]    ; oLED[2]     ; 10.706 ; 11.408 ; 10.992 ; 11.702 ;
; iKEY[2]    ; oLED[3]     ; 9.816  ; 10.412 ; 10.121 ; 10.701 ;
; iKEY[2]    ; oLED[4]     ; 11.310 ; 12.143 ; 11.598 ; 12.440 ;
; iKEY[3]    ; oHEX0[0]    ; 10.974 ; 11.133 ; 11.318 ; 11.422 ;
; iKEY[3]    ; oHEX0[1]    ; 11.334 ; 11.465 ; 11.451 ; 11.743 ;
; iKEY[3]    ; oHEX0[2]    ; 11.329 ; 11.395 ; 11.214 ; 12.017 ;
; iKEY[3]    ; oHEX0[3]    ; 11.429 ; 11.536 ; 11.549 ; 11.817 ;
; iKEY[3]    ; oHEX0[4]    ; 10.732 ; 11.225 ; 11.345 ; 11.110 ;
; iKEY[3]    ; oHEX0[5]    ; 10.587 ; 11.127 ; 11.200 ; 11.012 ;
; iKEY[3]    ; oHEX0[6]    ; 11.683 ; 11.336 ; 11.986 ; 11.646 ;
; iKEY[3]    ; oHEX1[0]    ; 9.115  ;        ;        ; 9.779  ;
; iKEY[3]    ; oHEX1[3]    ; 9.114  ;        ;        ; 9.778  ;
; iKEY[3]    ; oHEX1[4]    ; 8.754  ;        ;        ; 9.396  ;
; iKEY[3]    ; oHEX1[5]    ; 8.932  ;        ;        ; 9.666  ;
; iKEY[3]    ; oLED[0]     ; 12.432 ; 13.692 ; 13.045 ; 13.577 ;
; iKEY[3]    ; oLED[1]     ; 10.168 ;        ;        ; 10.990 ;
; iKEY[3]    ; oLED[2]     ; 10.604 ;        ;        ; 11.634 ;
; iKEY[3]    ; oLED[3]     ; 10.291 ;        ;        ; 11.181 ;
; iKEY[3]    ; oLED[4]     ; 11.094 ;        ;        ; 12.350 ;
+------------+-------------+--------+--------+--------+--------+


+----------------------------------------------------------+
; Minimum Propagation Delay                                ;
+------------+-------------+-------+-------+-------+-------+
; Input Port ; Output Port ; RR    ; RF    ; FR    ; FF    ;
+------------+-------------+-------+-------+-------+-------+
; iA[0]      ; oHEX0[0]    ; 4.127 ; 4.237 ; 4.534 ; 4.633 ;
; iA[0]      ; oHEX0[1]    ; 4.224 ; 4.405 ; 4.614 ; 4.821 ;
; iA[0]      ; oHEX0[2]    ; 4.331 ; 4.525 ; 4.804 ; 4.915 ;
; iA[0]      ; oHEX0[3]    ; 4.293 ; 4.453 ; 4.683 ; 4.870 ;
; iA[0]      ; oHEX0[4]    ; 4.205 ; 4.325 ; 4.595 ; 4.798 ;
; iA[0]      ; oHEX0[5]    ; 4.097 ; 4.248 ; 4.487 ; 4.721 ;
; iA[0]      ; oHEX0[6]    ; 4.488 ; 4.313 ; 4.908 ; 4.703 ;
; iA[0]      ; oHEX1[0]    ; 4.162 ; 4.337 ; 4.624 ; 4.788 ;
; iA[0]      ; oHEX1[2]    ; 4.233 ; 4.040 ; 4.697 ; 4.502 ;
; iA[0]      ; oHEX1[3]    ; 4.156 ; 4.330 ; 4.618 ; 4.781 ;
; iA[0]      ; oHEX1[4]    ; 3.957 ; 4.083 ; 4.419 ; 4.547 ;
; iA[0]      ; oHEX1[5]    ; 4.083 ; 4.251 ; 4.545 ; 4.715 ;
; iA[0]      ; oHEX1[6]    ; 4.267 ; 4.459 ; 4.718 ; 4.910 ;
; iA[0]      ; oLED[0]     ; 5.222 ; 5.807 ; 5.612 ; 6.280 ;
; iA[0]      ; oLED[1]     ; 4.876 ; 5.308 ; 5.331 ; 5.763 ;
; iA[0]      ; oLED[2]     ; 5.022 ; 5.575 ; 5.478 ; 6.030 ;
; iA[0]      ; oLED[3]     ; 5.017 ; 5.529 ; 5.470 ; 5.982 ;
; iA[0]      ; oLED[4]     ; 5.157 ; 5.671 ; 5.619 ; 6.135 ;
; iA[0]      ; oLED[5]     ; 5.421 ; 4.991 ; 5.872 ; 5.442 ;
; iA[1]      ; oHEX0[0]    ; 3.900 ; 4.011 ; 4.365 ; 4.476 ;
; iA[1]      ; oHEX0[1]    ; 4.041 ; 4.208 ; 4.506 ; 4.673 ;
; iA[1]      ; oHEX0[2]    ; 4.124 ; 4.369 ; 4.589 ; 4.830 ;
; iA[1]      ; oHEX0[3]    ; 4.129 ; 4.276 ; 4.594 ; 4.741 ;
; iA[1]      ; oHEX0[4]    ; 4.064 ; 4.122 ; 4.525 ; 4.587 ;
; iA[1]      ; oHEX0[5]    ; 3.903 ; 4.039 ; 4.368 ; 4.504 ;
; iA[1]      ; oHEX0[6]    ; 4.276 ; 4.083 ; 4.741 ; 4.548 ;
; iA[1]      ; oHEX1[0]    ; 4.114 ; 4.289 ; 4.593 ; 4.757 ;
; iA[1]      ; oHEX1[2]    ; 4.185 ; 3.992 ; 4.666 ; 4.471 ;
; iA[1]      ; oHEX1[3]    ; 4.108 ; 4.282 ; 4.587 ; 4.750 ;
; iA[1]      ; oHEX1[4]    ; 3.909 ; 4.035 ; 4.388 ; 4.516 ;
; iA[1]      ; oHEX1[5]    ; 4.035 ; 4.203 ; 4.514 ; 4.684 ;
; iA[1]      ; oHEX1[6]    ; 4.219 ; 4.411 ; 4.687 ; 4.879 ;
; iA[1]      ; oLED[0]     ; 5.168 ; 5.789 ; 5.633 ; 6.251 ;
; iA[1]      ; oLED[1]     ; 4.355 ; 4.728 ; 4.820 ; 5.189 ;
; iA[1]      ; oLED[2]     ; 4.974 ; 5.527 ; 5.447 ; 5.999 ;
; iA[1]      ; oLED[3]     ; 4.969 ; 5.481 ; 5.439 ; 5.951 ;
; iA[1]      ; oLED[4]     ; 5.109 ; 5.623 ; 5.588 ; 6.104 ;
; iA[1]      ; oLED[5]     ; 5.373 ; 4.943 ; 5.841 ; 5.411 ;
; iA[2]      ; oHEX0[0]    ; 3.852 ; 3.963 ; 4.320 ; 4.431 ;
; iA[2]      ; oHEX0[1]    ; 3.993 ; 4.175 ; 4.461 ; 4.641 ;
; iA[2]      ; oHEX0[2]    ; 4.078 ; 4.266 ; 4.546 ; 4.734 ;
; iA[2]      ; oHEX0[3]    ; 4.083 ; 4.230 ; 4.551 ; 4.698 ;
; iA[2]      ; oHEX0[4]    ; 3.926 ; 4.030 ; 4.394 ; 4.498 ;
; iA[2]      ; oHEX0[5]    ; 3.851 ; 3.987 ; 4.319 ; 4.455 ;
; iA[2]      ; oHEX0[6]    ; 4.226 ; 4.033 ; 4.694 ; 4.501 ;
; iA[2]      ; oHEX1[0]    ; 4.225 ; 4.400 ; 4.707 ; 4.871 ;
; iA[2]      ; oHEX1[2]    ; 4.296 ; 4.103 ; 4.780 ; 4.585 ;
; iA[2]      ; oHEX1[3]    ; 4.219 ; 4.393 ; 4.701 ; 4.864 ;
; iA[2]      ; oHEX1[4]    ; 4.020 ; 4.146 ; 4.502 ; 4.630 ;
; iA[2]      ; oHEX1[5]    ; 4.146 ; 4.314 ; 4.628 ; 4.798 ;
; iA[2]      ; oHEX1[6]    ; 4.330 ; 4.522 ; 4.801 ; 4.993 ;
; iA[2]      ; oLED[0]     ; 5.428 ; 6.046 ; 5.894 ; 6.510 ;
; iA[2]      ; oLED[2]     ; 4.603 ; 5.118 ; 5.071 ; 5.584 ;
; iA[2]      ; oLED[3]     ; 5.080 ; 5.592 ; 5.553 ; 6.065 ;
; iA[2]      ; oLED[4]     ; 5.220 ; 5.734 ; 5.702 ; 6.218 ;
; iA[2]      ; oLED[5]     ; 5.484 ; 5.054 ; 5.955 ; 5.525 ;
; iA[3]      ; oHEX0[0]    ; 3.543 ; 3.645 ; 3.978 ; 4.078 ;
; iA[3]      ; oHEX0[1]    ; 3.687 ; 3.847 ; 4.128 ; 4.284 ;
; iA[3]      ; oHEX0[2]    ; 3.748 ; 3.927 ; 4.182 ; 4.359 ;
; iA[3]      ; oHEX0[3]    ; 3.757 ; 3.897 ; 4.195 ; 4.331 ;
; iA[3]      ; oHEX0[4]    ; 3.702 ; 3.768 ; 4.095 ; 4.211 ;
; iA[3]      ; oHEX0[5]    ; 3.561 ; 3.690 ; 4.001 ; 4.126 ;
; iA[3]      ; oHEX0[6]    ; 3.914 ; 3.731 ; 4.347 ; 4.166 ;
; iA[3]      ; oHEX1[0]    ; 3.996 ; 4.171 ; 4.463 ; 4.627 ;
; iA[3]      ; oHEX1[2]    ; 4.067 ; 3.874 ; 4.536 ; 4.341 ;
; iA[3]      ; oHEX1[3]    ; 3.990 ; 4.164 ; 4.457 ; 4.620 ;
; iA[3]      ; oHEX1[4]    ; 3.791 ; 3.917 ; 4.258 ; 4.386 ;
; iA[3]      ; oHEX1[5]    ; 3.917 ; 4.085 ; 4.384 ; 4.554 ;
; iA[3]      ; oHEX1[6]    ; 4.101 ; 4.293 ; 4.557 ; 4.749 ;
; iA[3]      ; oLED[0]     ; 5.221 ; 5.772 ; 5.637 ; 6.297 ;
; iA[3]      ; oLED[3]     ; 4.293 ; 4.767 ; 4.736 ; 5.160 ;
; iA[3]      ; oLED[4]     ; 4.991 ; 5.505 ; 5.458 ; 5.974 ;
; iA[3]      ; oLED[5]     ; 5.255 ; 4.825 ; 5.711 ; 5.281 ;
; iA[4]      ; oHEX0[0]    ; 3.976 ; 4.077 ; 4.418 ; 4.517 ;
; iA[4]      ; oHEX0[1]    ; 4.058 ; 4.254 ; 4.498 ; 4.705 ;
; iA[4]      ; oHEX0[2]    ; 4.180 ; 4.359 ; 4.641 ; 4.799 ;
; iA[4]      ; oHEX0[3]    ; 4.127 ; 4.302 ; 4.567 ; 4.754 ;
; iA[4]      ; oHEX0[4]    ; 4.039 ; 4.174 ; 4.479 ; 4.635 ;
; iA[4]      ; oHEX0[5]    ; 3.931 ; 4.097 ; 4.371 ; 4.558 ;
; iA[4]      ; oHEX0[6]    ; 4.337 ; 4.147 ; 4.792 ; 4.587 ;
; iA[4]      ; oHEX1[0]    ; 3.711 ; 3.906 ; 4.165 ; 4.356 ;
; iA[4]      ; oHEX1[2]    ; 4.034 ; 3.849 ; 4.479 ; 4.296 ;
; iA[4]      ; oHEX1[3]    ; 3.705 ; 3.899 ; 4.159 ; 4.349 ;
; iA[4]      ; oHEX1[4]    ; 3.544 ; 3.701 ; 3.998 ; 4.151 ;
; iA[4]      ; oHEX1[5]    ; 3.630 ; 3.825 ; 4.084 ; 4.275 ;
; iA[4]      ; oHEX1[6]    ; 4.202 ; 4.394 ; 4.656 ; 4.848 ;
; iA[4]      ; oLED[0]     ; 5.056 ; 5.656 ; 5.496 ; 6.117 ;
; iA[4]      ; oLED[4]     ; 4.744 ; 5.289 ; 5.198 ; 5.739 ;
; iA[4]      ; oLED[5]     ; 5.356 ; 4.926 ; 5.810 ; 5.380 ;
; iB[0]      ; oHEX0[0]    ; 3.910 ; 4.009 ; 4.327 ; 4.437 ;
; iB[0]      ; oHEX0[1]    ; 3.990 ; 4.197 ; 4.429 ; 4.605 ;
; iB[0]      ; oHEX0[2]    ; 4.184 ; 4.291 ; 4.531 ; 4.730 ;
; iB[0]      ; oHEX0[3]    ; 4.059 ; 4.246 ; 4.498 ; 4.653 ;
; iB[0]      ; oHEX0[4]    ; 3.971 ; 4.178 ; 4.410 ; 4.525 ;
; iB[0]      ; oHEX0[5]    ; 3.863 ; 4.101 ; 4.302 ; 4.448 ;
; iB[0]      ; oHEX0[6]    ; 4.284 ; 4.079 ; 4.688 ; 4.518 ;
; iB[0]      ; oHEX1[0]    ; 4.004 ; 4.179 ; 4.409 ; 4.573 ;
; iB[0]      ; oHEX1[2]    ; 4.075 ; 3.882 ; 4.482 ; 4.287 ;
; iB[0]      ; oHEX1[3]    ; 3.998 ; 4.172 ; 4.403 ; 4.566 ;
; iB[0]      ; oHEX1[4]    ; 3.799 ; 3.925 ; 4.204 ; 4.332 ;
; iB[0]      ; oHEX1[5]    ; 3.925 ; 4.093 ; 4.330 ; 4.500 ;
; iB[0]      ; oHEX1[6]    ; 4.109 ; 4.301 ; 4.503 ; 4.695 ;
; iB[0]      ; oLED[0]     ; 4.988 ; 5.660 ; 5.427 ; 6.007 ;
; iB[0]      ; oLED[1]     ; 4.718 ; 5.150 ; 5.116 ; 5.548 ;
; iB[0]      ; oLED[2]     ; 4.864 ; 5.417 ; 5.263 ; 5.815 ;
; iB[0]      ; oLED[3]     ; 4.859 ; 5.371 ; 5.255 ; 5.767 ;
; iB[0]      ; oLED[4]     ; 4.999 ; 5.513 ; 5.404 ; 5.920 ;
; iB[0]      ; oLED[5]     ; 5.263 ; 4.833 ; 5.657 ; 5.227 ;
; iB[1]      ; oHEX0[0]    ; 3.929 ; 4.040 ; 4.433 ; 4.542 ;
; iB[1]      ; oHEX0[1]    ; 4.070 ; 4.237 ; 4.575 ; 4.739 ;
; iB[1]      ; oHEX0[2]    ; 4.153 ; 4.531 ; 4.824 ; 4.842 ;
; iB[1]      ; oHEX0[3]    ; 4.158 ; 4.305 ; 4.662 ; 4.806 ;
; iB[1]      ; oHEX0[4]    ; 4.211 ; 4.151 ; 4.537 ; 4.818 ;
; iB[1]      ; oHEX0[5]    ; 3.932 ; 4.068 ; 4.435 ; 4.568 ;
; iB[1]      ; oHEX0[6]    ; 4.305 ; 4.112 ; 4.805 ; 4.615 ;
; iB[1]      ; oHEX1[0]    ; 4.113 ; 4.288 ; 4.568 ; 4.732 ;
; iB[1]      ; oHEX1[2]    ; 4.184 ; 3.991 ; 4.641 ; 4.446 ;
; iB[1]      ; oHEX1[3]    ; 4.107 ; 4.281 ; 4.562 ; 4.725 ;
; iB[1]      ; oHEX1[4]    ; 3.908 ; 4.034 ; 4.363 ; 4.491 ;
; iB[1]      ; oHEX1[5]    ; 4.034 ; 4.202 ; 4.489 ; 4.659 ;
; iB[1]      ; oHEX1[6]    ; 4.218 ; 4.410 ; 4.662 ; 4.854 ;
; iB[1]      ; oLED[0]     ; 5.228 ; 5.849 ; 5.681 ; 6.300 ;
; iB[1]      ; oLED[1]     ; 4.384 ; 5.053 ; 5.059 ; 5.201 ;
; iB[1]      ; oLED[2]     ; 4.973 ; 5.526 ; 5.422 ; 5.974 ;
; iB[1]      ; oLED[3]     ; 4.968 ; 5.480 ; 5.414 ; 5.926 ;
; iB[1]      ; oLED[4]     ; 5.108 ; 5.622 ; 5.563 ; 6.079 ;
; iB[1]      ; oLED[5]     ; 5.372 ; 4.942 ; 5.816 ; 5.386 ;
; iB[2]      ; oHEX0[0]    ; 3.853 ; 3.964 ; 4.322 ; 4.430 ;
; iB[2]      ; oHEX0[1]    ; 3.994 ; 4.371 ; 4.579 ; 4.627 ;
; iB[2]      ; oHEX0[2]    ; 4.079 ; 4.267 ; 4.547 ; 4.732 ;
; iB[2]      ; oHEX0[3]    ; 4.084 ; 4.231 ; 4.552 ; 4.696 ;
; iB[2]      ; oHEX0[4]    ; 3.927 ; 4.031 ; 4.398 ; 4.513 ;
; iB[2]      ; oHEX0[5]    ; 3.852 ; 3.988 ; 4.319 ; 4.452 ;
; iB[2]      ; oHEX0[6]    ; 4.227 ; 4.034 ; 4.691 ; 4.502 ;
; iB[2]      ; oHEX1[0]    ; 4.061 ; 4.236 ; 4.508 ; 4.672 ;
; iB[2]      ; oHEX1[2]    ; 4.132 ; 3.939 ; 4.581 ; 4.386 ;
; iB[2]      ; oHEX1[3]    ; 4.055 ; 4.229 ; 4.502 ; 4.665 ;
; iB[2]      ; oHEX1[4]    ; 3.856 ; 3.982 ; 4.303 ; 4.431 ;
; iB[2]      ; oHEX1[5]    ; 3.982 ; 4.150 ; 4.429 ; 4.599 ;
; iB[2]      ; oHEX1[6]    ; 4.166 ; 4.358 ; 4.602 ; 4.794 ;
; iB[2]      ; oLED[0]     ; 5.164 ; 5.773 ; 5.611 ; 6.218 ;
; iB[2]      ; oLED[2]     ; 4.604 ; 5.314 ; 5.189 ; 5.570 ;
; iB[2]      ; oLED[3]     ; 4.916 ; 5.428 ; 5.354 ; 5.866 ;
; iB[2]      ; oLED[4]     ; 5.056 ; 5.570 ; 5.503 ; 6.019 ;
; iB[2]      ; oLED[5]     ; 5.320 ; 4.890 ; 5.756 ; 5.326 ;
; iB[3]      ; oHEX0[0]    ; 3.801 ; 3.903 ; 4.294 ; 4.394 ;
; iB[3]      ; oHEX0[1]    ; 3.945 ; 4.105 ; 4.444 ; 4.600 ;
; iB[3]      ; oHEX0[2]    ; 4.006 ; 4.185 ; 4.498 ; 4.675 ;
; iB[3]      ; oHEX0[3]    ; 4.015 ; 4.155 ; 4.511 ; 4.647 ;
; iB[3]      ; oHEX0[4]    ; 4.171 ; 4.026 ; 4.411 ; 4.773 ;
; iB[3]      ; oHEX0[5]    ; 3.819 ; 3.948 ; 4.317 ; 4.442 ;
; iB[3]      ; oHEX0[6]    ; 4.172 ; 3.989 ; 4.663 ; 4.482 ;
; iB[3]      ; oHEX1[0]    ; 4.191 ; 4.366 ; 4.668 ; 4.832 ;
; iB[3]      ; oHEX1[2]    ; 4.262 ; 4.069 ; 4.741 ; 4.546 ;
; iB[3]      ; oHEX1[3]    ; 4.185 ; 4.359 ; 4.662 ; 4.825 ;
; iB[3]      ; oHEX1[4]    ; 3.986 ; 4.112 ; 4.463 ; 4.591 ;
; iB[3]      ; oHEX1[5]    ; 4.112 ; 4.280 ; 4.589 ; 4.759 ;
; iB[3]      ; oHEX1[6]    ; 4.296 ; 4.488 ; 4.762 ; 4.954 ;
; iB[3]      ; oLED[0]     ; 5.188 ; 6.062 ; 5.945 ; 6.255 ;
; iB[3]      ; oLED[3]     ; 4.551 ; 5.371 ; 5.333 ; 5.476 ;
; iB[3]      ; oLED[4]     ; 5.186 ; 5.700 ; 5.663 ; 6.179 ;
; iB[3]      ; oLED[5]     ; 5.450 ; 5.020 ; 5.916 ; 5.486 ;
; iB[4]      ; oHEX0[0]    ; 4.018 ; 4.117 ; 4.520 ; 4.619 ;
; iB[4]      ; oHEX0[1]    ; 4.098 ; 4.305 ; 4.600 ; 4.807 ;
; iB[4]      ; oHEX0[2]    ; 4.279 ; 4.399 ; 4.745 ; 4.901 ;
; iB[4]      ; oHEX0[3]    ; 4.167 ; 4.354 ; 4.669 ; 4.856 ;
; iB[4]      ; oHEX0[4]    ; 4.079 ; 4.273 ; 4.581 ; 4.739 ;
; iB[4]      ; oHEX0[5]    ; 3.971 ; 4.196 ; 4.473 ; 4.662 ;
; iB[4]      ; oHEX0[6]    ; 4.392 ; 4.187 ; 4.894 ; 4.689 ;
; iB[4]      ; oHEX1[0]    ; 3.867 ; 4.051 ; 4.337 ; 4.518 ;
; iB[4]      ; oHEX1[2]    ; 3.946 ; 3.745 ; 4.413 ; 4.215 ;
; iB[4]      ; oHEX1[3]    ; 3.861 ; 4.044 ; 4.331 ; 4.511 ;
; iB[4]      ; oHEX1[4]    ; 3.662 ; 3.796 ; 4.132 ; 4.263 ;
; iB[4]      ; oHEX1[5]    ; 3.788 ; 3.964 ; 4.258 ; 4.431 ;
; iB[4]      ; oHEX1[6]    ; 4.211 ; 4.403 ; 4.675 ; 4.867 ;
; iB[4]      ; oLED[0]     ; 5.096 ; 5.755 ; 5.598 ; 6.221 ;
; iB[4]      ; oLED[4]     ; 4.862 ; 5.384 ; 5.332 ; 5.851 ;
; iB[4]      ; oLED[5]     ; 5.365 ; 4.935 ; 5.829 ; 5.399 ;
; iKEY[0]    ; oHEX0[0]    ; 4.182 ; 4.284 ; 4.774 ; 4.876 ;
; iKEY[0]    ; oHEX0[1]    ; 4.326 ; 4.486 ; 4.918 ; 5.078 ;
; iKEY[0]    ; oHEX0[2]    ; 4.387 ; 4.566 ; 4.979 ; 5.158 ;
; iKEY[0]    ; oHEX0[3]    ; 4.396 ; 4.536 ; 4.988 ; 5.128 ;
; iKEY[0]    ; oHEX0[4]    ; 4.341 ; 4.407 ; 4.907 ; 4.999 ;
; iKEY[0]    ; oHEX0[5]    ; 4.200 ; 4.329 ; 4.792 ; 4.921 ;
; iKEY[0]    ; oHEX0[6]    ; 4.553 ; 4.370 ; 5.145 ; 4.962 ;
; iKEY[0]    ; oHEX1[0]    ; 4.015 ; 4.169 ; 4.618 ; 4.770 ;
; iKEY[0]    ; oHEX1[2]    ;       ; 4.115 ; 4.867 ;       ;
; iKEY[0]    ; oHEX1[3]    ; 4.009 ; 4.162 ; 4.612 ; 4.763 ;
; iKEY[0]    ; oHEX1[4]    ; 3.972 ; 4.087 ; 4.566 ; 4.678 ;
; iKEY[0]    ; oHEX1[5]    ; 3.938 ; 4.086 ; 4.545 ; 4.689 ;
; iKEY[0]    ; oHEX1[6]    ; 4.324 ;       ;       ; 5.136 ;
; iKEY[0]    ; oLED[0]     ; 5.427 ; 6.039 ; 6.020 ; 6.629 ;
; iKEY[0]    ; oLED[1]     ; 4.802 ; 5.200 ; 5.397 ; 5.769 ;
; iKEY[0]    ; oLED[2]     ; 5.049 ; 5.599 ; 5.643 ; 6.167 ;
; iKEY[0]    ; oLED[3]     ; 4.932 ; 5.406 ; 5.524 ; 5.972 ;
; iKEY[0]    ; oLED[4]     ; 5.172 ; 5.675 ; 5.766 ; 6.266 ;
; iKEY[0]    ; oLED[5]     ;       ; 5.048 ; 6.098 ;       ;
; iKEY[1]    ; oHEX0[0]    ; 4.338 ; 4.440 ; 4.970 ; 5.072 ;
; iKEY[1]    ; oHEX0[1]    ; 4.482 ; 4.642 ; 5.114 ; 5.274 ;
; iKEY[1]    ; oHEX0[2]    ; 4.543 ; 4.722 ; 5.175 ; 5.354 ;
; iKEY[1]    ; oHEX0[3]    ; 4.552 ; 4.692 ; 5.184 ; 5.324 ;
; iKEY[1]    ; oHEX0[4]    ; 4.472 ; 4.563 ; 5.102 ; 5.195 ;
; iKEY[1]    ; oHEX0[5]    ; 4.356 ; 4.485 ; 4.988 ; 5.117 ;
; iKEY[1]    ; oHEX0[6]    ; 4.709 ; 4.526 ; 5.341 ; 5.158 ;
; iKEY[1]    ; oHEX1[0]    ; 4.341 ; 4.583 ; 5.003 ; 5.209 ;
; iKEY[1]    ; oHEX1[3]    ; 4.335 ; 4.576 ; 4.997 ; 5.202 ;
; iKEY[1]    ; oHEX1[4]    ; 4.174 ; 4.378 ; 4.836 ; 5.004 ;
; iKEY[1]    ; oHEX1[5]    ; 4.260 ; 4.502 ; 4.922 ; 5.128 ;
; iKEY[1]    ; oLED[0]     ; 5.921 ; 6.529 ; 6.577 ; 7.142 ;
; iKEY[1]    ; oLED[1]     ; 4.921 ; 5.319 ; 5.581 ; 5.928 ;
; iKEY[1]    ; oLED[2]     ; 5.167 ; 5.717 ; 5.828 ; 6.327 ;
; iKEY[1]    ; oLED[3]     ; 5.088 ; 5.537 ; 5.720 ; 6.167 ;
; iKEY[1]    ; oLED[4]     ; 5.374 ; 5.966 ; 6.036 ; 6.592 ;
; iKEY[2]    ; oHEX0[0]    ; 3.946 ; 4.048 ; 4.495 ; 4.597 ;
; iKEY[2]    ; oHEX0[1]    ; 4.090 ; 4.250 ; 4.639 ; 4.799 ;
; iKEY[2]    ; oHEX0[2]    ; 4.151 ; 4.330 ; 4.700 ; 4.879 ;
; iKEY[2]    ; oHEX0[3]    ; 4.160 ; 4.300 ; 4.709 ; 4.849 ;
; iKEY[2]    ; oHEX0[4]    ; 4.070 ; 4.171 ; 4.617 ; 4.720 ;
; iKEY[2]    ; oHEX0[5]    ; 3.964 ; 4.093 ; 4.513 ; 4.642 ;
; iKEY[2]    ; oHEX0[6]    ; 4.317 ; 4.134 ; 4.866 ; 4.683 ;
; iKEY[2]    ; oHEX1[0]    ; 4.215 ; 4.418 ; 4.765 ; 4.964 ;
; iKEY[2]    ; oHEX1[3]    ; 4.209 ; 4.411 ; 4.759 ; 4.957 ;
; iKEY[2]    ; oHEX1[4]    ; 4.048 ; 4.213 ; 4.598 ; 4.759 ;
; iKEY[2]    ; oHEX1[5]    ; 4.134 ; 4.337 ; 4.684 ; 4.883 ;
; iKEY[2]    ; oLED[0]     ; 5.552 ; 6.360 ; 6.340 ; 6.724 ;
; iKEY[2]    ; oLED[1]     ; 4.628 ; 4.991 ; 5.185 ; 5.546 ;
; iKEY[2]    ; oLED[2]     ; 5.013 ; 5.538 ; 5.563 ; 6.084 ;
; iKEY[2]    ; oLED[3]     ; 4.696 ; 5.135 ; 5.245 ; 5.682 ;
; iKEY[2]    ; oLED[4]     ; 5.248 ; 5.801 ; 5.798 ; 6.347 ;
; iKEY[3]    ; oHEX0[0]    ; 4.101 ; 4.203 ; 4.653 ; 4.753 ;
; iKEY[3]    ; oHEX0[1]    ; 4.245 ; 4.405 ; 4.803 ; 4.959 ;
; iKEY[3]    ; oHEX0[2]    ; 4.306 ; 4.485 ; 4.857 ; 5.034 ;
; iKEY[3]    ; oHEX0[3]    ; 4.315 ; 4.455 ; 4.870 ; 5.006 ;
; iKEY[3]    ; oHEX0[4]    ; 4.305 ; 4.326 ; 4.770 ; 4.989 ;
; iKEY[3]    ; oHEX0[5]    ; 4.119 ; 4.248 ; 4.676 ; 4.801 ;
; iKEY[3]    ; oHEX0[6]    ; 4.472 ; 4.289 ; 5.022 ; 4.841 ;
; iKEY[3]    ; oHEX1[0]    ; 4.169 ;       ;       ; 4.908 ;
; iKEY[3]    ; oHEX1[3]    ; 4.163 ;       ;       ; 4.901 ;
; iKEY[3]    ; oHEX1[4]    ; 4.002 ;       ;       ; 4.703 ;
; iKEY[3]    ; oHEX1[5]    ; 4.088 ;       ;       ; 4.827 ;
; iKEY[3]    ; oLED[0]     ; 5.787 ; 6.437 ; 6.369 ; 6.895 ;
; iKEY[3]    ; oLED[1]     ; 4.735 ;       ;       ; 5.647 ;
; iKEY[3]    ; oLED[2]     ; 4.982 ;       ;       ; 6.046 ;
; iKEY[3]    ; oLED[3]     ; 4.851 ;       ;       ; 5.835 ;
; iKEY[3]    ; oLED[4]     ; 5.202 ;       ;       ; 6.291 ;
+------------+-------------+-------+-------+-------+-------+


+-------------------------------------------------------------------------------------------------------------------------------------------------------------------------------------------------------------------------------------------------------------------------------------------------------------------------------------------------------------------------------------------------------------+
; Board Trace Model Assignments                                                                                                                                                                                                                                                                                                                                                                               ;
+----------+--------------+-------------------+-------------------------+-------------------------+---------------+---------------------+----------------+------------------+--------+------------------+------------------------+------------------------+--------------+---------------+-----------------+-------+---------------------+--------------------+---------------+-----------------+-------------+
; Pin      ; I/O Standard ; Near Tline Length ; Near Tline L per Length ; Near Tline C per Length ; Near Series R ; Near Differential R ; Near Pull-up R ; Near Pull-down R ; Near C ; Far Tline Length ; Far Tline L per Length ; Far Tline C per Length ; Far Series R ; Far Pull-up R ; Far Pull-down R ; Far C ; Termination Voltage ; Far Differential R ; EBD File Name ; EBD Signal Name ; EBD Far-end ;
+----------+--------------+-------------------+-------------------------+-------------------------+---------------+---------------------+----------------+------------------+--------+------------------+------------------------+------------------------+--------------+---------------+-----------------+-------+---------------------+--------------------+---------------+-----------------+-------------+
; oLED[0]  ; 2.5 V        ; 0 in              ; 0 H/in                  ; 0 F/in                  ; short         ; -                   ; open           ; open             ; open   ; 0 in             ; 0 H/in                 ; 0 F/in                 ; short        ; open          ; open            ; open  ; 0 V                 ; -                  ; n/a           ; n/a             ; n/a         ;
; oLED[1]  ; 2.5 V        ; 0 in              ; 0 H/in                  ; 0 F/in                  ; short         ; -                   ; open           ; open             ; open   ; 0 in             ; 0 H/in                 ; 0 F/in                 ; short        ; open          ; open            ; open  ; 0 V                 ; -                  ; n/a           ; n/a             ; n/a         ;
; oLED[2]  ; 2.5 V        ; 0 in              ; 0 H/in                  ; 0 F/in                  ; short         ; -                   ; open           ; open             ; open   ; 0 in             ; 0 H/in                 ; 0 F/in                 ; short        ; open          ; open            ; open  ; 0 V                 ; -                  ; n/a           ; n/a             ; n/a         ;
; oLED[3]  ; 2.5 V        ; 0 in              ; 0 H/in                  ; 0 F/in                  ; short         ; -                   ; open           ; open             ; open   ; 0 in             ; 0 H/in                 ; 0 F/in                 ; short        ; open          ; open            ; open  ; 0 V                 ; -                  ; n/a           ; n/a             ; n/a         ;
; oLED[4]  ; 2.5 V        ; 0 in              ; 0 H/in                  ; 0 F/in                  ; short         ; -                   ; open           ; open             ; open   ; 0 in             ; 0 H/in                 ; 0 F/in                 ; short        ; open          ; open            ; open  ; 0 V                 ; -                  ; n/a           ; n/a             ; n/a         ;
; oLED[5]  ; 2.5 V        ; 0 in              ; 0 H/in                  ; 0 F/in                  ; short         ; -                   ; open           ; open             ; open   ; 0 in             ; 0 H/in                 ; 0 F/in                 ; short        ; open          ; open            ; open  ; 0 V                 ; -                  ; n/a           ; n/a             ; n/a         ;
; oHEX0[0] ; 2.5 V        ; 0 in              ; 0 H/in                  ; 0 F/in                  ; short         ; -                   ; open           ; open             ; open   ; 0 in             ; 0 H/in                 ; 0 F/in                 ; short        ; open          ; open            ; open  ; 0 V                 ; -                  ; n/a           ; n/a             ; n/a         ;
; oHEX0[1] ; 2.5 V        ; 0 in              ; 0 H/in                  ; 0 F/in                  ; short         ; -                   ; open           ; open             ; open   ; 0 in             ; 0 H/in                 ; 0 F/in                 ; short        ; open          ; open            ; open  ; 0 V                 ; -                  ; n/a           ; n/a             ; n/a         ;
; oHEX0[2] ; 2.5 V        ; 0 in              ; 0 H/in                  ; 0 F/in                  ; short         ; -                   ; open           ; open             ; open   ; 0 in             ; 0 H/in                 ; 0 F/in                 ; short        ; open          ; open            ; open  ; 0 V                 ; -                  ; n/a           ; n/a             ; n/a         ;
; oHEX0[3] ; 2.5 V        ; 0 in              ; 0 H/in                  ; 0 F/in                  ; short         ; -                   ; open           ; open             ; open   ; 0 in             ; 0 H/in                 ; 0 F/in                 ; short        ; open          ; open            ; open  ; 0 V                 ; -                  ; n/a           ; n/a             ; n/a         ;
; oHEX0[4] ; 2.5 V        ; 0 in              ; 0 H/in                  ; 0 F/in                  ; short         ; -                   ; open           ; open             ; open   ; 0 in             ; 0 H/in                 ; 0 F/in                 ; short        ; open          ; open            ; open  ; 0 V                 ; -                  ; n/a           ; n/a             ; n/a         ;
; oHEX0[5] ; 2.5 V        ; 0 in              ; 0 H/in                  ; 0 F/in                  ; short         ; -                   ; open           ; open             ; open   ; 0 in             ; 0 H/in                 ; 0 F/in                 ; short        ; open          ; open            ; open  ; 0 V                 ; -                  ; n/a           ; n/a             ; n/a         ;
; oHEX0[6] ; 2.5 V        ; 0 in              ; 0 H/in                  ; 0 F/in                  ; short         ; -                   ; open           ; open             ; open   ; 0 in             ; 0 H/in                 ; 0 F/in                 ; short        ; open          ; open            ; open  ; 0 V                 ; -                  ; n/a           ; n/a             ; n/a         ;
; oHEX1[0] ; 2.5 V        ; 0 in              ; 0 H/in                  ; 0 F/in                  ; short         ; -                   ; open           ; open             ; open   ; 0 in             ; 0 H/in                 ; 0 F/in                 ; short        ; open          ; open            ; open  ; 0 V                 ; -                  ; n/a           ; n/a             ; n/a         ;
; oHEX1[1] ; 2.5 V        ; 0 in              ; 0 H/in                  ; 0 F/in                  ; short         ; -                   ; open           ; open             ; open   ; 0 in             ; 0 H/in                 ; 0 F/in                 ; short        ; open          ; open            ; open  ; 0 V                 ; -                  ; n/a           ; n/a             ; n/a         ;
; oHEX1[2] ; 2.5 V        ; 0 in              ; 0 H/in                  ; 0 F/in                  ; short         ; -                   ; open           ; open             ; open   ; 0 in             ; 0 H/in                 ; 0 F/in                 ; short        ; open          ; open            ; open  ; 0 V                 ; -                  ; n/a           ; n/a             ; n/a         ;
; oHEX1[3] ; 2.5 V        ; 0 in              ; 0 H/in                  ; 0 F/in                  ; short         ; -                   ; open           ; open             ; open   ; 0 in             ; 0 H/in                 ; 0 F/in                 ; short        ; open          ; open            ; open  ; 0 V                 ; -                  ; n/a           ; n/a             ; n/a         ;
; oHEX1[4] ; 2.5 V        ; 0 in              ; 0 H/in                  ; 0 F/in                  ; short         ; -                   ; open           ; open             ; open   ; 0 in             ; 0 H/in                 ; 0 F/in                 ; short        ; open          ; open            ; open  ; 0 V                 ; -                  ; n/a           ; n/a             ; n/a         ;
; oHEX1[5] ; 2.5 V        ; 0 in              ; 0 H/in                  ; 0 F/in                  ; short         ; -                   ; open           ; open             ; open   ; 0 in             ; 0 H/in                 ; 0 F/in                 ; short        ; open          ; open            ; open  ; 0 V                 ; -                  ; n/a           ; n/a             ; n/a         ;
; oHEX1[6] ; 2.5 V        ; 0 in              ; 0 H/in                  ; 0 F/in                  ; short         ; -                   ; open           ; open             ; open   ; 0 in             ; 0 H/in                 ; 0 F/in                 ; short        ; open          ; open            ; open  ; 0 V                 ; -                  ; n/a           ; n/a             ; n/a         ;
+----------+--------------+-------------------+-------------------------+-------------------------+---------------+---------------------+----------------+------------------+--------+------------------+------------------------+------------------------+--------------+---------------+-----------------+-------+---------------------+--------------------+---------------+-----------------+-------------+


+------------------------------------------------------------+
; Input Transition Times                                     ;
+---------+--------------+-----------------+-----------------+
; Pin     ; I/O Standard ; 10-90 Rise Time ; 90-10 Fall Time ;
+---------+--------------+-----------------+-----------------+
; iKEY[0] ; 2.5 V        ; 2000 ps         ; 2000 ps         ;
; iA[4]   ; 2.5 V        ; 2000 ps         ; 2000 ps         ;
; iB[4]   ; 2.5 V        ; 2000 ps         ; 2000 ps         ;
; iB[0]   ; 2.5 V        ; 2000 ps         ; 2000 ps         ;
; iA[0]   ; 2.5 V        ; 2000 ps         ; 2000 ps         ;
; iKEY[2] ; 2.5 V        ; 2000 ps         ; 2000 ps         ;
; iA[1]   ; 2.5 V        ; 2000 ps         ; 2000 ps         ;
; iB[1]   ; 2.5 V        ; 2000 ps         ; 2000 ps         ;
; iA[3]   ; 2.5 V        ; 2000 ps         ; 2000 ps         ;
; iB[3]   ; 2.5 V        ; 2000 ps         ; 2000 ps         ;
; iA[2]   ; 2.5 V        ; 2000 ps         ; 2000 ps         ;
; iB[2]   ; 2.5 V        ; 2000 ps         ; 2000 ps         ;
; iKEY[1] ; 2.5 V        ; 2000 ps         ; 2000 ps         ;
; iKEY[3] ; 2.5 V        ; 2000 ps         ; 2000 ps         ;
+---------+--------------+-----------------+-----------------+


+---------------------------------------------------------------------------------------------------------------------------------------------------------------------------------------------------------------------------------------------------------------------------------------------------------------------------------------------------------------------------------------------------------------------------------------------------------------------------------------------------------------------------------------------------------------------------------------------------------------------------------------------------------------------------------------+
; Signal Integrity Metrics (Slow 1100mv 0c Model)                                                                                                                                                                                                                                                                                                                                                                                                                                                                                                                                                                                                                                       ;
+----------+--------------+---------------------+---------------------+------------------------------+------------------------------+---------------------+---------------------+--------------------------------------+--------------------------------------+-----------------------------+-----------------------------+----------------------------+----------------------------+-----------------------------+-----------------------------+--------------------+--------------------+-------------------------------------+-------------------------------------+----------------------------+----------------------------+---------------------------+---------------------------+
; Pin      ; I/O Standard ; Board Delay on Rise ; Board Delay on Fall ; Steady State Voh at FPGA Pin ; Steady State Vol at FPGA Pin ; Voh Max at FPGA Pin ; Vol Min at FPGA Pin ; Ringback Voltage on Rise at FPGA Pin ; Ringback Voltage on Fall at FPGA Pin ; 10-90 Rise Time at FPGA Pin ; 90-10 Fall Time at FPGA Pin ; Monotonic Rise at FPGA Pin ; Monotonic Fall at FPGA Pin ; Steady State Voh at Far-end ; Steady State Vol at Far-end ; Voh Max at Far-end ; Vol Min at Far-end ; Ringback Voltage on Rise at Far-end ; Ringback Voltage on Fall at Far-end ; 10-90 Rise Time at Far-end ; 90-10 Fall Time at Far-end ; Monotonic Rise at Far-end ; Monotonic Fall at Far-end ;
+----------+--------------+---------------------+---------------------+------------------------------+------------------------------+---------------------+---------------------+--------------------------------------+--------------------------------------+-----------------------------+-----------------------------+----------------------------+----------------------------+-----------------------------+-----------------------------+--------------------+--------------------+-------------------------------------+-------------------------------------+----------------------------+----------------------------+---------------------------+---------------------------+
; oLED[0]  ; 2.5 V        ; 0 s                 ; 0 s                 ; 2.32 V                       ; 2.15e-07 V                   ; 2.41 V              ; -0.0492 V           ; 0.181 V                              ; 0.116 V                              ; 4.54e-10 s                  ; 4.44e-10 s                  ; No                         ; Yes                        ; 2.32 V                      ; 2.15e-07 V                  ; 2.41 V             ; -0.0492 V          ; 0.181 V                             ; 0.116 V                             ; 4.54e-10 s                 ; 4.44e-10 s                 ; No                        ; Yes                       ;
; oLED[1]  ; 2.5 V        ; 0 s                 ; 0 s                 ; 2.32 V                       ; 2.15e-07 V                   ; 2.41 V              ; -0.0495 V           ; 0.18 V                               ; 0.115 V                              ; 4.54e-10 s                  ; 4.44e-10 s                  ; No                         ; Yes                        ; 2.32 V                      ; 2.15e-07 V                  ; 2.41 V             ; -0.0495 V          ; 0.18 V                              ; 0.115 V                             ; 4.54e-10 s                 ; 4.44e-10 s                 ; No                        ; Yes                       ;
; oLED[2]  ; 2.5 V        ; 0 s                 ; 0 s                 ; 2.32 V                       ; 1.88e-07 V                   ; 2.35 V              ; -0.0185 V           ; 0.153 V                              ; 0.099 V                              ; 4.6e-10 s                   ; 4.48e-10 s                  ; No                         ; Yes                        ; 2.32 V                      ; 1.88e-07 V                  ; 2.35 V             ; -0.0185 V          ; 0.153 V                             ; 0.099 V                             ; 4.6e-10 s                  ; 4.48e-10 s                 ; No                        ; Yes                       ;
; oLED[3]  ; 2.5 V        ; 0 s                 ; 0 s                 ; 2.32 V                       ; 2.19e-07 V                   ; 2.4 V               ; -0.039 V            ; 0.21 V                               ; 0.145 V                              ; 4.67e-10 s                  ; 4.63e-10 s                  ; No                         ; Yes                        ; 2.32 V                      ; 2.19e-07 V                  ; 2.4 V              ; -0.039 V           ; 0.21 V                              ; 0.145 V                             ; 4.67e-10 s                 ; 4.63e-10 s                 ; No                        ; Yes                       ;
; oLED[4]  ; 2.5 V        ; 0 s                 ; 0 s                 ; 2.32 V                       ; 2.15e-07 V                   ; 2.41 V              ; -0.0492 V           ; 0.181 V                              ; 0.116 V                              ; 4.54e-10 s                  ; 4.44e-10 s                  ; No                         ; Yes                        ; 2.32 V                      ; 2.15e-07 V                  ; 2.41 V             ; -0.0492 V          ; 0.181 V                             ; 0.116 V                             ; 4.54e-10 s                 ; 4.44e-10 s                 ; No                        ; Yes                       ;
; oLED[5]  ; 2.5 V        ; 0 s                 ; 0 s                 ; 2.32 V                       ; 2.15e-07 V                   ; 2.41 V              ; -0.0495 V           ; 0.18 V                               ; 0.115 V                              ; 4.54e-10 s                  ; 4.44e-10 s                  ; No                         ; Yes                        ; 2.32 V                      ; 2.15e-07 V                  ; 2.41 V             ; -0.0495 V          ; 0.18 V                              ; 0.115 V                             ; 4.54e-10 s                 ; 4.44e-10 s                 ; No                        ; Yes                       ;
; oHEX0[0] ; 2.5 V        ; 0 s                 ; 0 s                 ; 2.32 V                       ; 2.15e-07 V                   ; 2.41 V              ; -0.0495 V           ; 0.18 V                               ; 0.115 V                              ; 4.54e-10 s                  ; 4.44e-10 s                  ; No                         ; Yes                        ; 2.32 V                      ; 2.15e-07 V                  ; 2.41 V             ; -0.0495 V          ; 0.18 V                              ; 0.115 V                             ; 4.54e-10 s                 ; 4.44e-10 s                 ; No                        ; Yes                       ;
; oHEX0[1] ; 2.5 V        ; 0 s                 ; 0 s                 ; 2.32 V                       ; 2.15e-07 V                   ; 2.41 V              ; -0.0492 V           ; 0.181 V                              ; 0.116 V                              ; 4.54e-10 s                  ; 4.44e-10 s                  ; No                         ; Yes                        ; 2.32 V                      ; 2.15e-07 V                  ; 2.41 V             ; -0.0492 V          ; 0.181 V                             ; 0.116 V                             ; 4.54e-10 s                 ; 4.44e-10 s                 ; No                        ; Yes                       ;
; oHEX0[2] ; 2.5 V        ; 0 s                 ; 0 s                 ; 2.32 V                       ; 2.15e-07 V                   ; 2.41 V              ; -0.0492 V           ; 0.181 V                              ; 0.116 V                              ; 4.54e-10 s                  ; 4.44e-10 s                  ; No                         ; Yes                        ; 2.32 V                      ; 2.15e-07 V                  ; 2.41 V             ; -0.0492 V          ; 0.181 V                             ; 0.116 V                             ; 4.54e-10 s                 ; 4.44e-10 s                 ; No                        ; Yes                       ;
; oHEX0[3] ; 2.5 V        ; 0 s                 ; 0 s                 ; 2.32 V                       ; 2.15e-07 V                   ; 2.41 V              ; -0.0492 V           ; 0.181 V                              ; 0.116 V                              ; 4.54e-10 s                  ; 4.44e-10 s                  ; No                         ; Yes                        ; 2.32 V                      ; 2.15e-07 V                  ; 2.41 V             ; -0.0492 V          ; 0.181 V                             ; 0.116 V                             ; 4.54e-10 s                 ; 4.44e-10 s                 ; No                        ; Yes                       ;
; oHEX0[4] ; 2.5 V        ; 0 s                 ; 0 s                 ; 2.32 V                       ; 2.15e-07 V                   ; 2.41 V              ; -0.0495 V           ; 0.18 V                               ; 0.115 V                              ; 4.54e-10 s                  ; 4.44e-10 s                  ; No                         ; Yes                        ; 2.32 V                      ; 2.15e-07 V                  ; 2.41 V             ; -0.0495 V          ; 0.18 V                              ; 0.115 V                             ; 4.54e-10 s                 ; 4.44e-10 s                 ; No                        ; Yes                       ;
; oHEX0[5] ; 2.5 V        ; 0 s                 ; 0 s                 ; 2.32 V                       ; 2.15e-07 V                   ; 2.41 V              ; -0.0495 V           ; 0.18 V                               ; 0.115 V                              ; 4.54e-10 s                  ; 4.44e-10 s                  ; No                         ; Yes                        ; 2.32 V                      ; 2.15e-07 V                  ; 2.41 V             ; -0.0495 V          ; 0.18 V                              ; 0.115 V                             ; 4.54e-10 s                 ; 4.44e-10 s                 ; No                        ; Yes                       ;
; oHEX0[6] ; 2.5 V        ; 0 s                 ; 0 s                 ; 2.32 V                       ; 2.15e-07 V                   ; 2.41 V              ; -0.0492 V           ; 0.181 V                              ; 0.116 V                              ; 4.54e-10 s                  ; 4.44e-10 s                  ; No                         ; Yes                        ; 2.32 V                      ; 2.15e-07 V                  ; 2.41 V             ; -0.0492 V          ; 0.181 V                             ; 0.116 V                             ; 4.54e-10 s                 ; 4.44e-10 s                 ; No                        ; Yes                       ;
; oHEX1[0] ; 2.5 V        ; 0 s                 ; 0 s                 ; 2.32 V                       ; 2.15e-07 V                   ; 2.41 V              ; -0.0492 V           ; 0.181 V                              ; 0.116 V                              ; 4.54e-10 s                  ; 4.44e-10 s                  ; No                         ; Yes                        ; 2.32 V                      ; 2.15e-07 V                  ; 2.41 V             ; -0.0492 V          ; 0.181 V                             ; 0.116 V                             ; 4.54e-10 s                 ; 4.44e-10 s                 ; No                        ; Yes                       ;
; oHEX1[1] ; 2.5 V        ; 0 s                 ; 0 s                 ; 2.32 V                       ; 2.15e-07 V                   ; 2.41 V              ; -0.0495 V           ; 0.18 V                               ; 0.115 V                              ; 4.54e-10 s                  ; 4.44e-10 s                  ; No                         ; Yes                        ; 2.32 V                      ; 2.15e-07 V                  ; 2.41 V             ; -0.0495 V          ; 0.18 V                              ; 0.115 V                             ; 4.54e-10 s                 ; 4.44e-10 s                 ; No                        ; Yes                       ;
; oHEX1[2] ; 2.5 V        ; 0 s                 ; 0 s                 ; 2.32 V                       ; 2.15e-07 V                   ; 2.41 V              ; -0.0495 V           ; 0.18 V                               ; 0.115 V                              ; 4.54e-10 s                  ; 4.44e-10 s                  ; No                         ; Yes                        ; 2.32 V                      ; 2.15e-07 V                  ; 2.41 V             ; -0.0495 V          ; 0.18 V                              ; 0.115 V                             ; 4.54e-10 s                 ; 4.44e-10 s                 ; No                        ; Yes                       ;
; oHEX1[3] ; 2.5 V        ; 0 s                 ; 0 s                 ; 2.32 V                       ; 2.15e-07 V                   ; 2.41 V              ; -0.0492 V           ; 0.181 V                              ; 0.116 V                              ; 4.54e-10 s                  ; 4.44e-10 s                  ; No                         ; Yes                        ; 2.32 V                      ; 2.15e-07 V                  ; 2.41 V             ; -0.0492 V          ; 0.181 V                             ; 0.116 V                             ; 4.54e-10 s                 ; 4.44e-10 s                 ; No                        ; Yes                       ;
; oHEX1[4] ; 2.5 V        ; 0 s                 ; 0 s                 ; 2.32 V                       ; 2.15e-07 V                   ; 2.41 V              ; -0.0492 V           ; 0.181 V                              ; 0.116 V                              ; 4.54e-10 s                  ; 4.44e-10 s                  ; No                         ; Yes                        ; 2.32 V                      ; 2.15e-07 V                  ; 2.41 V             ; -0.0492 V          ; 0.181 V                             ; 0.116 V                             ; 4.54e-10 s                 ; 4.44e-10 s                 ; No                        ; Yes                       ;
; oHEX1[5] ; 2.5 V        ; 0 s                 ; 0 s                 ; 2.32 V                       ; 2.15e-07 V                   ; 2.41 V              ; -0.0495 V           ; 0.18 V                               ; 0.115 V                              ; 4.54e-10 s                  ; 4.44e-10 s                  ; No                         ; Yes                        ; 2.32 V                      ; 2.15e-07 V                  ; 2.41 V             ; -0.0495 V          ; 0.18 V                              ; 0.115 V                             ; 4.54e-10 s                 ; 4.44e-10 s                 ; No                        ; Yes                       ;
; oHEX1[6] ; 2.5 V        ; 0 s                 ; 0 s                 ; 2.32 V                       ; 2.15e-07 V                   ; 2.41 V              ; -0.0495 V           ; 0.18 V                               ; 0.115 V                              ; 4.54e-10 s                  ; 4.44e-10 s                  ; No                         ; Yes                        ; 2.32 V                      ; 2.15e-07 V                  ; 2.41 V             ; -0.0495 V          ; 0.18 V                              ; 0.115 V                             ; 4.54e-10 s                 ; 4.44e-10 s                 ; No                        ; Yes                       ;
+----------+--------------+---------------------+---------------------+------------------------------+------------------------------+---------------------+---------------------+--------------------------------------+--------------------------------------+-----------------------------+-----------------------------+----------------------------+----------------------------+-----------------------------+-----------------------------+--------------------+--------------------+-------------------------------------+-------------------------------------+----------------------------+----------------------------+---------------------------+---------------------------+


+---------------------------------------------------------------------------------------------------------------------------------------------------------------------------------------------------------------------------------------------------------------------------------------------------------------------------------------------------------------------------------------------------------------------------------------------------------------------------------------------------------------------------------------------------------------------------------------------------------------------------------------------------------------------------------------+
; Signal Integrity Metrics (Slow 1100mv 85c Model)                                                                                                                                                                                                                                                                                                                                                                                                                                                                                                                                                                                                                                      ;
+----------+--------------+---------------------+---------------------+------------------------------+------------------------------+---------------------+---------------------+--------------------------------------+--------------------------------------+-----------------------------+-----------------------------+----------------------------+----------------------------+-----------------------------+-----------------------------+--------------------+--------------------+-------------------------------------+-------------------------------------+----------------------------+----------------------------+---------------------------+---------------------------+
; Pin      ; I/O Standard ; Board Delay on Rise ; Board Delay on Fall ; Steady State Voh at FPGA Pin ; Steady State Vol at FPGA Pin ; Voh Max at FPGA Pin ; Vol Min at FPGA Pin ; Ringback Voltage on Rise at FPGA Pin ; Ringback Voltage on Fall at FPGA Pin ; 10-90 Rise Time at FPGA Pin ; 90-10 Fall Time at FPGA Pin ; Monotonic Rise at FPGA Pin ; Monotonic Fall at FPGA Pin ; Steady State Voh at Far-end ; Steady State Vol at Far-end ; Voh Max at Far-end ; Vol Min at Far-end ; Ringback Voltage on Rise at Far-end ; Ringback Voltage on Fall at Far-end ; 10-90 Rise Time at Far-end ; 90-10 Fall Time at Far-end ; Monotonic Rise at Far-end ; Monotonic Fall at Far-end ;
+----------+--------------+---------------------+---------------------+------------------------------+------------------------------+---------------------+---------------------+--------------------------------------+--------------------------------------+-----------------------------+-----------------------------+----------------------------+----------------------------+-----------------------------+-----------------------------+--------------------+--------------------+-------------------------------------+-------------------------------------+----------------------------+----------------------------+---------------------------+---------------------------+
; oLED[0]  ; 2.5 V        ; 0 s                 ; 0 s                 ; 2.32 V                       ; 2.52e-05 V                   ; 2.38 V              ; -0.032 V            ; 0.204 V                              ; 0.181 V                              ; 4.74e-10 s                  ; 4.85e-10 s                  ; No                         ; Yes                        ; 2.32 V                      ; 2.52e-05 V                  ; 2.38 V             ; -0.032 V           ; 0.204 V                             ; 0.181 V                             ; 4.74e-10 s                 ; 4.85e-10 s                 ; No                        ; Yes                       ;
; oLED[1]  ; 2.5 V        ; 0 s                 ; 0 s                 ; 2.32 V                       ; 2.52e-05 V                   ; 2.38 V              ; -0.0315 V           ; 0.205 V                              ; 0.182 V                              ; 4.74e-10 s                  ; 4.85e-10 s                  ; No                         ; Yes                        ; 2.32 V                      ; 2.52e-05 V                  ; 2.38 V             ; -0.0315 V          ; 0.205 V                             ; 0.182 V                             ; 4.74e-10 s                 ; 4.85e-10 s                 ; No                        ; Yes                       ;
; oLED[2]  ; 2.5 V        ; 0 s                 ; 0 s                 ; 2.32 V                       ; 2.27e-05 V                   ; 2.34 V              ; -0.0089 V           ; 0.206 V                              ; 0.058 V                              ; 4.97e-10 s                  ; 5.13e-10 s                  ; Yes                        ; Yes                        ; 2.32 V                      ; 2.27e-05 V                  ; 2.34 V             ; -0.0089 V          ; 0.206 V                             ; 0.058 V                             ; 4.97e-10 s                 ; 5.13e-10 s                 ; Yes                       ; Yes                       ;
; oLED[3]  ; 2.5 V        ; 0 s                 ; 0 s                 ; 2.32 V                       ; 2.56e-05 V                   ; 2.38 V              ; -0.026 V            ; 0.249 V                              ; 0.089 V                              ; 4.95e-10 s                  ; 6.01e-10 s                  ; No                         ; Yes                        ; 2.32 V                      ; 2.56e-05 V                  ; 2.38 V             ; -0.026 V           ; 0.249 V                             ; 0.089 V                             ; 4.95e-10 s                 ; 6.01e-10 s                 ; No                        ; Yes                       ;
; oLED[4]  ; 2.5 V        ; 0 s                 ; 0 s                 ; 2.32 V                       ; 2.52e-05 V                   ; 2.38 V              ; -0.032 V            ; 0.204 V                              ; 0.181 V                              ; 4.74e-10 s                  ; 4.85e-10 s                  ; No                         ; Yes                        ; 2.32 V                      ; 2.52e-05 V                  ; 2.38 V             ; -0.032 V           ; 0.204 V                             ; 0.181 V                             ; 4.74e-10 s                 ; 4.85e-10 s                 ; No                        ; Yes                       ;
; oLED[5]  ; 2.5 V        ; 0 s                 ; 0 s                 ; 2.32 V                       ; 2.52e-05 V                   ; 2.38 V              ; -0.0315 V           ; 0.205 V                              ; 0.182 V                              ; 4.74e-10 s                  ; 4.85e-10 s                  ; No                         ; Yes                        ; 2.32 V                      ; 2.52e-05 V                  ; 2.38 V             ; -0.0315 V          ; 0.205 V                             ; 0.182 V                             ; 4.74e-10 s                 ; 4.85e-10 s                 ; No                        ; Yes                       ;
; oHEX0[0] ; 2.5 V        ; 0 s                 ; 0 s                 ; 2.32 V                       ; 2.52e-05 V                   ; 2.38 V              ; -0.0315 V           ; 0.205 V                              ; 0.182 V                              ; 4.74e-10 s                  ; 4.85e-10 s                  ; No                         ; Yes                        ; 2.32 V                      ; 2.52e-05 V                  ; 2.38 V             ; -0.0315 V          ; 0.205 V                             ; 0.182 V                             ; 4.74e-10 s                 ; 4.85e-10 s                 ; No                        ; Yes                       ;
; oHEX0[1] ; 2.5 V        ; 0 s                 ; 0 s                 ; 2.32 V                       ; 2.52e-05 V                   ; 2.38 V              ; -0.032 V            ; 0.204 V                              ; 0.181 V                              ; 4.74e-10 s                  ; 4.85e-10 s                  ; No                         ; Yes                        ; 2.32 V                      ; 2.52e-05 V                  ; 2.38 V             ; -0.032 V           ; 0.204 V                             ; 0.181 V                             ; 4.74e-10 s                 ; 4.85e-10 s                 ; No                        ; Yes                       ;
; oHEX0[2] ; 2.5 V        ; 0 s                 ; 0 s                 ; 2.32 V                       ; 2.52e-05 V                   ; 2.38 V              ; -0.032 V            ; 0.204 V                              ; 0.181 V                              ; 4.74e-10 s                  ; 4.85e-10 s                  ; No                         ; Yes                        ; 2.32 V                      ; 2.52e-05 V                  ; 2.38 V             ; -0.032 V           ; 0.204 V                             ; 0.181 V                             ; 4.74e-10 s                 ; 4.85e-10 s                 ; No                        ; Yes                       ;
; oHEX0[3] ; 2.5 V        ; 0 s                 ; 0 s                 ; 2.32 V                       ; 2.52e-05 V                   ; 2.38 V              ; -0.032 V            ; 0.204 V                              ; 0.181 V                              ; 4.74e-10 s                  ; 4.85e-10 s                  ; No                         ; Yes                        ; 2.32 V                      ; 2.52e-05 V                  ; 2.38 V             ; -0.032 V           ; 0.204 V                             ; 0.181 V                             ; 4.74e-10 s                 ; 4.85e-10 s                 ; No                        ; Yes                       ;
; oHEX0[4] ; 2.5 V        ; 0 s                 ; 0 s                 ; 2.32 V                       ; 2.52e-05 V                   ; 2.38 V              ; -0.0315 V           ; 0.205 V                              ; 0.182 V                              ; 4.74e-10 s                  ; 4.85e-10 s                  ; No                         ; Yes                        ; 2.32 V                      ; 2.52e-05 V                  ; 2.38 V             ; -0.0315 V          ; 0.205 V                             ; 0.182 V                             ; 4.74e-10 s                 ; 4.85e-10 s                 ; No                        ; Yes                       ;
; oHEX0[5] ; 2.5 V        ; 0 s                 ; 0 s                 ; 2.32 V                       ; 2.52e-05 V                   ; 2.38 V              ; -0.0315 V           ; 0.205 V                              ; 0.182 V                              ; 4.74e-10 s                  ; 4.85e-10 s                  ; No                         ; Yes                        ; 2.32 V                      ; 2.52e-05 V                  ; 2.38 V             ; -0.0315 V          ; 0.205 V                             ; 0.182 V                             ; 4.74e-10 s                 ; 4.85e-10 s                 ; No                        ; Yes                       ;
; oHEX0[6] ; 2.5 V        ; 0 s                 ; 0 s                 ; 2.32 V                       ; 2.52e-05 V                   ; 2.38 V              ; -0.032 V            ; 0.204 V                              ; 0.181 V                              ; 4.74e-10 s                  ; 4.85e-10 s                  ; No                         ; Yes                        ; 2.32 V                      ; 2.52e-05 V                  ; 2.38 V             ; -0.032 V           ; 0.204 V                             ; 0.181 V                             ; 4.74e-10 s                 ; 4.85e-10 s                 ; No                        ; Yes                       ;
; oHEX1[0] ; 2.5 V        ; 0 s                 ; 0 s                 ; 2.32 V                       ; 2.52e-05 V                   ; 2.38 V              ; -0.032 V            ; 0.204 V                              ; 0.181 V                              ; 4.74e-10 s                  ; 4.85e-10 s                  ; No                         ; Yes                        ; 2.32 V                      ; 2.52e-05 V                  ; 2.38 V             ; -0.032 V           ; 0.204 V                             ; 0.181 V                             ; 4.74e-10 s                 ; 4.85e-10 s                 ; No                        ; Yes                       ;
; oHEX1[1] ; 2.5 V        ; 0 s                 ; 0 s                 ; 2.32 V                       ; 2.52e-05 V                   ; 2.38 V              ; -0.0315 V           ; 0.205 V                              ; 0.182 V                              ; 4.74e-10 s                  ; 4.85e-10 s                  ; No                         ; Yes                        ; 2.32 V                      ; 2.52e-05 V                  ; 2.38 V             ; -0.0315 V          ; 0.205 V                             ; 0.182 V                             ; 4.74e-10 s                 ; 4.85e-10 s                 ; No                        ; Yes                       ;
; oHEX1[2] ; 2.5 V        ; 0 s                 ; 0 s                 ; 2.32 V                       ; 2.52e-05 V                   ; 2.38 V              ; -0.0315 V           ; 0.205 V                              ; 0.182 V                              ; 4.74e-10 s                  ; 4.85e-10 s                  ; No                         ; Yes                        ; 2.32 V                      ; 2.52e-05 V                  ; 2.38 V             ; -0.0315 V          ; 0.205 V                             ; 0.182 V                             ; 4.74e-10 s                 ; 4.85e-10 s                 ; No                        ; Yes                       ;
; oHEX1[3] ; 2.5 V        ; 0 s                 ; 0 s                 ; 2.32 V                       ; 2.52e-05 V                   ; 2.38 V              ; -0.032 V            ; 0.204 V                              ; 0.181 V                              ; 4.74e-10 s                  ; 4.85e-10 s                  ; No                         ; Yes                        ; 2.32 V                      ; 2.52e-05 V                  ; 2.38 V             ; -0.032 V           ; 0.204 V                             ; 0.181 V                             ; 4.74e-10 s                 ; 4.85e-10 s                 ; No                        ; Yes                       ;
; oHEX1[4] ; 2.5 V        ; 0 s                 ; 0 s                 ; 2.32 V                       ; 2.52e-05 V                   ; 2.38 V              ; -0.032 V            ; 0.204 V                              ; 0.181 V                              ; 4.74e-10 s                  ; 4.85e-10 s                  ; No                         ; Yes                        ; 2.32 V                      ; 2.52e-05 V                  ; 2.38 V             ; -0.032 V           ; 0.204 V                             ; 0.181 V                             ; 4.74e-10 s                 ; 4.85e-10 s                 ; No                        ; Yes                       ;
; oHEX1[5] ; 2.5 V        ; 0 s                 ; 0 s                 ; 2.32 V                       ; 2.52e-05 V                   ; 2.38 V              ; -0.0315 V           ; 0.205 V                              ; 0.182 V                              ; 4.74e-10 s                  ; 4.85e-10 s                  ; No                         ; Yes                        ; 2.32 V                      ; 2.52e-05 V                  ; 2.38 V             ; -0.0315 V          ; 0.205 V                             ; 0.182 V                             ; 4.74e-10 s                 ; 4.85e-10 s                 ; No                        ; Yes                       ;
; oHEX1[6] ; 2.5 V        ; 0 s                 ; 0 s                 ; 2.32 V                       ; 2.52e-05 V                   ; 2.38 V              ; -0.0315 V           ; 0.205 V                              ; 0.182 V                              ; 4.74e-10 s                  ; 4.85e-10 s                  ; No                         ; Yes                        ; 2.32 V                      ; 2.52e-05 V                  ; 2.38 V             ; -0.0315 V          ; 0.205 V                             ; 0.182 V                             ; 4.74e-10 s                 ; 4.85e-10 s                 ; No                        ; Yes                       ;
+----------+--------------+---------------------+---------------------+------------------------------+------------------------------+---------------------+---------------------+--------------------------------------+--------------------------------------+-----------------------------+-----------------------------+----------------------------+----------------------------+-----------------------------+-----------------------------+--------------------+--------------------+-------------------------------------+-------------------------------------+----------------------------+----------------------------+---------------------------+---------------------------+


+---------------------------------------------------------------------------------------------------------------------------------------------------------------------------------------------------------------------------------------------------------------------------------------------------------------------------------------------------------------------------------------------------------------------------------------------------------------------------------------------------------------------------------------------------------------------------------------------------------------------------------------------------------------------------------------+
; Signal Integrity Metrics (Fast 1100mv 0c Model)                                                                                                                                                                                                                                                                                                                                                                                                                                                                                                                                                                                                                                       ;
+----------+--------------+---------------------+---------------------+------------------------------+------------------------------+---------------------+---------------------+--------------------------------------+--------------------------------------+-----------------------------+-----------------------------+----------------------------+----------------------------+-----------------------------+-----------------------------+--------------------+--------------------+-------------------------------------+-------------------------------------+----------------------------+----------------------------+---------------------------+---------------------------+
; Pin      ; I/O Standard ; Board Delay on Rise ; Board Delay on Fall ; Steady State Voh at FPGA Pin ; Steady State Vol at FPGA Pin ; Voh Max at FPGA Pin ; Vol Min at FPGA Pin ; Ringback Voltage on Rise at FPGA Pin ; Ringback Voltage on Fall at FPGA Pin ; 10-90 Rise Time at FPGA Pin ; 90-10 Fall Time at FPGA Pin ; Monotonic Rise at FPGA Pin ; Monotonic Fall at FPGA Pin ; Steady State Voh at Far-end ; Steady State Vol at Far-end ; Voh Max at Far-end ; Vol Min at Far-end ; Ringback Voltage on Rise at Far-end ; Ringback Voltage on Fall at Far-end ; 10-90 Rise Time at Far-end ; 90-10 Fall Time at Far-end ; Monotonic Rise at Far-end ; Monotonic Fall at Far-end ;
+----------+--------------+---------------------+---------------------+------------------------------+------------------------------+---------------------+---------------------+--------------------------------------+--------------------------------------+-----------------------------+-----------------------------+----------------------------+----------------------------+-----------------------------+-----------------------------+--------------------+--------------------+-------------------------------------+-------------------------------------+----------------------------+----------------------------+---------------------------+---------------------------+
; oLED[0]  ; 2.5 V        ; 0 s                 ; 0 s                 ; 2.75 V                       ; 4.14e-06 V                   ; 2.91 V              ; -0.119 V            ; 0.326 V                              ; 0.298 V                              ; 2.74e-10 s                  ; 2.8e-10 s                   ; No                         ; No                         ; 2.75 V                      ; 4.14e-06 V                  ; 2.91 V             ; -0.119 V           ; 0.326 V                             ; 0.298 V                             ; 2.74e-10 s                 ; 2.8e-10 s                  ; No                        ; No                        ;
; oLED[1]  ; 2.5 V        ; 0 s                 ; 0 s                 ; 2.75 V                       ; 4.14e-06 V                   ; 2.91 V              ; -0.121 V            ; 0.326 V                              ; 0.297 V                              ; 2.74e-10 s                  ; 2.8e-10 s                   ; No                         ; No                         ; 2.75 V                      ; 4.14e-06 V                  ; 2.91 V             ; -0.121 V           ; 0.326 V                             ; 0.297 V                             ; 2.74e-10 s                 ; 2.8e-10 s                  ; No                        ; No                        ;
; oLED[2]  ; 2.5 V        ; 0 s                 ; 0 s                 ; 2.75 V                       ; 3.54e-06 V                   ; 2.81 V              ; -0.0578 V           ; 0.303 V                              ; 0.28 V                               ; 2.93e-10 s                  ; 3.01e-10 s                  ; No                         ; No                         ; 2.75 V                      ; 3.54e-06 V                  ; 2.81 V             ; -0.0578 V          ; 0.303 V                             ; 0.28 V                              ; 2.93e-10 s                 ; 3.01e-10 s                 ; No                        ; No                        ;
; oLED[3]  ; 2.5 V        ; 0 s                 ; 0 s                 ; 2.75 V                       ; 4.25e-06 V                   ; 2.9 V               ; -0.107 V            ; 0.378 V                              ; 0.16 V                               ; 2.87e-10 s                  ; 4.28e-10 s                  ; No                         ; No                         ; 2.75 V                      ; 4.25e-06 V                  ; 2.9 V              ; -0.107 V           ; 0.378 V                             ; 0.16 V                              ; 2.87e-10 s                 ; 4.28e-10 s                 ; No                        ; No                        ;
; oLED[4]  ; 2.5 V        ; 0 s                 ; 0 s                 ; 2.75 V                       ; 4.14e-06 V                   ; 2.91 V              ; -0.119 V            ; 0.326 V                              ; 0.298 V                              ; 2.74e-10 s                  ; 2.8e-10 s                   ; No                         ; No                         ; 2.75 V                      ; 4.14e-06 V                  ; 2.91 V             ; -0.119 V           ; 0.326 V                             ; 0.298 V                             ; 2.74e-10 s                 ; 2.8e-10 s                  ; No                        ; No                        ;
; oLED[5]  ; 2.5 V        ; 0 s                 ; 0 s                 ; 2.75 V                       ; 4.14e-06 V                   ; 2.91 V              ; -0.121 V            ; 0.326 V                              ; 0.297 V                              ; 2.74e-10 s                  ; 2.8e-10 s                   ; No                         ; No                         ; 2.75 V                      ; 4.14e-06 V                  ; 2.91 V             ; -0.121 V           ; 0.326 V                             ; 0.297 V                             ; 2.74e-10 s                 ; 2.8e-10 s                  ; No                        ; No                        ;
; oHEX0[0] ; 2.5 V        ; 0 s                 ; 0 s                 ; 2.75 V                       ; 4.14e-06 V                   ; 2.91 V              ; -0.121 V            ; 0.326 V                              ; 0.297 V                              ; 2.74e-10 s                  ; 2.8e-10 s                   ; No                         ; No                         ; 2.75 V                      ; 4.14e-06 V                  ; 2.91 V             ; -0.121 V           ; 0.326 V                             ; 0.297 V                             ; 2.74e-10 s                 ; 2.8e-10 s                  ; No                        ; No                        ;
; oHEX0[1] ; 2.5 V        ; 0 s                 ; 0 s                 ; 2.75 V                       ; 4.14e-06 V                   ; 2.91 V              ; -0.119 V            ; 0.326 V                              ; 0.298 V                              ; 2.74e-10 s                  ; 2.8e-10 s                   ; No                         ; No                         ; 2.75 V                      ; 4.14e-06 V                  ; 2.91 V             ; -0.119 V           ; 0.326 V                             ; 0.298 V                             ; 2.74e-10 s                 ; 2.8e-10 s                  ; No                        ; No                        ;
; oHEX0[2] ; 2.5 V        ; 0 s                 ; 0 s                 ; 2.75 V                       ; 4.14e-06 V                   ; 2.91 V              ; -0.119 V            ; 0.326 V                              ; 0.298 V                              ; 2.74e-10 s                  ; 2.8e-10 s                   ; No                         ; No                         ; 2.75 V                      ; 4.14e-06 V                  ; 2.91 V             ; -0.119 V           ; 0.326 V                             ; 0.298 V                             ; 2.74e-10 s                 ; 2.8e-10 s                  ; No                        ; No                        ;
; oHEX0[3] ; 2.5 V        ; 0 s                 ; 0 s                 ; 2.75 V                       ; 4.14e-06 V                   ; 2.91 V              ; -0.119 V            ; 0.326 V                              ; 0.298 V                              ; 2.74e-10 s                  ; 2.8e-10 s                   ; No                         ; No                         ; 2.75 V                      ; 4.14e-06 V                  ; 2.91 V             ; -0.119 V           ; 0.326 V                             ; 0.298 V                             ; 2.74e-10 s                 ; 2.8e-10 s                  ; No                        ; No                        ;
; oHEX0[4] ; 2.5 V        ; 0 s                 ; 0 s                 ; 2.75 V                       ; 4.14e-06 V                   ; 2.91 V              ; -0.121 V            ; 0.326 V                              ; 0.297 V                              ; 2.74e-10 s                  ; 2.8e-10 s                   ; No                         ; No                         ; 2.75 V                      ; 4.14e-06 V                  ; 2.91 V             ; -0.121 V           ; 0.326 V                             ; 0.297 V                             ; 2.74e-10 s                 ; 2.8e-10 s                  ; No                        ; No                        ;
; oHEX0[5] ; 2.5 V        ; 0 s                 ; 0 s                 ; 2.75 V                       ; 4.14e-06 V                   ; 2.91 V              ; -0.121 V            ; 0.326 V                              ; 0.297 V                              ; 2.74e-10 s                  ; 2.8e-10 s                   ; No                         ; No                         ; 2.75 V                      ; 4.14e-06 V                  ; 2.91 V             ; -0.121 V           ; 0.326 V                             ; 0.297 V                             ; 2.74e-10 s                 ; 2.8e-10 s                  ; No                        ; No                        ;
; oHEX0[6] ; 2.5 V        ; 0 s                 ; 0 s                 ; 2.75 V                       ; 4.14e-06 V                   ; 2.91 V              ; -0.119 V            ; 0.326 V                              ; 0.298 V                              ; 2.74e-10 s                  ; 2.8e-10 s                   ; No                         ; No                         ; 2.75 V                      ; 4.14e-06 V                  ; 2.91 V             ; -0.119 V           ; 0.326 V                             ; 0.298 V                             ; 2.74e-10 s                 ; 2.8e-10 s                  ; No                        ; No                        ;
; oHEX1[0] ; 2.5 V        ; 0 s                 ; 0 s                 ; 2.75 V                       ; 4.14e-06 V                   ; 2.91 V              ; -0.119 V            ; 0.326 V                              ; 0.298 V                              ; 2.74e-10 s                  ; 2.8e-10 s                   ; No                         ; No                         ; 2.75 V                      ; 4.14e-06 V                  ; 2.91 V             ; -0.119 V           ; 0.326 V                             ; 0.298 V                             ; 2.74e-10 s                 ; 2.8e-10 s                  ; No                        ; No                        ;
; oHEX1[1] ; 2.5 V        ; 0 s                 ; 0 s                 ; 2.75 V                       ; 4.14e-06 V                   ; 2.91 V              ; -0.121 V            ; 0.326 V                              ; 0.297 V                              ; 2.74e-10 s                  ; 2.8e-10 s                   ; No                         ; No                         ; 2.75 V                      ; 4.14e-06 V                  ; 2.91 V             ; -0.121 V           ; 0.326 V                             ; 0.297 V                             ; 2.74e-10 s                 ; 2.8e-10 s                  ; No                        ; No                        ;
; oHEX1[2] ; 2.5 V        ; 0 s                 ; 0 s                 ; 2.75 V                       ; 4.14e-06 V                   ; 2.91 V              ; -0.121 V            ; 0.326 V                              ; 0.297 V                              ; 2.74e-10 s                  ; 2.8e-10 s                   ; No                         ; No                         ; 2.75 V                      ; 4.14e-06 V                  ; 2.91 V             ; -0.121 V           ; 0.326 V                             ; 0.297 V                             ; 2.74e-10 s                 ; 2.8e-10 s                  ; No                        ; No                        ;
; oHEX1[3] ; 2.5 V        ; 0 s                 ; 0 s                 ; 2.75 V                       ; 4.14e-06 V                   ; 2.91 V              ; -0.119 V            ; 0.326 V                              ; 0.298 V                              ; 2.74e-10 s                  ; 2.8e-10 s                   ; No                         ; No                         ; 2.75 V                      ; 4.14e-06 V                  ; 2.91 V             ; -0.119 V           ; 0.326 V                             ; 0.298 V                             ; 2.74e-10 s                 ; 2.8e-10 s                  ; No                        ; No                        ;
; oHEX1[4] ; 2.5 V        ; 0 s                 ; 0 s                 ; 2.75 V                       ; 4.14e-06 V                   ; 2.91 V              ; -0.119 V            ; 0.326 V                              ; 0.298 V                              ; 2.74e-10 s                  ; 2.8e-10 s                   ; No                         ; No                         ; 2.75 V                      ; 4.14e-06 V                  ; 2.91 V             ; -0.119 V           ; 0.326 V                             ; 0.298 V                             ; 2.74e-10 s                 ; 2.8e-10 s                  ; No                        ; No                        ;
; oHEX1[5] ; 2.5 V        ; 0 s                 ; 0 s                 ; 2.75 V                       ; 4.14e-06 V                   ; 2.91 V              ; -0.121 V            ; 0.326 V                              ; 0.297 V                              ; 2.74e-10 s                  ; 2.8e-10 s                   ; No                         ; No                         ; 2.75 V                      ; 4.14e-06 V                  ; 2.91 V             ; -0.121 V           ; 0.326 V                             ; 0.297 V                             ; 2.74e-10 s                 ; 2.8e-10 s                  ; No                        ; No                        ;
; oHEX1[6] ; 2.5 V        ; 0 s                 ; 0 s                 ; 2.75 V                       ; 4.14e-06 V                   ; 2.91 V              ; -0.121 V            ; 0.326 V                              ; 0.297 V                              ; 2.74e-10 s                  ; 2.8e-10 s                   ; No                         ; No                         ; 2.75 V                      ; 4.14e-06 V                  ; 2.91 V             ; -0.121 V           ; 0.326 V                             ; 0.297 V                             ; 2.74e-10 s                 ; 2.8e-10 s                  ; No                        ; No                        ;
+----------+--------------+---------------------+---------------------+------------------------------+------------------------------+---------------------+---------------------+--------------------------------------+--------------------------------------+-----------------------------+-----------------------------+----------------------------+----------------------------+-----------------------------+-----------------------------+--------------------+--------------------+-------------------------------------+-------------------------------------+----------------------------+----------------------------+---------------------------+---------------------------+


+---------------------------------------------------------------------------------------------------------------------------------------------------------------------------------------------------------------------------------------------------------------------------------------------------------------------------------------------------------------------------------------------------------------------------------------------------------------------------------------------------------------------------------------------------------------------------------------------------------------------------------------------------------------------------------------+
; Signal Integrity Metrics (Fast 1100mv 85c Model)                                                                                                                                                                                                                                                                                                                                                                                                                                                                                                                                                                                                                                      ;
+----------+--------------+---------------------+---------------------+------------------------------+------------------------------+---------------------+---------------------+--------------------------------------+--------------------------------------+-----------------------------+-----------------------------+----------------------------+----------------------------+-----------------------------+-----------------------------+--------------------+--------------------+-------------------------------------+-------------------------------------+----------------------------+----------------------------+---------------------------+---------------------------+
; Pin      ; I/O Standard ; Board Delay on Rise ; Board Delay on Fall ; Steady State Voh at FPGA Pin ; Steady State Vol at FPGA Pin ; Voh Max at FPGA Pin ; Vol Min at FPGA Pin ; Ringback Voltage on Rise at FPGA Pin ; Ringback Voltage on Fall at FPGA Pin ; 10-90 Rise Time at FPGA Pin ; 90-10 Fall Time at FPGA Pin ; Monotonic Rise at FPGA Pin ; Monotonic Fall at FPGA Pin ; Steady State Voh at Far-end ; Steady State Vol at Far-end ; Voh Max at Far-end ; Vol Min at Far-end ; Ringback Voltage on Rise at Far-end ; Ringback Voltage on Fall at Far-end ; 10-90 Rise Time at Far-end ; 90-10 Fall Time at Far-end ; Monotonic Rise at Far-end ; Monotonic Fall at Far-end ;
+----------+--------------+---------------------+---------------------+------------------------------+------------------------------+---------------------+---------------------+--------------------------------------+--------------------------------------+-----------------------------+-----------------------------+----------------------------+----------------------------+-----------------------------+-----------------------------+--------------------+--------------------+-------------------------------------+-------------------------------------+----------------------------+----------------------------+---------------------------+---------------------------+
; oLED[0]  ; 2.5 V        ; 0 s                 ; 0 s                 ; 2.75 V                       ; 0.000242 V                   ; 2.86 V              ; -0.0805 V           ; 0.358 V                              ; 0.156 V                              ; 3.01e-10 s                  ; 4.34e-10 s                  ; No                         ; No                         ; 2.75 V                      ; 0.000242 V                  ; 2.86 V             ; -0.0805 V          ; 0.358 V                             ; 0.156 V                             ; 3.01e-10 s                 ; 4.34e-10 s                 ; No                        ; No                        ;
; oLED[1]  ; 2.5 V        ; 0 s                 ; 0 s                 ; 2.75 V                       ; 0.000242 V                   ; 2.86 V              ; -0.0814 V           ; 0.36 V                               ; 0.156 V                              ; 3e-10 s                     ; 4.34e-10 s                  ; No                         ; No                         ; 2.75 V                      ; 0.000242 V                  ; 2.86 V             ; -0.0814 V          ; 0.36 V                              ; 0.156 V                             ; 3e-10 s                    ; 4.34e-10 s                 ; No                        ; No                        ;
; oLED[2]  ; 2.5 V        ; 0 s                 ; 0 s                 ; 2.75 V                       ; 0.000213 V                   ; 2.79 V              ; -0.0324 V           ; 0.139 V                              ; 0.119 V                              ; 4.42e-10 s                  ; 4.33e-10 s                  ; No                         ; Yes                        ; 2.75 V                      ; 0.000213 V                  ; 2.79 V             ; -0.0324 V          ; 0.139 V                             ; 0.119 V                             ; 4.42e-10 s                 ; 4.33e-10 s                 ; No                        ; Yes                       ;
; oLED[3]  ; 2.5 V        ; 0 s                 ; 0 s                 ; 2.75 V                       ; 0.000247 V                   ; 2.85 V              ; -0.0711 V           ; 0.204 V                              ; 0.181 V                              ; 4.55e-10 s                  ; 4.49e-10 s                  ; No                         ; No                         ; 2.75 V                      ; 0.000247 V                  ; 2.85 V             ; -0.0711 V          ; 0.204 V                             ; 0.181 V                             ; 4.55e-10 s                 ; 4.49e-10 s                 ; No                        ; No                        ;
; oLED[4]  ; 2.5 V        ; 0 s                 ; 0 s                 ; 2.75 V                       ; 0.000242 V                   ; 2.86 V              ; -0.0805 V           ; 0.358 V                              ; 0.156 V                              ; 3.01e-10 s                  ; 4.34e-10 s                  ; No                         ; No                         ; 2.75 V                      ; 0.000242 V                  ; 2.86 V             ; -0.0805 V          ; 0.358 V                             ; 0.156 V                             ; 3.01e-10 s                 ; 4.34e-10 s                 ; No                        ; No                        ;
; oLED[5]  ; 2.5 V        ; 0 s                 ; 0 s                 ; 2.75 V                       ; 0.000242 V                   ; 2.86 V              ; -0.0814 V           ; 0.36 V                               ; 0.156 V                              ; 3e-10 s                     ; 4.34e-10 s                  ; No                         ; No                         ; 2.75 V                      ; 0.000242 V                  ; 2.86 V             ; -0.0814 V          ; 0.36 V                              ; 0.156 V                             ; 3e-10 s                    ; 4.34e-10 s                 ; No                        ; No                        ;
; oHEX0[0] ; 2.5 V        ; 0 s                 ; 0 s                 ; 2.75 V                       ; 0.000242 V                   ; 2.86 V              ; -0.0814 V           ; 0.36 V                               ; 0.156 V                              ; 3e-10 s                     ; 4.34e-10 s                  ; No                         ; No                         ; 2.75 V                      ; 0.000242 V                  ; 2.86 V             ; -0.0814 V          ; 0.36 V                              ; 0.156 V                             ; 3e-10 s                    ; 4.34e-10 s                 ; No                        ; No                        ;
; oHEX0[1] ; 2.5 V        ; 0 s                 ; 0 s                 ; 2.75 V                       ; 0.000242 V                   ; 2.86 V              ; -0.0805 V           ; 0.358 V                              ; 0.156 V                              ; 3.01e-10 s                  ; 4.34e-10 s                  ; No                         ; No                         ; 2.75 V                      ; 0.000242 V                  ; 2.86 V             ; -0.0805 V          ; 0.358 V                             ; 0.156 V                             ; 3.01e-10 s                 ; 4.34e-10 s                 ; No                        ; No                        ;
; oHEX0[2] ; 2.5 V        ; 0 s                 ; 0 s                 ; 2.75 V                       ; 0.000242 V                   ; 2.86 V              ; -0.0805 V           ; 0.358 V                              ; 0.156 V                              ; 3.01e-10 s                  ; 4.34e-10 s                  ; No                         ; No                         ; 2.75 V                      ; 0.000242 V                  ; 2.86 V             ; -0.0805 V          ; 0.358 V                             ; 0.156 V                             ; 3.01e-10 s                 ; 4.34e-10 s                 ; No                        ; No                        ;
; oHEX0[3] ; 2.5 V        ; 0 s                 ; 0 s                 ; 2.75 V                       ; 0.000242 V                   ; 2.86 V              ; -0.0805 V           ; 0.358 V                              ; 0.156 V                              ; 3.01e-10 s                  ; 4.34e-10 s                  ; No                         ; No                         ; 2.75 V                      ; 0.000242 V                  ; 2.86 V             ; -0.0805 V          ; 0.358 V                             ; 0.156 V                             ; 3.01e-10 s                 ; 4.34e-10 s                 ; No                        ; No                        ;
; oHEX0[4] ; 2.5 V        ; 0 s                 ; 0 s                 ; 2.75 V                       ; 0.000242 V                   ; 2.86 V              ; -0.0814 V           ; 0.36 V                               ; 0.156 V                              ; 3e-10 s                     ; 4.34e-10 s                  ; No                         ; No                         ; 2.75 V                      ; 0.000242 V                  ; 2.86 V             ; -0.0814 V          ; 0.36 V                              ; 0.156 V                             ; 3e-10 s                    ; 4.34e-10 s                 ; No                        ; No                        ;
; oHEX0[5] ; 2.5 V        ; 0 s                 ; 0 s                 ; 2.75 V                       ; 0.000242 V                   ; 2.86 V              ; -0.0814 V           ; 0.36 V                               ; 0.156 V                              ; 3e-10 s                     ; 4.34e-10 s                  ; No                         ; No                         ; 2.75 V                      ; 0.000242 V                  ; 2.86 V             ; -0.0814 V          ; 0.36 V                              ; 0.156 V                             ; 3e-10 s                    ; 4.34e-10 s                 ; No                        ; No                        ;
; oHEX0[6] ; 2.5 V        ; 0 s                 ; 0 s                 ; 2.75 V                       ; 0.000242 V                   ; 2.86 V              ; -0.0805 V           ; 0.358 V                              ; 0.156 V                              ; 3.01e-10 s                  ; 4.34e-10 s                  ; No                         ; No                         ; 2.75 V                      ; 0.000242 V                  ; 2.86 V             ; -0.0805 V          ; 0.358 V                             ; 0.156 V                             ; 3.01e-10 s                 ; 4.34e-10 s                 ; No                        ; No                        ;
; oHEX1[0] ; 2.5 V        ; 0 s                 ; 0 s                 ; 2.75 V                       ; 0.000242 V                   ; 2.86 V              ; -0.0805 V           ; 0.358 V                              ; 0.156 V                              ; 3.01e-10 s                  ; 4.34e-10 s                  ; No                         ; No                         ; 2.75 V                      ; 0.000242 V                  ; 2.86 V             ; -0.0805 V          ; 0.358 V                             ; 0.156 V                             ; 3.01e-10 s                 ; 4.34e-10 s                 ; No                        ; No                        ;
; oHEX1[1] ; 2.5 V        ; 0 s                 ; 0 s                 ; 2.75 V                       ; 0.000242 V                   ; 2.86 V              ; -0.0814 V           ; 0.36 V                               ; 0.156 V                              ; 3e-10 s                     ; 4.34e-10 s                  ; No                         ; No                         ; 2.75 V                      ; 0.000242 V                  ; 2.86 V             ; -0.0814 V          ; 0.36 V                              ; 0.156 V                             ; 3e-10 s                    ; 4.34e-10 s                 ; No                        ; No                        ;
; oHEX1[2] ; 2.5 V        ; 0 s                 ; 0 s                 ; 2.75 V                       ; 0.000242 V                   ; 2.86 V              ; -0.0814 V           ; 0.36 V                               ; 0.156 V                              ; 3e-10 s                     ; 4.34e-10 s                  ; No                         ; No                         ; 2.75 V                      ; 0.000242 V                  ; 2.86 V             ; -0.0814 V          ; 0.36 V                              ; 0.156 V                             ; 3e-10 s                    ; 4.34e-10 s                 ; No                        ; No                        ;
; oHEX1[3] ; 2.5 V        ; 0 s                 ; 0 s                 ; 2.75 V                       ; 0.000242 V                   ; 2.86 V              ; -0.0805 V           ; 0.358 V                              ; 0.156 V                              ; 3.01e-10 s                  ; 4.34e-10 s                  ; No                         ; No                         ; 2.75 V                      ; 0.000242 V                  ; 2.86 V             ; -0.0805 V          ; 0.358 V                             ; 0.156 V                             ; 3.01e-10 s                 ; 4.34e-10 s                 ; No                        ; No                        ;
; oHEX1[4] ; 2.5 V        ; 0 s                 ; 0 s                 ; 2.75 V                       ; 0.000242 V                   ; 2.86 V              ; -0.0805 V           ; 0.358 V                              ; 0.156 V                              ; 3.01e-10 s                  ; 4.34e-10 s                  ; No                         ; No                         ; 2.75 V                      ; 0.000242 V                  ; 2.86 V             ; -0.0805 V          ; 0.358 V                             ; 0.156 V                             ; 3.01e-10 s                 ; 4.34e-10 s                 ; No                        ; No                        ;
; oHEX1[5] ; 2.5 V        ; 0 s                 ; 0 s                 ; 2.75 V                       ; 0.000242 V                   ; 2.86 V              ; -0.0814 V           ; 0.36 V                               ; 0.156 V                              ; 3e-10 s                     ; 4.34e-10 s                  ; No                         ; No                         ; 2.75 V                      ; 0.000242 V                  ; 2.86 V             ; -0.0814 V          ; 0.36 V                              ; 0.156 V                             ; 3e-10 s                    ; 4.34e-10 s                 ; No                        ; No                        ;
; oHEX1[6] ; 2.5 V        ; 0 s                 ; 0 s                 ; 2.75 V                       ; 0.000242 V                   ; 2.86 V              ; -0.0814 V           ; 0.36 V                               ; 0.156 V                              ; 3e-10 s                     ; 4.34e-10 s                  ; No                         ; No                         ; 2.75 V                      ; 0.000242 V                  ; 2.86 V             ; -0.0814 V          ; 0.36 V                              ; 0.156 V                             ; 3e-10 s                    ; 4.34e-10 s                 ; No                        ; No                        ;
+----------+--------------+---------------------+---------------------+------------------------------+------------------------------+---------------------+---------------------+--------------------------------------+--------------------------------------+-----------------------------+-----------------------------+----------------------------+----------------------------+-----------------------------+-----------------------------+--------------------+--------------------+-------------------------------------+-------------------------------------+----------------------------+----------------------------+---------------------------+---------------------------+


-------------------
; Clock Transfers ;
-------------------
Nothing to report.


---------------
; Report TCCS ;
---------------
No dedicated SERDES Transmitter circuitry present in device or used in design


---------------
; Report RSKM ;
---------------
No non-DPA dedicated SERDES Receiver circuitry present in device or used in design


+------------------------------------------------+
; Unconstrained Paths                            ;
+---------------------------------+-------+------+
; Property                        ; Setup ; Hold ;
+---------------------------------+-------+------+
; Illegal Clocks                  ; 0     ; 0    ;
; Unconstrained Clocks            ; 0     ; 0    ;
; Unconstrained Input Ports       ; 14    ; 14   ;
; Unconstrained Input Port Paths  ; 245   ; 245  ;
; Unconstrained Output Ports      ; 19    ; 19   ;
; Unconstrained Output Port Paths ; 245   ; 245  ;
+---------------------------------+-------+------+


+------------------------------------+
; TimeQuest Timing Analyzer Messages ;
+------------------------------------+
Info: *******************************************************************
Info: Running Quartus II 64-Bit TimeQuest Timing Analyzer
    Info: Version 13.1.0 Build 162 10/23/2013 SJ Web Edition
    Info: Processing started: Thu Sep 24 13:00:59 2026
Info: Command: quartus_sta Ejercicio13 -c Ejercicio13
Info: qsta_default_script.tcl version: #1
Info (11104): Parallel Compilation has detected 12 hyper-threaded processors. However, the extra hyper-threaded processors will not be used by default. Parallel Compilation will use 6 of the 6 physical processors detected instead.
Info (21077): Low junction temperature is 0 degrees C
Info (21077): High junction temperature is 85 degrees C
Critical Warning (332012): Synopsys Design Constraints File file not found: 'Ejercicio13.sdc'. A Synopsys Design Constraints File is required by the TimeQuest Timing Analyzer to get proper timing constraints. Without it, the Compiler will not properly optimize the design.
Info (332142): No user constrained base clocks found in the design. Calling "derive_clocks -period 1.0"
Info (332096): The command derive_clocks did not find any clocks to derive.  No clocks were created or changed.
Warning (332068): No clocks defined in design.
Info (332143): No user constrained clock uncertainty found in the design. Calling "derive_clock_uncertainty"
Info (332154): The derive_clock_uncertainty command did not apply clock uncertainty to any clock-to-clock transfers.
Info: Found TIMEQUEST_REPORT_SCRIPT_INCLUDE_DEFAULT_ANALYSIS = ON
Info (332159): No clocks to report
Info: Analyzing Slow 1100mV 85C Model
Info (332140): No fmax paths to report
Info (332140): No Setup paths to report
Info (332140): No Hold paths to report
Info (332140): No Recovery paths to report
Info (332140): No Removal paths to report
Info (332140): No Minimum Pulse Width paths to report
Info: Analyzing Slow 1100mV 0C Model
Info (334003): Started post-fitting delay annotation
Info (334004): Delay annotation completed successfully
Info (332142): No user constrained base clocks found in the design. Calling "derive_clocks -period 1.0"
Info (332096): The command derive_clocks did not find any clocks to derive.  No clocks were created or changed.
Warning (332068): No clocks defined in design.
Info (332154): The derive_clock_uncertainty command did not apply clock uncertainty to any clock-to-clock transfers.
Info (332140): No fmax paths to report
Info (332140): No Setup paths to report
Info (332140): No Hold paths to report
Info (332140): No Recovery paths to report
Info (332140): No Removal paths to report
Info (332140): No Minimum Pulse Width paths to report
Info: Analyzing Fast 1100mV 85C Model
Info (334003): Started post-fitting delay annotation
Info (334004): Delay annotation completed successfully
Info (332142): No user constrained base clocks found in the design. Calling "derive_clocks -period 1.0"
Info (332096): The command derive_clocks did not find any clocks to derive.  No clocks were created or changed.
Warning (332068): No clocks defined in design.
Info (332154): The derive_clock_uncertainty command did not apply clock uncertainty to any clock-to-clock transfers.
Info (332140): No Setup paths to report
Info (332140): No Hold paths to report
Info (332140): No Recovery paths to report
Info (332140): No Removal paths to report
Info (332140): No Minimum Pulse Width paths to report
Info: Analyzing Fast 1100mV 0C Model
Info (332142): No user constrained base clocks found in the design. Calling "derive_clocks -period 1.0"
Info (332096): The command derive_clocks did not find any clocks to derive.  No clocks were created or changed.
Warning (332068): No clocks defined in design.
Info (332154): The derive_clock_uncertainty command did not apply clock uncertainty to any clock-to-clock transfers.
Info (332140): No Setup paths to report
Info (332140): No Hold paths to report
Info (332140): No Recovery paths to report
Info (332140): No Removal paths to report
Info (332140): No Minimum Pulse Width paths to report
Info (332102): Design is not fully constrained for setup requirements
Info (332102): Design is not fully constrained for hold requirements
Info: Quartus II 64-Bit TimeQuest Timing Analyzer was successful. 0 errors, 5 warnings
    Info: Peak virtual memory: 4886 megabytes
    Info: Processing ended: Thu Sep 24 13:01:04 2026
    Info: Elapsed time: 00:00:05
    Info: Total CPU time (on all processors): 00:00:04


