TimeQuest Timing Analyzer report for Ejercicio11
Thu Sep 17 12:20:25 2026
Quartus II 64-Bit Version 13.1.0 Build 162 10/23/2013 SJ Web Edition


---------------------
; Table of Contents ;
---------------------
  1. Legal Notice
  2. TimeQuest Timing Analyzer Summary
  3. Parallel Compilation
  4. Clocks
  5. Slow 1100mV 85C Model Fmax Summary
  6. Timing Closure Recommendations
  7. Slow 1100mV 85C Model Setup Summary
  8. Slow 1100mV 85C Model Hold Summary
  9. Slow 1100mV 85C Model Recovery Summary
 10. Slow 1100mV 85C Model Removal Summary
 11. Slow 1100mV 85C Model Minimum Pulse Width Summary
 12. Propagation Delay
 13. Minimum Propagation Delay
 14. Slow 1100mV 85C Model Metastability Report
 15. Slow 1100mV 0C Model Fmax Summary
 16. Slow 1100mV 0C Model Setup Summary
 17. Slow 1100mV 0C Model Hold Summary
 18. Slow 1100mV 0C Model Recovery Summary
 19. Slow 1100mV 0C Model Removal Summary
 20. Slow 1100mV 0C Model Minimum Pulse Width Summary
 21. Propagation Delay
 22. Minimum Propagation Delay
 23. Slow 1100mV 0C Model Metastability Report
 24. Fast 1100mV 85C Model Setup Summary
 25. Fast 1100mV 85C Model Hold Summary
 26. Fast 1100mV 85C Model Recovery Summary
 27. Fast 1100mV 85C Model Removal Summary
 28. Fast 1100mV 85C Model Minimum Pulse Width Summary
 29. Propagation Delay
 30. Minimum Propagation Delay
 31. Fast 1100mV 85C Model Metastability Report
 32. Fast 1100mV 0C Model Setup Summary
 33. Fast 1100mV 0C Model Hold Summary
 34. Fast 1100mV 0C Model Recovery Summary
 35. Fast 1100mV 0C Model Removal Summary
 36. Fast 1100mV 0C Model Minimum Pulse Width Summary
 37. Propagation Delay
 38. Minimum Propagation Delay
 39. Fast 1100mV 0C Model Metastability Report
 40. Multicorner Timing Analysis Summary
 41. Propagation Delay
 42. Minimum Propagation Delay
 43. Board Trace Model Assignments
 44. Input Transition Times
 45. Signal Integrity Metrics (Slow 1100mv 0c Model)
 46. Signal Integrity Metrics (Slow 1100mv 85c Model)
 47. Signal Integrity Metrics (Fast 1100mv 0c Model)
 48. Signal Integrity Metrics (Fast 1100mv 85c Model)
 49. Clock Transfers
 50. Report TCCS
 51. Report RSKM
 52. Unconstrained Paths
 53. TimeQuest Timing Analyzer Messages



----------------
; Legal Notice ;
----------------
Copyright (C) 1991-2013 Altera Corporation
Your use of Altera Corporation's design tools, logic functions 
and other software and tools, and its AMPP partner logic 
functions, and any output files from any of the foregoing 
(including device programming or simulation files), and any 
associated documentation or information are expressly subject 
to the terms and conditions of the Altera Program License 
Subscription Agreement, Altera MegaCore Function License 
Agreement, or other applicable license agreement, including, 
without limitation, that your use is for the sole purpose of 
programming logic devices manufactured by Altera and sold by 
Altera or its authorized distributors.  Please refer to the 
applicable agreement for further details.



+-------------------------------------------------------------------------+
; TimeQuest Timing Analyzer Summary                                       ;
+--------------------+----------------------------------------------------+
; Quartus II Version ; Version 13.1.0 Build 162 10/23/2013 SJ Web Edition ;
; Revision Name      ; Ejercicio11                                        ;
; Device Family      ; Cyclone V                                          ;
; Device Name        ; 5CEBA4F23C7                                        ;
; Timing Models      ; Final                                              ;
; Delay Model        ; Combined                                           ;
; Rise/Fall Delays   ; Enabled                                            ;
+--------------------+----------------------------------------------------+


+------------------------------------------+
; Parallel Compilation                     ;
+----------------------------+-------------+
; Processors                 ; Number      ;
+----------------------------+-------------+
; Number detected on machine ; 12          ;
; Maximum allowed            ; 6           ;
;                            ;             ;
; Average used               ; 1.00        ;
; Maximum used               ; 6           ;
;                            ;             ;
; Usage by Processor         ; % Time Used ;
;     Processor 1            ; 100.0%      ;
;     Processors 2-6         ; < 0.1%      ;
;     Processors 7-12        ;   0.0%      ;
+----------------------------+-------------+


----------
; Clocks ;
----------
No clocks to report.


--------------------------------------
; Slow 1100mV 85C Model Fmax Summary ;
--------------------------------------
No paths to report.


----------------------------------
; Timing Closure Recommendations ;
----------------------------------
HTML report is unavailable in plain text report export.


---------------------------------------
; Slow 1100mV 85C Model Setup Summary ;
---------------------------------------
No paths to report.


--------------------------------------
; Slow 1100mV 85C Model Hold Summary ;
--------------------------------------
No paths to report.


------------------------------------------
; Slow 1100mV 85C Model Recovery Summary ;
------------------------------------------
No paths to report.


-----------------------------------------
; Slow 1100mV 85C Model Removal Summary ;
-----------------------------------------
No paths to report.


-----------------------------------------------------
; Slow 1100mV 85C Model Minimum Pulse Width Summary ;
-----------------------------------------------------
No paths to report.


+---------------------------------------------------------------+
; Propagation Delay                                             ;
+------------+--------------+--------+--------+--------+--------+
; Input Port ; Output Port  ; RR     ; RF     ; FR     ; FF     ;
+------------+--------------+--------+--------+--------+--------+
; iSelect[0] ; oDisplay1[0] ;        ; 7.781  ; 8.198  ;        ;
; iSelect[0] ; oDisplay1[1] ;        ; 7.866  ; 8.296  ;        ;
; iSelect[0] ; oDisplay1[2] ;        ; 7.776  ; 8.136  ;        ;
; iSelect[0] ; oDisplay1[3] ;        ; 7.923  ; 8.328  ;        ;
; iSelect[0] ; oDisplay1[4] ;        ; 7.752  ; 8.106  ;        ;
; iSelect[0] ; oDisplay1[5] ;        ; 7.890  ; 8.289  ;        ;
; iSelect[0] ; oDisplay1[6] ;        ; 7.815  ; 8.165  ;        ;
; iSelect[0] ; oDisplay2[0] ; 7.810  ;        ;        ; 7.841  ;
; iSelect[0] ; oDisplay2[1] ; 7.479  ;        ;        ; 7.568  ;
; iSelect[0] ; oDisplay2[2] ; 7.773  ;        ;        ; 7.809  ;
; iSelect[0] ; oDisplay2[3] ; 7.809  ;        ;        ; 7.841  ;
; iSelect[0] ; oDisplay2[4] ; 7.709  ;        ;        ; 7.808  ;
; iSelect[0] ; oDisplay2[5] ; 7.869  ;        ;        ; 8.001  ;
; iSelect[0] ; oDisplay2[6] ; 7.868  ;        ;        ; 8.034  ;
; iSelect[0] ; oDisplay3[0] ;        ; 8.063  ; 8.493  ;        ;
; iSelect[0] ; oDisplay3[1] ;        ; 8.123  ; 8.560  ;        ;
; iSelect[0] ; oDisplay3[2] ;        ; 8.029  ; 8.490  ;        ;
; iSelect[0] ; oDisplay3[3] ;        ; 7.549  ; 7.921  ;        ;
; iSelect[0] ; oDisplay3[4] ;        ; 8.008  ; 8.439  ;        ;
; iSelect[0] ; oDisplay3[5] ;        ; 7.661  ; 8.068  ;        ;
; iSelect[0] ; oDisplay3[6] ;        ; 7.394  ; 7.708  ;        ;
; iSelect[0] ; oDisplay4[0] ; 7.354  ;        ;        ; 7.457  ;
; iSelect[0] ; oDisplay4[1] ; 7.849  ;        ;        ; 7.820  ;
; iSelect[0] ; oDisplay4[2] ; 7.363  ;        ;        ; 7.458  ;
; iSelect[0] ; oDisplay4[3] ; 7.814  ;        ;        ; 7.803  ;
; iSelect[0] ; oDisplay4[4] ; 8.112  ;        ;        ; 8.023  ;
; iSelect[0] ; oDisplay4[5] ; 8.199  ;        ;        ; 8.101  ;
; iSelect[0] ; oDisplay4[6] ; 8.190  ;        ;        ; 8.101  ;
; iSelect[0] ; oDisplay5[0] ;        ; 7.951  ; 8.408  ;        ;
; iSelect[0] ; oDisplay5[1] ;        ; 7.661  ; 8.042  ;        ;
; iSelect[0] ; oDisplay5[2] ;        ; 7.480  ; 7.771  ;        ;
; iSelect[0] ; oDisplay5[3] ;        ; 7.793  ; 8.236  ;        ;
; iSelect[0] ; oDisplay5[4] ;        ; 7.604  ; 7.899  ;        ;
; iSelect[0] ; oDisplay5[5] ;        ; 7.532  ; 7.909  ;        ;
; iSelect[0] ; oDisplay5[6] ;        ; 7.613  ; 7.949  ;        ;
; iSelect[0] ; oDisplay6[0] ; 7.964  ;        ;        ; 7.964  ;
; iSelect[0] ; oDisplay6[1] ; 7.942  ;        ;        ; 7.942  ;
; iSelect[0] ; oDisplay6[2] ; 8.193  ;        ;        ; 8.166  ;
; iSelect[0] ; oDisplay6[3] ; 8.015  ;        ;        ; 8.050  ;
; iSelect[0] ; oDisplay6[4] ; 10.858 ;        ;        ; 10.244 ;
; iSelect[0] ; oDisplay6[5] ; 10.929 ;        ;        ; 10.305 ;
; iSelect[0] ; oDisplay6[6] ; 8.039  ;        ;        ; 8.051  ;
; iSelect[1] ; oDisplay1[0] ; 8.280  ;        ;        ; 8.257  ;
; iSelect[1] ; oDisplay1[1] ; 8.378  ;        ;        ; 8.342  ;
; iSelect[1] ; oDisplay1[2] ; 8.218  ;        ;        ; 8.252  ;
; iSelect[1] ; oDisplay1[3] ; 8.410  ;        ;        ; 8.399  ;
; iSelect[1] ; oDisplay1[4] ; 8.188  ;        ;        ; 8.228  ;
; iSelect[1] ; oDisplay1[5] ; 8.371  ;        ;        ; 8.366  ;
; iSelect[1] ; oDisplay1[6] ; 8.247  ;        ;        ; 8.291  ;
; iSelect[1] ; oDisplay2[0] ;        ; 7.789  ; 8.229  ;        ;
; iSelect[1] ; oDisplay2[1] ;        ; 7.516  ; 7.898  ;        ;
; iSelect[1] ; oDisplay2[2] ;        ; 7.757  ; 8.192  ;        ;
; iSelect[1] ; oDisplay2[3] ;        ; 7.789  ; 8.228  ;        ;
; iSelect[1] ; oDisplay2[4] ;        ; 7.756  ; 8.128  ;        ;
; iSelect[1] ; oDisplay2[5] ;        ; 7.949  ; 8.288  ;        ;
; iSelect[1] ; oDisplay2[6] ;        ; 7.982  ; 8.287  ;        ;
; iSelect[1] ; oDisplay3[0] ;        ; 8.345  ; 8.767  ;        ;
; iSelect[1] ; oDisplay3[1] ;        ; 8.405  ; 8.834  ;        ;
; iSelect[1] ; oDisplay3[2] ;        ; 8.311  ; 8.764  ;        ;
; iSelect[1] ; oDisplay3[3] ;        ; 7.831  ; 8.195  ;        ;
; iSelect[1] ; oDisplay3[4] ;        ; 8.290  ; 8.713  ;        ;
; iSelect[1] ; oDisplay3[5] ;        ; 7.943  ; 8.342  ;        ;
; iSelect[1] ; oDisplay3[6] ;        ; 7.676  ; 7.982  ;        ;
; iSelect[1] ; oDisplay4[0] ; 7.615  ;        ;        ; 7.728  ;
; iSelect[1] ; oDisplay4[1] ; 8.110  ;        ;        ; 8.091  ;
; iSelect[1] ; oDisplay4[2] ; 7.624  ;        ;        ; 7.729  ;
; iSelect[1] ; oDisplay4[3] ; 8.075  ;        ;        ; 8.074  ;
; iSelect[1] ; oDisplay4[4] ; 8.373  ;        ;        ; 8.294  ;
; iSelect[1] ; oDisplay4[5] ; 8.460  ;        ;        ; 8.372  ;
; iSelect[1] ; oDisplay4[6] ; 8.451  ;        ;        ; 8.372  ;
; iSelect[1] ; oDisplay5[0] ; 8.496  ;        ;        ; 8.434  ;
; iSelect[1] ; oDisplay5[1] ; 8.130  ;        ;        ; 8.144  ;
; iSelect[1] ; oDisplay5[2] ; 7.859  ;        ;        ; 7.963  ;
; iSelect[1] ; oDisplay5[3] ; 8.324  ;        ;        ; 8.276  ;
; iSelect[1] ; oDisplay5[4] ; 7.987  ;        ;        ; 8.087  ;
; iSelect[1] ; oDisplay5[5] ; 7.997  ;        ;        ; 8.015  ;
; iSelect[1] ; oDisplay5[6] ; 8.037  ;        ;        ; 8.096  ;
; iSelect[1] ; oDisplay6[0] ;        ; 8.039  ; 8.416  ;        ;
; iSelect[1] ; oDisplay6[1] ;        ; 8.017  ; 8.394  ;        ;
; iSelect[1] ; oDisplay6[2] ;        ; 8.241  ; 8.645  ;        ;
; iSelect[1] ; oDisplay6[3] ;        ; 8.125  ; 8.467  ;        ;
; iSelect[1] ; oDisplay6[4] ;        ; 10.319 ; 11.310 ;        ;
; iSelect[1] ; oDisplay6[5] ;        ; 10.380 ; 11.381 ;        ;
; iSelect[1] ; oDisplay6[6] ;        ; 8.126  ; 8.491  ;        ;
; iSelect[2] ; oDisplay1[0] ; 8.567  ;        ;        ; 8.557  ;
; iSelect[2] ; oDisplay1[1] ; 8.665  ;        ;        ; 8.642  ;
; iSelect[2] ; oDisplay1[2] ; 8.505  ;        ;        ; 8.552  ;
; iSelect[2] ; oDisplay1[3] ; 8.697  ;        ;        ; 8.699  ;
; iSelect[2] ; oDisplay1[4] ; 8.475  ;        ;        ; 8.528  ;
; iSelect[2] ; oDisplay1[5] ; 8.658  ;        ;        ; 8.666  ;
; iSelect[2] ; oDisplay1[6] ; 8.534  ;        ;        ; 8.591  ;
; iSelect[2] ; oDisplay2[0] ; 8.354  ;        ;        ; 8.406  ;
; iSelect[2] ; oDisplay2[1] ; 8.023  ;        ;        ; 8.133  ;
; iSelect[2] ; oDisplay2[2] ; 8.317  ;        ;        ; 8.374  ;
; iSelect[2] ; oDisplay2[3] ; 8.353  ;        ;        ; 8.406  ;
; iSelect[2] ; oDisplay2[4] ; 8.253  ;        ;        ; 8.373  ;
; iSelect[2] ; oDisplay2[5] ; 8.413  ;        ;        ; 8.566  ;
; iSelect[2] ; oDisplay2[6] ; 8.412  ;        ;        ; 8.599  ;
; iSelect[2] ; oDisplay3[0] ; 8.890  ;        ;        ; 8.868  ;
; iSelect[2] ; oDisplay3[1] ; 8.957  ;        ;        ; 8.928  ;
; iSelect[2] ; oDisplay3[2] ; 8.887  ;        ;        ; 8.834  ;
; iSelect[2] ; oDisplay3[3] ; 8.318  ;        ;        ; 8.354  ;
; iSelect[2] ; oDisplay3[4] ; 8.836  ;        ;        ; 8.813  ;
; iSelect[2] ; oDisplay3[5] ; 8.465  ;        ;        ; 8.466  ;
; iSelect[2] ; oDisplay3[6] ; 8.105  ;        ;        ; 8.199  ;
; iSelect[2] ; oDisplay4[0] ;        ; 7.851  ; 8.136  ;        ;
; iSelect[2] ; oDisplay4[1] ;        ; 8.214  ; 8.631  ;        ;
; iSelect[2] ; oDisplay4[2] ;        ; 7.852  ; 8.145  ;        ;
; iSelect[2] ; oDisplay4[3] ;        ; 8.197  ; 8.596  ;        ;
; iSelect[2] ; oDisplay4[4] ;        ; 8.417  ; 8.894  ;        ;
; iSelect[2] ; oDisplay4[5] ;        ; 8.495  ; 8.981  ;        ;
; iSelect[2] ; oDisplay4[6] ;        ; 8.495  ; 8.972  ;        ;
; iSelect[2] ; oDisplay5[0] ;        ; 8.555  ; 9.015  ;        ;
; iSelect[2] ; oDisplay5[1] ;        ; 8.265  ; 8.649  ;        ;
; iSelect[2] ; oDisplay5[2] ;        ; 8.084  ; 8.378  ;        ;
; iSelect[2] ; oDisplay5[3] ;        ; 8.397  ; 8.843  ;        ;
; iSelect[2] ; oDisplay5[4] ;        ; 8.208  ; 8.506  ;        ;
; iSelect[2] ; oDisplay5[5] ;        ; 8.136  ; 8.516  ;        ;
; iSelect[2] ; oDisplay5[6] ;        ; 8.217  ; 8.556  ;        ;
; iSelect[2] ; oDisplay6[0] ;        ; 8.358  ; 8.746  ;        ;
; iSelect[2] ; oDisplay6[1] ;        ; 8.336  ; 8.724  ;        ;
; iSelect[2] ; oDisplay6[2] ;        ; 8.560  ; 8.975  ;        ;
; iSelect[2] ; oDisplay6[3] ;        ; 8.444  ; 8.797  ;        ;
; iSelect[2] ; oDisplay6[4] ;        ; 10.638 ; 11.640 ;        ;
; iSelect[2] ; oDisplay6[5] ;        ; 10.699 ; 11.711 ;        ;
; iSelect[2] ; oDisplay6[6] ;        ; 8.445  ; 8.821  ;        ;
+------------+--------------+--------+--------+--------+--------+


+------------------------------------------------------------+
; Minimum Propagation Delay                                  ;
+------------+--------------+-------+-------+--------+-------+
; Input Port ; Output Port  ; RR    ; RF    ; FR     ; FF    ;
+------------+--------------+-------+-------+--------+-------+
; iSelect[0] ; oDisplay1[0] ;       ; 7.090 ; 7.365  ;       ;
; iSelect[0] ; oDisplay1[1] ;       ; 7.171 ; 7.458  ;       ;
; iSelect[0] ; oDisplay1[2] ;       ; 7.108 ; 7.357  ;       ;
; iSelect[0] ; oDisplay1[3] ;       ; 7.228 ; 7.497  ;       ;
; iSelect[0] ; oDisplay1[4] ;       ; 7.084 ; 7.326  ;       ;
; iSelect[0] ; oDisplay1[5] ;       ; 7.195 ; 7.458  ;       ;
; iSelect[0] ; oDisplay1[6] ;       ; 7.146 ; 7.381  ;       ;
; iSelect[0] ; oDisplay2[0] ; 7.115 ;       ;        ; 7.129 ;
; iSelect[0] ; oDisplay2[1] ; 6.856 ;       ;        ; 6.894 ;
; iSelect[0] ; oDisplay2[2] ; 7.079 ;       ;        ; 7.098 ;
; iSelect[0] ; oDisplay2[3] ; 7.114 ;       ;        ; 7.129 ;
; iSelect[0] ; oDisplay2[4] ; 7.041 ;       ;        ; 7.103 ;
; iSelect[0] ; oDisplay2[5] ; 7.176 ;       ;        ; 7.276 ;
; iSelect[0] ; oDisplay2[6] ; 7.194 ;       ;        ; 7.318 ;
; iSelect[0] ; oDisplay3[0] ;       ; 7.358 ; 7.647  ;       ;
; iSelect[0] ; oDisplay3[1] ;       ; 7.419 ; 7.715  ;       ;
; iSelect[0] ; oDisplay3[2] ;       ; 7.332 ; 7.648  ;       ;
; iSelect[0] ; oDisplay3[3] ;       ; 6.894 ; 7.157  ;       ;
; iSelect[0] ; oDisplay3[4] ;       ; 7.304 ; 7.593  ;       ;
; iSelect[0] ; oDisplay3[5] ;       ; 7.000 ; 7.292  ;       ;
; iSelect[0] ; oDisplay3[6] ;       ; 6.782 ; 7.029  ;       ;
; iSelect[0] ; oDisplay4[0] ; 6.742 ;       ;        ; 6.789 ;
; iSelect[0] ; oDisplay4[1] ; 7.102 ;       ;        ; 7.085 ;
; iSelect[0] ; oDisplay4[2] ; 6.751 ;       ;        ; 6.790 ;
; iSelect[0] ; oDisplay4[3] ; 7.072 ;       ;        ; 7.072 ;
; iSelect[0] ; oDisplay4[4] ; 7.297 ;       ;        ; 7.257 ;
; iSelect[0] ; oDisplay4[5] ; 7.379 ;       ;        ; 7.329 ;
; iSelect[0] ; oDisplay4[6] ; 7.369 ;       ;        ; 7.329 ;
; iSelect[0] ; oDisplay5[0] ;       ; 7.240 ; 7.531  ;       ;
; iSelect[0] ; oDisplay5[1] ;       ; 6.985 ; 7.242  ;       ;
; iSelect[0] ; oDisplay5[2] ;       ; 6.843 ; 7.047  ;       ;
; iSelect[0] ; oDisplay5[3] ;       ; 7.082 ; 7.359  ;       ;
; iSelect[0] ; oDisplay5[4] ;       ; 6.958 ; 7.165  ;       ;
; iSelect[0] ; oDisplay5[5] ;       ; 6.880 ; 7.146  ;       ;
; iSelect[0] ; oDisplay5[6] ;       ; 6.967 ; 7.209  ;       ;
; iSelect[0] ; oDisplay6[0] ; 7.225 ;       ;        ; 7.230 ;
; iSelect[0] ; oDisplay6[1] ; 7.204 ;       ;        ; 7.209 ;
; iSelect[0] ; oDisplay6[2] ; 7.405 ;       ;        ; 7.404 ;
; iSelect[0] ; oDisplay6[3] ; 7.280 ;       ;        ; 7.312 ;
; iSelect[0] ; oDisplay6[4] ; 9.692 ;       ;        ; 9.272 ;
; iSelect[0] ; oDisplay6[5] ; 9.770 ;       ;        ; 9.337 ;
; iSelect[0] ; oDisplay6[6] ; 7.308 ;       ;        ; 7.316 ;
; iSelect[1] ; oDisplay1[0] ; 7.449 ;       ;        ; 7.437 ;
; iSelect[1] ; oDisplay1[1] ; 7.542 ;       ;        ; 7.518 ;
; iSelect[1] ; oDisplay1[2] ; 7.441 ;       ;        ; 7.455 ;
; iSelect[1] ; oDisplay1[3] ; 7.581 ;       ;        ; 7.575 ;
; iSelect[1] ; oDisplay1[4] ; 7.410 ;       ;        ; 7.431 ;
; iSelect[1] ; oDisplay1[5] ; 7.542 ;       ;        ; 7.542 ;
; iSelect[1] ; oDisplay1[6] ; 7.465 ;       ;        ; 7.493 ;
; iSelect[1] ; oDisplay2[0] ;       ; 7.103 ; 7.375  ;       ;
; iSelect[1] ; oDisplay2[1] ;       ; 6.868 ; 7.116  ;       ;
; iSelect[1] ; oDisplay2[2] ;       ; 7.072 ; 7.339  ;       ;
; iSelect[1] ; oDisplay2[3] ;       ; 7.103 ; 7.374  ;       ;
; iSelect[1] ; oDisplay2[4] ;       ; 7.077 ; 7.301  ;       ;
; iSelect[1] ; oDisplay2[5] ;       ; 7.250 ; 7.436  ;       ;
; iSelect[1] ; oDisplay2[6] ;       ; 7.292 ; 7.454  ;       ;
; iSelect[1] ; oDisplay3[0] ;       ; 7.562 ; 7.876  ;       ;
; iSelect[1] ; oDisplay3[1] ;       ; 7.623 ; 7.944  ;       ;
; iSelect[1] ; oDisplay3[2] ;       ; 7.536 ; 7.877  ;       ;
; iSelect[1] ; oDisplay3[3] ;       ; 7.098 ; 7.386  ;       ;
; iSelect[1] ; oDisplay3[4] ;       ; 7.508 ; 7.822  ;       ;
; iSelect[1] ; oDisplay3[5] ;       ; 7.204 ; 7.521  ;       ;
; iSelect[1] ; oDisplay3[6] ;       ; 6.986 ; 7.258  ;       ;
; iSelect[1] ; oDisplay4[0] ; 6.946 ;       ;        ; 6.992 ;
; iSelect[1] ; oDisplay4[1] ; 7.306 ;       ;        ; 7.288 ;
; iSelect[1] ; oDisplay4[2] ; 6.955 ;       ;        ; 6.993 ;
; iSelect[1] ; oDisplay4[3] ; 7.276 ;       ;        ; 7.275 ;
; iSelect[1] ; oDisplay4[4] ; 7.501 ;       ;        ; 7.460 ;
; iSelect[1] ; oDisplay4[5] ; 7.583 ;       ;        ; 7.532 ;
; iSelect[1] ; oDisplay4[6] ; 7.573 ;       ;        ; 7.532 ;
; iSelect[1] ; oDisplay5[0] ; 7.622 ;       ;        ; 7.593 ;
; iSelect[1] ; oDisplay5[1] ; 7.333 ;       ;        ; 7.338 ;
; iSelect[1] ; oDisplay5[2] ; 7.138 ;       ;        ; 7.196 ;
; iSelect[1] ; oDisplay5[3] ; 7.450 ;       ;        ; 7.435 ;
; iSelect[1] ; oDisplay5[4] ; 7.256 ;       ;        ; 7.311 ;
; iSelect[1] ; oDisplay5[5] ; 7.237 ;       ;        ; 7.233 ;
; iSelect[1] ; oDisplay5[6] ; 7.300 ;       ;        ; 7.320 ;
; iSelect[1] ; oDisplay6[0] ;       ; 7.288 ; 7.572  ;       ;
; iSelect[1] ; oDisplay6[1] ;       ; 7.267 ; 7.551  ;       ;
; iSelect[1] ; oDisplay6[2] ;       ; 7.462 ; 7.752  ;       ;
; iSelect[1] ; oDisplay6[3] ;       ; 7.370 ; 7.627  ;       ;
; iSelect[1] ; oDisplay6[4] ;       ; 9.330 ; 10.039 ;       ;
; iSelect[1] ; oDisplay6[5] ;       ; 9.395 ; 10.117 ;       ;
; iSelect[1] ; oDisplay6[6] ;       ; 7.374 ; 7.655  ;       ;
; iSelect[2] ; oDisplay1[0] ; 7.726 ;       ;        ; 7.720 ;
; iSelect[2] ; oDisplay1[1] ; 7.819 ;       ;        ; 7.801 ;
; iSelect[2] ; oDisplay1[2] ; 7.718 ;       ;        ; 7.738 ;
; iSelect[2] ; oDisplay1[3] ; 7.858 ;       ;        ; 7.858 ;
; iSelect[2] ; oDisplay1[4] ; 7.687 ;       ;        ; 7.714 ;
; iSelect[2] ; oDisplay1[5] ; 7.819 ;       ;        ; 7.825 ;
; iSelect[2] ; oDisplay1[6] ; 7.742 ;       ;        ; 7.776 ;
; iSelect[2] ; oDisplay2[0] ; 7.592 ;       ;        ; 7.610 ;
; iSelect[2] ; oDisplay2[1] ; 7.333 ;       ;        ; 7.375 ;
; iSelect[2] ; oDisplay2[2] ; 7.556 ;       ;        ; 7.579 ;
; iSelect[2] ; oDisplay2[3] ; 7.591 ;       ;        ; 7.610 ;
; iSelect[2] ; oDisplay2[4] ; 7.518 ;       ;        ; 7.584 ;
; iSelect[2] ; oDisplay2[5] ; 7.653 ;       ;        ; 7.757 ;
; iSelect[2] ; oDisplay2[6] ; 7.671 ;       ;        ; 7.799 ;
; iSelect[2] ; oDisplay3[0] ; 8.032 ;       ;        ; 8.013 ;
; iSelect[2] ; oDisplay3[1] ; 8.100 ;       ;        ; 8.074 ;
; iSelect[2] ; oDisplay3[2] ; 8.033 ;       ;        ; 7.987 ;
; iSelect[2] ; oDisplay3[3] ; 7.542 ;       ;        ; 7.549 ;
; iSelect[2] ; oDisplay3[4] ; 7.978 ;       ;        ; 7.959 ;
; iSelect[2] ; oDisplay3[5] ; 7.677 ;       ;        ; 7.655 ;
; iSelect[2] ; oDisplay3[6] ; 7.414 ;       ;        ; 7.437 ;
; iSelect[2] ; oDisplay4[0] ;       ; 7.143 ; 7.386  ;       ;
; iSelect[2] ; oDisplay4[1] ;       ; 7.439 ; 7.746  ;       ;
; iSelect[2] ; oDisplay4[2] ;       ; 7.144 ; 7.395  ;       ;
; iSelect[2] ; oDisplay4[3] ;       ; 7.426 ; 7.716  ;       ;
; iSelect[2] ; oDisplay4[4] ;       ; 7.611 ; 7.941  ;       ;
; iSelect[2] ; oDisplay4[5] ;       ; 7.683 ; 8.023  ;       ;
; iSelect[2] ; oDisplay4[6] ;       ; 7.683 ; 8.013  ;       ;
; iSelect[2] ; oDisplay5[0] ;       ; 7.742 ; 8.060  ;       ;
; iSelect[2] ; oDisplay5[1] ;       ; 7.487 ; 7.771  ;       ;
; iSelect[2] ; oDisplay5[2] ;       ; 7.345 ; 7.576  ;       ;
; iSelect[2] ; oDisplay5[3] ;       ; 7.584 ; 7.888  ;       ;
; iSelect[2] ; oDisplay5[4] ;       ; 7.460 ; 7.694  ;       ;
; iSelect[2] ; oDisplay5[5] ;       ; 7.382 ; 7.675  ;       ;
; iSelect[2] ; oDisplay5[6] ;       ; 7.469 ; 7.738  ;       ;
; iSelect[2] ; oDisplay6[0] ;       ; 7.584 ; 7.869  ;       ;
; iSelect[2] ; oDisplay6[1] ;       ; 7.563 ; 7.848  ;       ;
; iSelect[2] ; oDisplay6[2] ;       ; 7.758 ; 8.049  ;       ;
; iSelect[2] ; oDisplay6[3] ;       ; 7.666 ; 7.924  ;       ;
; iSelect[2] ; oDisplay6[4] ;       ; 9.626 ; 10.336 ;       ;
; iSelect[2] ; oDisplay6[5] ;       ; 9.691 ; 10.414 ;       ;
; iSelect[2] ; oDisplay6[6] ;       ; 7.670 ; 7.952  ;       ;
+------------+--------------+-------+-------+--------+-------+


----------------------------------------------
; Slow 1100mV 85C Model Metastability Report ;
----------------------------------------------
No synchronizer chains to report.


-------------------------------------
; Slow 1100mV 0C Model Fmax Summary ;
-------------------------------------
No paths to report.


--------------------------------------
; Slow 1100mV 0C Model Setup Summary ;
--------------------------------------
No paths to report.


-------------------------------------
; Slow 1100mV 0C Model Hold Summary ;
-------------------------------------
No paths to report.


-----------------------------------------
; Slow 1100mV 0C Model Recovery Summary ;
-----------------------------------------
No paths to report.


----------------------------------------
; Slow 1100mV 0C Model Removal Summary ;
----------------------------------------
No paths to report.


----------------------------------------------------
; Slow 1100mV 0C Model Minimum Pulse Width Summary ;
----------------------------------------------------
No paths to report.


+---------------------------------------------------------------+
; Propagation Delay                                             ;
+------------+--------------+--------+--------+--------+--------+
; Input Port ; Output Port  ; RR     ; RF     ; FR     ; FF     ;
+------------+--------------+--------+--------+--------+--------+
; iSelect[0] ; oDisplay1[0] ;        ; 7.601  ; 8.070  ;        ;
; iSelect[0] ; oDisplay1[1] ;        ; 7.691  ; 8.169  ;        ;
; iSelect[0] ; oDisplay1[2] ;        ; 7.586  ; 8.007  ;        ;
; iSelect[0] ; oDisplay1[3] ;        ; 7.719  ; 8.190  ;        ;
; iSelect[0] ; oDisplay1[4] ;        ; 7.560  ; 7.973  ;        ;
; iSelect[0] ; oDisplay1[5] ;        ; 7.682  ; 8.148  ;        ;
; iSelect[0] ; oDisplay1[6] ;        ; 7.595  ; 8.017  ;        ;
; iSelect[0] ; oDisplay2[0] ; 7.629  ;        ;        ; 7.665  ;
; iSelect[0] ; oDisplay2[1] ; 7.305  ;        ;        ; 7.419  ;
; iSelect[0] ; oDisplay2[2] ; 7.589  ;        ;        ; 7.632  ;
; iSelect[0] ; oDisplay2[3] ; 7.628  ;        ;        ; 7.666  ;
; iSelect[0] ; oDisplay2[4] ; 7.541  ;        ;        ; 7.652  ;
; iSelect[0] ; oDisplay2[5] ; 7.688  ;        ;        ; 7.819  ;
; iSelect[0] ; oDisplay2[6] ; 7.692  ;        ;        ; 7.849  ;
; iSelect[0] ; oDisplay3[0] ;        ; 7.864  ; 8.313  ;        ;
; iSelect[0] ; oDisplay3[1] ;        ; 7.903  ; 8.383  ;        ;
; iSelect[0] ; oDisplay3[2] ;        ; 7.811  ; 8.315  ;        ;
; iSelect[0] ; oDisplay3[3] ;        ; 7.373  ; 7.747  ;        ;
; iSelect[0] ; oDisplay3[4] ;        ; 7.805  ; 8.257  ;        ;
; iSelect[0] ; oDisplay3[5] ;        ; 7.492  ; 7.912  ;        ;
; iSelect[0] ; oDisplay3[6] ;        ; 7.230  ; 7.553  ;        ;
; iSelect[0] ; oDisplay4[0] ; 7.183  ;        ;        ; 7.327  ;
; iSelect[0] ; oDisplay4[1] ; 7.668  ;        ;        ; 7.678  ;
; iSelect[0] ; oDisplay4[2] ; 7.192  ;        ;        ; 7.334  ;
; iSelect[0] ; oDisplay4[3] ; 7.630  ;        ;        ; 7.652  ;
; iSelect[0] ; oDisplay4[4] ; 7.942  ;        ;        ; 7.878  ;
; iSelect[0] ; oDisplay4[5] ; 8.026  ;        ;        ; 7.956  ;
; iSelect[0] ; oDisplay4[6] ; 8.017  ;        ;        ; 7.951  ;
; iSelect[0] ; oDisplay5[0] ;        ; 7.759  ; 8.279  ;        ;
; iSelect[0] ; oDisplay5[1] ;        ; 7.493  ; 7.905  ;        ;
; iSelect[0] ; oDisplay5[2] ;        ; 7.294  ; 7.627  ;        ;
; iSelect[0] ; oDisplay5[3] ;        ; 7.615  ; 8.101  ;        ;
; iSelect[0] ; oDisplay5[4] ;        ; 7.417  ; 7.728  ;        ;
; iSelect[0] ; oDisplay5[5] ;        ; 7.360  ; 7.741  ;        ;
; iSelect[0] ; oDisplay5[6] ;        ; 7.430  ; 7.782  ;        ;
; iSelect[0] ; oDisplay6[0] ; 7.784  ;        ;        ; 7.785  ;
; iSelect[0] ; oDisplay6[1] ; 7.762  ;        ;        ; 7.758  ;
; iSelect[0] ; oDisplay6[2] ; 8.010  ;        ;        ; 7.966  ;
; iSelect[0] ; oDisplay6[3] ; 7.835  ;        ;        ; 7.863  ;
; iSelect[0] ; oDisplay6[4] ; 10.747 ;        ;        ; 10.045 ;
; iSelect[0] ; oDisplay6[5] ; 10.816 ;        ;        ; 10.105 ;
; iSelect[0] ; oDisplay6[6] ; 7.865  ;        ;        ; 7.876  ;
; iSelect[1] ; oDisplay1[0] ; 8.162  ;        ;        ; 8.124  ;
; iSelect[1] ; oDisplay1[1] ; 8.261  ;        ;        ; 8.214  ;
; iSelect[1] ; oDisplay1[2] ; 8.099  ;        ;        ; 8.109  ;
; iSelect[1] ; oDisplay1[3] ; 8.282  ;        ;        ; 8.242  ;
; iSelect[1] ; oDisplay1[4] ; 8.065  ;        ;        ; 8.083  ;
; iSelect[1] ; oDisplay1[5] ; 8.240  ;        ;        ; 8.205  ;
; iSelect[1] ; oDisplay1[6] ; 8.109  ;        ;        ; 8.118  ;
; iSelect[1] ; oDisplay2[0] ;        ; 7.601  ; 8.090  ;        ;
; iSelect[1] ; oDisplay2[1] ;        ; 7.355  ; 7.766  ;        ;
; iSelect[1] ; oDisplay2[2] ;        ; 7.568  ; 8.050  ;        ;
; iSelect[1] ; oDisplay2[3] ;        ; 7.602  ; 8.089  ;        ;
; iSelect[1] ; oDisplay2[4] ;        ; 7.588  ; 8.002  ;        ;
; iSelect[1] ; oDisplay2[5] ;        ; 7.755  ; 8.149  ;        ;
; iSelect[1] ; oDisplay2[6] ;        ; 7.785  ; 8.153  ;        ;
; iSelect[1] ; oDisplay3[0] ;        ; 8.177  ; 8.613  ;        ;
; iSelect[1] ; oDisplay3[1] ;        ; 8.216  ; 8.683  ;        ;
; iSelect[1] ; oDisplay3[2] ;        ; 8.124  ; 8.615  ;        ;
; iSelect[1] ; oDisplay3[3] ;        ; 7.686  ; 8.047  ;        ;
; iSelect[1] ; oDisplay3[4] ;        ; 8.118  ; 8.557  ;        ;
; iSelect[1] ; oDisplay3[5] ;        ; 7.805  ; 8.212  ;        ;
; iSelect[1] ; oDisplay3[6] ;        ; 7.543  ; 7.853  ;        ;
; iSelect[1] ; oDisplay4[0] ; 7.474  ;        ;        ; 7.630  ;
; iSelect[1] ; oDisplay4[1] ; 7.959  ;        ;        ; 7.981  ;
; iSelect[1] ; oDisplay4[2] ; 7.483  ;        ;        ; 7.637  ;
; iSelect[1] ; oDisplay4[3] ; 7.921  ;        ;        ; 7.955  ;
; iSelect[1] ; oDisplay4[4] ; 8.233  ;        ;        ; 8.181  ;
; iSelect[1] ; oDisplay4[5] ; 8.317  ;        ;        ; 8.259  ;
; iSelect[1] ; oDisplay4[6] ; 8.308  ;        ;        ; 8.254  ;
; iSelect[1] ; oDisplay5[0] ; 8.381  ;        ;        ; 8.290  ;
; iSelect[1] ; oDisplay5[1] ; 8.007  ;        ;        ; 8.024  ;
; iSelect[1] ; oDisplay5[2] ; 7.729  ;        ;        ; 7.825  ;
; iSelect[1] ; oDisplay5[3] ; 8.203  ;        ;        ; 8.146  ;
; iSelect[1] ; oDisplay5[4] ; 7.830  ;        ;        ; 7.948  ;
; iSelect[1] ; oDisplay5[5] ; 7.843  ;        ;        ; 7.891  ;
; iSelect[1] ; oDisplay5[6] ; 7.884  ;        ;        ; 7.961  ;
; iSelect[1] ; oDisplay6[0] ;        ; 7.875  ; 8.279  ;        ;
; iSelect[1] ; oDisplay6[1] ;        ; 7.848  ; 8.257  ;        ;
; iSelect[1] ; oDisplay6[2] ;        ; 8.056  ; 8.505  ;        ;
; iSelect[1] ; oDisplay6[3] ;        ; 7.953  ; 8.330  ;        ;
; iSelect[1] ; oDisplay6[4] ;        ; 10.135 ; 11.242 ;        ;
; iSelect[1] ; oDisplay6[5] ;        ; 10.195 ; 11.311 ;        ;
; iSelect[1] ; oDisplay6[6] ;        ; 7.966  ; 8.360  ;        ;
; iSelect[2] ; oDisplay1[0] ; 8.485  ;        ;        ; 8.453  ;
; iSelect[2] ; oDisplay1[1] ; 8.584  ;        ;        ; 8.543  ;
; iSelect[2] ; oDisplay1[2] ; 8.422  ;        ;        ; 8.438  ;
; iSelect[2] ; oDisplay1[3] ; 8.605  ;        ;        ; 8.571  ;
; iSelect[2] ; oDisplay1[4] ; 8.388  ;        ;        ; 8.412  ;
; iSelect[2] ; oDisplay1[5] ; 8.563  ;        ;        ; 8.534  ;
; iSelect[2] ; oDisplay1[6] ; 8.432  ;        ;        ; 8.447  ;
; iSelect[2] ; oDisplay2[0] ; 8.241  ;        ;        ; 8.288  ;
; iSelect[2] ; oDisplay2[1] ; 7.917  ;        ;        ; 8.042  ;
; iSelect[2] ; oDisplay2[2] ; 8.201  ;        ;        ; 8.255  ;
; iSelect[2] ; oDisplay2[3] ; 8.240  ;        ;        ; 8.289  ;
; iSelect[2] ; oDisplay2[4] ; 8.153  ;        ;        ; 8.275  ;
; iSelect[2] ; oDisplay2[5] ; 8.300  ;        ;        ; 8.442  ;
; iSelect[2] ; oDisplay2[6] ; 8.304  ;        ;        ; 8.472  ;
; iSelect[2] ; oDisplay3[0] ; 8.764  ;        ;        ; 8.748  ;
; iSelect[2] ; oDisplay3[1] ; 8.834  ;        ;        ; 8.787  ;
; iSelect[2] ; oDisplay3[2] ; 8.766  ;        ;        ; 8.695  ;
; iSelect[2] ; oDisplay3[3] ; 8.198  ;        ;        ; 8.257  ;
; iSelect[2] ; oDisplay3[4] ; 8.708  ;        ;        ; 8.689  ;
; iSelect[2] ; oDisplay3[5] ; 8.363  ;        ;        ; 8.376  ;
; iSelect[2] ; oDisplay3[6] ; 8.004  ;        ;        ; 8.114  ;
; iSelect[2] ; oDisplay4[0] ;        ; 7.779  ; 8.041  ;        ;
; iSelect[2] ; oDisplay4[1] ;        ; 8.130  ; 8.526  ;        ;
; iSelect[2] ; oDisplay4[2] ;        ; 7.786  ; 8.050  ;        ;
; iSelect[2] ; oDisplay4[3] ;        ; 8.104  ; 8.488  ;        ;
; iSelect[2] ; oDisplay4[4] ;        ; 8.330  ; 8.800  ;        ;
; iSelect[2] ; oDisplay4[5] ;        ; 8.408  ; 8.884  ;        ;
; iSelect[2] ; oDisplay4[6] ;        ; 8.403  ; 8.875  ;        ;
; iSelect[2] ; oDisplay5[0] ;        ; 8.436  ; 8.946  ;        ;
; iSelect[2] ; oDisplay5[1] ;        ; 8.170  ; 8.572  ;        ;
; iSelect[2] ; oDisplay5[2] ;        ; 7.971  ; 8.294  ;        ;
; iSelect[2] ; oDisplay5[3] ;        ; 8.292  ; 8.768  ;        ;
; iSelect[2] ; oDisplay5[4] ;        ; 8.094  ; 8.395  ;        ;
; iSelect[2] ; oDisplay5[5] ;        ; 8.037  ; 8.408  ;        ;
; iSelect[2] ; oDisplay5[6] ;        ; 8.107  ; 8.449  ;        ;
; iSelect[2] ; oDisplay6[0] ;        ; 8.237  ; 8.644  ;        ;
; iSelect[2] ; oDisplay6[1] ;        ; 8.210  ; 8.622  ;        ;
; iSelect[2] ; oDisplay6[2] ;        ; 8.418  ; 8.870  ;        ;
; iSelect[2] ; oDisplay6[3] ;        ; 8.315  ; 8.695  ;        ;
; iSelect[2] ; oDisplay6[4] ;        ; 10.497 ; 11.607 ;        ;
; iSelect[2] ; oDisplay6[5] ;        ; 10.557 ; 11.676 ;        ;
; iSelect[2] ; oDisplay6[6] ;        ; 8.328  ; 8.725  ;        ;
+------------+--------------+--------+--------+--------+--------+


+------------------------------------------------------------+
; Minimum Propagation Delay                                  ;
+------------+--------------+-------+-------+--------+-------+
; Input Port ; Output Port  ; RR    ; RF    ; FR     ; FF    ;
+------------+--------------+-------+-------+--------+-------+
; iSelect[0] ; oDisplay1[0] ;       ; 6.921 ; 7.248  ;       ;
; iSelect[0] ; oDisplay1[1] ;       ; 7.006 ; 7.342  ;       ;
; iSelect[0] ; oDisplay1[2] ;       ; 6.930 ; 7.242  ;       ;
; iSelect[0] ; oDisplay1[3] ;       ; 7.034 ; 7.378  ;       ;
; iSelect[0] ; oDisplay1[4] ;       ; 6.903 ; 7.208  ;       ;
; iSelect[0] ; oDisplay1[5] ;       ; 6.998 ; 7.336  ;       ;
; iSelect[0] ; oDisplay1[6] ;       ; 6.935 ; 7.252  ;       ;
; iSelect[0] ; oDisplay2[0] ; 6.955 ;       ;        ; 6.958 ;
; iSelect[0] ; oDisplay2[1] ; 6.694 ;       ;        ; 6.748 ;
; iSelect[0] ; oDisplay2[2] ; 6.915 ;       ;        ; 6.924 ;
; iSelect[0] ; oDisplay2[3] ; 6.953 ;       ;        ; 6.957 ;
; iSelect[0] ; oDisplay2[4] ; 6.888 ;       ;        ; 6.949 ;
; iSelect[0] ; oDisplay2[5] ; 7.012 ;       ;        ; 7.096 ;
; iSelect[0] ; oDisplay2[6] ; 7.035 ;       ;        ; 7.136 ;
; iSelect[0] ; oDisplay3[0] ;       ; 7.164 ; 7.491  ;       ;
; iSelect[0] ; oDisplay3[1] ;       ; 7.204 ; 7.561  ;       ;
; iSelect[0] ; oDisplay3[2] ;       ; 7.118 ; 7.496  ;       ;
; iSelect[0] ; oDisplay3[3] ;       ; 6.724 ; 7.002  ;       ;
; iSelect[0] ; oDisplay3[4] ;       ; 7.106 ; 7.436  ;       ;
; iSelect[0] ; oDisplay3[5] ;       ; 6.839 ; 7.150  ;       ;
; iSelect[0] ; oDisplay3[6] ;       ; 6.624 ; 6.883  ;       ;
; iSelect[0] ; oDisplay4[0] ; 6.582 ;       ;        ; 6.664 ;
; iSelect[0] ; oDisplay4[1] ; 6.942 ;       ;        ; 6.947 ;
; iSelect[0] ; oDisplay4[2] ; 6.591 ;       ;        ; 6.671 ;
; iSelect[0] ; oDisplay4[3] ; 6.909 ;       ;        ; 6.925 ;
; iSelect[0] ; oDisplay4[4] ; 7.148 ;       ;        ; 7.118 ;
; iSelect[0] ; oDisplay4[5] ; 7.227 ;       ;        ; 7.192 ;
; iSelect[0] ; oDisplay4[6] ; 7.218 ;       ;        ; 7.186 ;
; iSelect[0] ; oDisplay5[0] ;       ; 7.058 ; 7.418  ;       ;
; iSelect[0] ; oDisplay5[1] ;       ; 6.825 ; 7.120  ;       ;
; iSelect[0] ; oDisplay5[2] ;       ; 6.667 ; 6.919  ;       ;
; iSelect[0] ; oDisplay5[3] ;       ; 6.915 ; 7.240  ;       ;
; iSelect[0] ; oDisplay5[4] ;       ; 6.780 ; 7.012  ;       ;
; iSelect[0] ; oDisplay5[5] ;       ; 6.715 ; 6.998  ;       ;
; iSelect[0] ; oDisplay5[6] ;       ; 6.792 ; 7.060  ;       ;
; iSelect[0] ; oDisplay6[0] ; 7.068 ;       ;        ; 7.054 ;
; iSelect[0] ; oDisplay6[1] ; 7.046 ;       ;        ; 7.028 ;
; iSelect[0] ; oDisplay6[2] ; 7.250 ;       ;        ; 7.207 ;
; iSelect[0] ; oDisplay6[3] ; 7.124 ;       ;        ; 7.129 ;
; iSelect[0] ; oDisplay6[4] ; 9.591 ;       ;        ; 9.080 ;
; iSelect[0] ; oDisplay6[5] ; 9.667 ;       ;        ; 9.144 ;
; iSelect[0] ; oDisplay6[6] ; 7.156 ;       ;        ; 7.146 ;
; iSelect[1] ; oDisplay1[0] ; 7.338 ;       ;        ; 7.299 ;
; iSelect[1] ; oDisplay1[1] ; 7.432 ;       ;        ; 7.384 ;
; iSelect[1] ; oDisplay1[2] ; 7.332 ;       ;        ; 7.308 ;
; iSelect[1] ; oDisplay1[3] ; 7.468 ;       ;        ; 7.412 ;
; iSelect[1] ; oDisplay1[4] ; 7.298 ;       ;        ; 7.281 ;
; iSelect[1] ; oDisplay1[5] ; 7.426 ;       ;        ; 7.376 ;
; iSelect[1] ; oDisplay1[6] ; 7.342 ;       ;        ; 7.313 ;
; iSelect[1] ; oDisplay2[0] ;       ; 6.916 ; 7.240  ;       ;
; iSelect[1] ; oDisplay2[1] ;       ; 6.706 ; 6.979  ;       ;
; iSelect[1] ; oDisplay2[2] ;       ; 6.882 ; 7.200  ;       ;
; iSelect[1] ; oDisplay2[3] ;       ; 6.915 ; 7.238  ;       ;
; iSelect[1] ; oDisplay2[4] ;       ; 6.907 ; 7.173  ;       ;
; iSelect[1] ; oDisplay2[5] ;       ; 7.054 ; 7.297  ;       ;
; iSelect[1] ; oDisplay2[6] ;       ; 7.094 ; 7.320  ;       ;
; iSelect[1] ; oDisplay3[0] ;       ; 7.388 ; 7.742  ;       ;
; iSelect[1] ; oDisplay3[1] ;       ; 7.428 ; 7.812  ;       ;
; iSelect[1] ; oDisplay3[2] ;       ; 7.342 ; 7.747  ;       ;
; iSelect[1] ; oDisplay3[3] ;       ; 6.948 ; 7.253  ;       ;
; iSelect[1] ; oDisplay3[4] ;       ; 7.330 ; 7.687  ;       ;
; iSelect[1] ; oDisplay3[5] ;       ; 7.063 ; 7.401  ;       ;
; iSelect[1] ; oDisplay3[6] ;       ; 6.848 ; 7.134  ;       ;
; iSelect[1] ; oDisplay4[0] ; 6.808 ;       ;        ; 6.888 ;
; iSelect[1] ; oDisplay4[1] ; 7.168 ;       ;        ; 7.171 ;
; iSelect[1] ; oDisplay4[2] ; 6.817 ;       ;        ; 6.895 ;
; iSelect[1] ; oDisplay4[3] ; 7.135 ;       ;        ; 7.149 ;
; iSelect[1] ; oDisplay4[4] ; 7.374 ;       ;        ; 7.342 ;
; iSelect[1] ; oDisplay4[5] ; 7.453 ;       ;        ; 7.416 ;
; iSelect[1] ; oDisplay4[6] ; 7.444 ;       ;        ; 7.410 ;
; iSelect[1] ; oDisplay5[0] ; 7.518 ;       ;        ; 7.443 ;
; iSelect[1] ; oDisplay5[1] ; 7.220 ;       ;        ; 7.210 ;
; iSelect[1] ; oDisplay5[2] ; 7.019 ;       ;        ; 7.052 ;
; iSelect[1] ; oDisplay5[3] ; 7.340 ;       ;        ; 7.300 ;
; iSelect[1] ; oDisplay5[4] ; 7.112 ;       ;        ; 7.165 ;
; iSelect[1] ; oDisplay5[5] ; 7.098 ;       ;        ; 7.100 ;
; iSelect[1] ; oDisplay5[6] ; 7.160 ;       ;        ; 7.177 ;
; iSelect[1] ; oDisplay6[0] ;       ; 7.122 ; 7.449  ;       ;
; iSelect[1] ; oDisplay6[1] ;       ; 7.096 ; 7.427  ;       ;
; iSelect[1] ; oDisplay6[2] ;       ; 7.275 ; 7.631  ;       ;
; iSelect[1] ; oDisplay6[3] ;       ; 7.197 ; 7.505  ;       ;
; iSelect[1] ; oDisplay6[4] ;       ; 9.148 ; 9.972  ;       ;
; iSelect[1] ; oDisplay6[5] ;       ; 9.212 ; 10.048 ;       ;
; iSelect[1] ; oDisplay6[6] ;       ; 7.214 ; 7.537  ;       ;
; iSelect[2] ; oDisplay1[0] ; 7.652 ;       ;        ; 7.610 ;
; iSelect[2] ; oDisplay1[1] ; 7.746 ;       ;        ; 7.695 ;
; iSelect[2] ; oDisplay1[2] ; 7.646 ;       ;        ; 7.619 ;
; iSelect[2] ; oDisplay1[3] ; 7.782 ;       ;        ; 7.723 ;
; iSelect[2] ; oDisplay1[4] ; 7.612 ;       ;        ; 7.592 ;
; iSelect[2] ; oDisplay1[5] ; 7.740 ;       ;        ; 7.687 ;
; iSelect[2] ; oDisplay1[6] ; 7.656 ;       ;        ; 7.624 ;
; iSelect[2] ; oDisplay2[0] ; 7.492 ;       ;        ; 7.485 ;
; iSelect[2] ; oDisplay2[1] ; 7.231 ;       ;        ; 7.275 ;
; iSelect[2] ; oDisplay2[2] ; 7.452 ;       ;        ; 7.451 ;
; iSelect[2] ; oDisplay2[3] ; 7.490 ;       ;        ; 7.484 ;
; iSelect[2] ; oDisplay2[4] ; 7.425 ;       ;        ; 7.476 ;
; iSelect[2] ; oDisplay2[5] ; 7.549 ;       ;        ; 7.623 ;
; iSelect[2] ; oDisplay2[6] ; 7.572 ;       ;        ; 7.663 ;
; iSelect[2] ; oDisplay3[0] ; 7.925 ;       ;        ; 7.881 ;
; iSelect[2] ; oDisplay3[1] ; 7.995 ;       ;        ; 7.921 ;
; iSelect[2] ; oDisplay3[2] ; 7.930 ;       ;        ; 7.835 ;
; iSelect[2] ; oDisplay3[3] ; 7.436 ;       ;        ; 7.441 ;
; iSelect[2] ; oDisplay3[4] ; 7.870 ;       ;        ; 7.823 ;
; iSelect[2] ; oDisplay3[5] ; 7.584 ;       ;        ; 7.556 ;
; iSelect[2] ; oDisplay3[6] ; 7.317 ;       ;        ; 7.341 ;
; iSelect[2] ; oDisplay4[0] ;       ; 7.066 ; 7.290  ;       ;
; iSelect[2] ; oDisplay4[1] ;       ; 7.349 ; 7.650  ;       ;
; iSelect[2] ; oDisplay4[2] ;       ; 7.073 ; 7.299  ;       ;
; iSelect[2] ; oDisplay4[3] ;       ; 7.327 ; 7.617  ;       ;
; iSelect[2] ; oDisplay4[4] ;       ; 7.520 ; 7.856  ;       ;
; iSelect[2] ; oDisplay4[5] ;       ; 7.594 ; 7.935  ;       ;
; iSelect[2] ; oDisplay4[6] ;       ; 7.588 ; 7.926  ;       ;
; iSelect[2] ; oDisplay5[0] ;       ; 7.619 ; 7.998  ;       ;
; iSelect[2] ; oDisplay5[1] ;       ; 7.386 ; 7.700  ;       ;
; iSelect[2] ; oDisplay5[2] ;       ; 7.228 ; 7.499  ;       ;
; iSelect[2] ; oDisplay5[3] ;       ; 7.476 ; 7.820  ;       ;
; iSelect[2] ; oDisplay5[4] ;       ; 7.341 ; 7.592  ;       ;
; iSelect[2] ; oDisplay5[5] ;       ; 7.276 ; 7.578  ;       ;
; iSelect[2] ; oDisplay5[6] ;       ; 7.353 ; 7.640  ;       ;
; iSelect[2] ; oDisplay6[0] ;       ; 7.456 ; 7.775  ;       ;
; iSelect[2] ; oDisplay6[1] ;       ; 7.430 ; 7.753  ;       ;
; iSelect[2] ; oDisplay6[2] ;       ; 7.609 ; 7.957  ;       ;
; iSelect[2] ; oDisplay6[3] ;       ; 7.531 ; 7.831  ;       ;
; iSelect[2] ; oDisplay6[4] ;       ; 9.482 ; 10.298 ;       ;
; iSelect[2] ; oDisplay6[5] ;       ; 9.546 ; 10.374 ;       ;
; iSelect[2] ; oDisplay6[6] ;       ; 7.548 ; 7.863  ;       ;
+------------+--------------+-------+-------+--------+-------+


---------------------------------------------
; Slow 1100mV 0C Model Metastability Report ;
---------------------------------------------
No synchronizer chains to report.


---------------------------------------
; Fast 1100mV 85C Model Setup Summary ;
---------------------------------------
No paths to report.


--------------------------------------
; Fast 1100mV 85C Model Hold Summary ;
--------------------------------------
No paths to report.


------------------------------------------
; Fast 1100mV 85C Model Recovery Summary ;
------------------------------------------
No paths to report.


-----------------------------------------
; Fast 1100mV 85C Model Removal Summary ;
-----------------------------------------
No paths to report.


-----------------------------------------------------
; Fast 1100mV 85C Model Minimum Pulse Width Summary ;
-----------------------------------------------------
No paths to report.


+-----------------------------------------------------------+
; Propagation Delay                                         ;
+------------+--------------+-------+-------+-------+-------+
; Input Port ; Output Port  ; RR    ; RF    ; FR    ; FF    ;
+------------+--------------+-------+-------+-------+-------+
; iSelect[0] ; oDisplay1[0] ;       ; 4.171 ; 4.949 ;       ;
; iSelect[0] ; oDisplay1[1] ;       ; 4.199 ; 4.990 ;       ;
; iSelect[0] ; oDisplay1[2] ;       ; 4.122 ; 4.869 ;       ;
; iSelect[0] ; oDisplay1[3] ;       ; 4.195 ; 4.983 ;       ;
; iSelect[0] ; oDisplay1[4] ;       ; 4.130 ; 4.868 ;       ;
; iSelect[0] ; oDisplay1[5] ;       ; 4.194 ; 4.974 ;       ;
; iSelect[0] ; oDisplay1[6] ;       ; 4.130 ; 4.885 ;       ;
; iSelect[0] ; oDisplay2[0] ; 4.233 ;       ;       ; 4.546 ;
; iSelect[0] ; oDisplay2[1] ; 4.044 ;       ;       ; 4.426 ;
; iSelect[0] ; oDisplay2[2] ; 4.226 ;       ;       ; 4.545 ;
; iSelect[0] ; oDisplay2[3] ; 4.227 ;       ;       ; 4.540 ;
; iSelect[0] ; oDisplay2[4] ; 4.153 ;       ;       ; 4.525 ;
; iSelect[0] ; oDisplay2[5] ; 4.247 ;       ;       ; 4.626 ;
; iSelect[0] ; oDisplay2[6] ; 4.248 ;       ;       ; 4.646 ;
; iSelect[0] ; oDisplay3[0] ;       ; 4.260 ; 5.086 ;       ;
; iSelect[0] ; oDisplay3[1] ;       ; 4.278 ; 5.101 ;       ;
; iSelect[0] ; oDisplay3[2] ;       ; 4.237 ; 5.072 ;       ;
; iSelect[0] ; oDisplay3[3] ;       ; 3.988 ; 4.724 ;       ;
; iSelect[0] ; oDisplay3[4] ;       ; 4.222 ; 5.031 ;       ;
; iSelect[0] ; oDisplay3[5] ;       ; 4.088 ; 4.847 ;       ;
; iSelect[0] ; oDisplay3[6] ;       ; 3.893 ; 4.578 ;       ;
; iSelect[0] ; oDisplay4[0] ; 3.966 ;       ;       ; 4.363 ;
; iSelect[0] ; oDisplay4[1] ; 4.290 ;       ;       ; 4.556 ;
; iSelect[0] ; oDisplay4[2] ; 3.981 ;       ;       ; 4.353 ;
; iSelect[0] ; oDisplay4[3] ; 4.255 ;       ;       ; 4.554 ;
; iSelect[0] ; oDisplay4[4] ; 4.470 ;       ;       ; 4.680 ;
; iSelect[0] ; oDisplay4[5] ; 4.527 ;       ;       ; 4.730 ;
; iSelect[0] ; oDisplay4[6] ; 4.513 ;       ;       ; 4.740 ;
; iSelect[0] ; oDisplay5[0] ;       ; 4.226 ; 5.049 ;       ;
; iSelect[0] ; oDisplay5[1] ;       ; 4.093 ; 4.840 ;       ;
; iSelect[0] ; oDisplay5[2] ;       ; 3.972 ; 4.661 ;       ;
; iSelect[0] ; oDisplay5[3] ;       ; 4.157 ; 4.960 ;       ;
; iSelect[0] ; oDisplay5[4] ;       ; 4.000 ; 4.714 ;       ;
; iSelect[0] ; oDisplay5[5] ;       ; 3.971 ; 4.727 ;       ;
; iSelect[0] ; oDisplay5[6] ;       ; 4.025 ; 4.742 ;       ;
; iSelect[0] ; oDisplay6[0] ; 4.367 ;       ;       ; 4.630 ;
; iSelect[0] ; oDisplay6[1] ; 4.358 ;       ;       ; 4.638 ;
; iSelect[0] ; oDisplay6[2] ; 4.489 ;       ;       ; 4.735 ;
; iSelect[0] ; oDisplay6[3] ; 4.367 ;       ;       ; 4.666 ;
; iSelect[0] ; oDisplay6[4] ; 6.330 ;       ;       ; 6.064 ;
; iSelect[0] ; oDisplay6[5] ; 6.353 ;       ;       ; 6.075 ;
; iSelect[0] ; oDisplay6[6] ; 4.421 ;       ;       ; 4.686 ;
; iSelect[1] ; oDisplay1[0] ; 4.511 ;       ;       ; 4.769 ;
; iSelect[1] ; oDisplay1[1] ; 4.552 ;       ;       ; 4.797 ;
; iSelect[1] ; oDisplay1[2] ; 4.431 ;       ;       ; 4.720 ;
; iSelect[1] ; oDisplay1[3] ; 4.545 ;       ;       ; 4.793 ;
; iSelect[1] ; oDisplay1[4] ; 4.430 ;       ;       ; 4.728 ;
; iSelect[1] ; oDisplay1[5] ; 4.536 ;       ;       ; 4.792 ;
; iSelect[1] ; oDisplay1[6] ; 4.447 ;       ;       ; 4.728 ;
; iSelect[1] ; oDisplay2[0] ;       ; 4.059 ; 4.825 ;       ;
; iSelect[1] ; oDisplay2[1] ;       ; 3.939 ; 4.636 ;       ;
; iSelect[1] ; oDisplay2[2] ;       ; 4.058 ; 4.818 ;       ;
; iSelect[1] ; oDisplay2[3] ;       ; 4.053 ; 4.819 ;       ;
; iSelect[1] ; oDisplay2[4] ;       ; 4.038 ; 4.745 ;       ;
; iSelect[1] ; oDisplay2[5] ;       ; 4.139 ; 4.839 ;       ;
; iSelect[1] ; oDisplay2[6] ;       ; 4.159 ; 4.840 ;       ;
; iSelect[1] ; oDisplay3[0] ;       ; 4.346 ; 5.169 ;       ;
; iSelect[1] ; oDisplay3[1] ;       ; 4.364 ; 5.184 ;       ;
; iSelect[1] ; oDisplay3[2] ;       ; 4.323 ; 5.155 ;       ;
; iSelect[1] ; oDisplay3[3] ;       ; 4.074 ; 4.807 ;       ;
; iSelect[1] ; oDisplay3[4] ;       ; 4.308 ; 5.114 ;       ;
; iSelect[1] ; oDisplay3[5] ;       ; 4.174 ; 4.930 ;       ;
; iSelect[1] ; oDisplay3[6] ;       ; 3.979 ; 4.661 ;       ;
; iSelect[1] ; oDisplay4[0] ; 4.053 ;       ;       ; 4.433 ;
; iSelect[1] ; oDisplay4[1] ; 4.377 ;       ;       ; 4.626 ;
; iSelect[1] ; oDisplay4[2] ; 4.068 ;       ;       ; 4.423 ;
; iSelect[1] ; oDisplay4[3] ; 4.342 ;       ;       ; 4.624 ;
; iSelect[1] ; oDisplay4[4] ; 4.557 ;       ;       ; 4.750 ;
; iSelect[1] ; oDisplay4[5] ; 4.614 ;       ;       ; 4.800 ;
; iSelect[1] ; oDisplay4[6] ; 4.600 ;       ;       ; 4.810 ;
; iSelect[1] ; oDisplay5[0] ; 4.620 ;       ;       ; 4.831 ;
; iSelect[1] ; oDisplay5[1] ; 4.411 ;       ;       ; 4.698 ;
; iSelect[1] ; oDisplay5[2] ; 4.232 ;       ;       ; 4.577 ;
; iSelect[1] ; oDisplay5[3] ; 4.531 ;       ;       ; 4.762 ;
; iSelect[1] ; oDisplay5[4] ; 4.285 ;       ;       ; 4.605 ;
; iSelect[1] ; oDisplay5[5] ; 4.298 ;       ;       ; 4.576 ;
; iSelect[1] ; oDisplay5[6] ; 4.313 ;       ;       ; 4.630 ;
; iSelect[1] ; oDisplay6[0] ;       ; 4.187 ; 4.971 ;       ;
; iSelect[1] ; oDisplay6[1] ;       ; 4.195 ; 4.962 ;       ;
; iSelect[1] ; oDisplay6[2] ;       ; 4.292 ; 5.093 ;       ;
; iSelect[1] ; oDisplay6[3] ;       ; 4.223 ; 4.971 ;       ;
; iSelect[1] ; oDisplay6[4] ;       ; 5.621 ; 6.934 ;       ;
; iSelect[1] ; oDisplay6[5] ;       ; 5.632 ; 6.957 ;       ;
; iSelect[1] ; oDisplay6[6] ;       ; 4.243 ; 5.025 ;       ;
; iSelect[2] ; oDisplay1[0] ; 4.666 ;       ;       ; 4.941 ;
; iSelect[2] ; oDisplay1[1] ; 4.707 ;       ;       ; 4.969 ;
; iSelect[2] ; oDisplay1[2] ; 4.586 ;       ;       ; 4.892 ;
; iSelect[2] ; oDisplay1[3] ; 4.700 ;       ;       ; 4.965 ;
; iSelect[2] ; oDisplay1[4] ; 4.585 ;       ;       ; 4.900 ;
; iSelect[2] ; oDisplay1[5] ; 4.691 ;       ;       ; 4.964 ;
; iSelect[2] ; oDisplay1[6] ; 4.602 ;       ;       ; 4.900 ;
; iSelect[2] ; oDisplay2[0] ; 4.470 ;       ;       ; 4.782 ;
; iSelect[2] ; oDisplay2[1] ; 4.281 ;       ;       ; 4.662 ;
; iSelect[2] ; oDisplay2[2] ; 4.463 ;       ;       ; 4.781 ;
; iSelect[2] ; oDisplay2[3] ; 4.464 ;       ;       ; 4.776 ;
; iSelect[2] ; oDisplay2[4] ; 4.390 ;       ;       ; 4.761 ;
; iSelect[2] ; oDisplay2[5] ; 4.484 ;       ;       ; 4.862 ;
; iSelect[2] ; oDisplay2[6] ; 4.485 ;       ;       ; 4.882 ;
; iSelect[2] ; oDisplay3[0] ; 4.831 ;       ;       ; 5.059 ;
; iSelect[2] ; oDisplay3[1] ; 4.846 ;       ;       ; 5.077 ;
; iSelect[2] ; oDisplay3[2] ; 4.817 ;       ;       ; 5.036 ;
; iSelect[2] ; oDisplay3[3] ; 4.469 ;       ;       ; 4.787 ;
; iSelect[2] ; oDisplay3[4] ; 4.776 ;       ;       ; 5.021 ;
; iSelect[2] ; oDisplay3[5] ; 4.592 ;       ;       ; 4.887 ;
; iSelect[2] ; oDisplay3[6] ; 4.323 ;       ;       ; 4.692 ;
; iSelect[2] ; oDisplay4[0] ;       ; 4.095 ; 4.766 ;       ;
; iSelect[2] ; oDisplay4[1] ;       ; 4.288 ; 5.090 ;       ;
; iSelect[2] ; oDisplay4[2] ;       ; 4.085 ; 4.781 ;       ;
; iSelect[2] ; oDisplay4[3] ;       ; 4.286 ; 5.055 ;       ;
; iSelect[2] ; oDisplay4[4] ;       ; 4.412 ; 5.270 ;       ;
; iSelect[2] ; oDisplay4[5] ;       ; 4.462 ; 5.327 ;       ;
; iSelect[2] ; oDisplay4[6] ;       ; 4.472 ; 5.313 ;       ;
; iSelect[2] ; oDisplay5[0] ;       ; 4.491 ; 5.331 ;       ;
; iSelect[2] ; oDisplay5[1] ;       ; 4.358 ; 5.122 ;       ;
; iSelect[2] ; oDisplay5[2] ;       ; 4.237 ; 4.943 ;       ;
; iSelect[2] ; oDisplay5[3] ;       ; 4.422 ; 5.242 ;       ;
; iSelect[2] ; oDisplay5[4] ;       ; 4.265 ; 4.996 ;       ;
; iSelect[2] ; oDisplay5[5] ;       ; 4.236 ; 5.009 ;       ;
; iSelect[2] ; oDisplay5[6] ;       ; 4.290 ; 5.024 ;       ;
; iSelect[2] ; oDisplay6[0] ;       ; 4.363 ; 5.168 ;       ;
; iSelect[2] ; oDisplay6[1] ;       ; 4.371 ; 5.159 ;       ;
; iSelect[2] ; oDisplay6[2] ;       ; 4.468 ; 5.290 ;       ;
; iSelect[2] ; oDisplay6[3] ;       ; 4.399 ; 5.168 ;       ;
; iSelect[2] ; oDisplay6[4] ;       ; 5.797 ; 7.131 ;       ;
; iSelect[2] ; oDisplay6[5] ;       ; 5.808 ; 7.154 ;       ;
; iSelect[2] ; oDisplay6[6] ;       ; 4.419 ; 5.222 ;       ;
+------------+--------------+-------+-------+-------+-------+


+-----------------------------------------------------------+
; Minimum Propagation Delay                                 ;
+------------+--------------+-------+-------+-------+-------+
; Input Port ; Output Port  ; RR    ; RF    ; FR    ; FF    ;
+------------+--------------+-------+-------+-------+-------+
; iSelect[0] ; oDisplay1[0] ;       ; 3.853 ; 4.530 ;       ;
; iSelect[0] ; oDisplay1[1] ;       ; 3.879 ; 4.568 ;       ;
; iSelect[0] ; oDisplay1[2] ;       ; 3.822 ; 4.485 ;       ;
; iSelect[0] ; oDisplay1[3] ;       ; 3.880 ; 4.566 ;       ;
; iSelect[0] ; oDisplay1[4] ;       ; 3.831 ; 4.485 ;       ;
; iSelect[0] ; oDisplay1[5] ;       ; 3.879 ; 4.558 ;       ;
; iSelect[0] ; oDisplay1[6] ;       ; 3.831 ; 4.497 ;       ;
; iSelect[0] ; oDisplay2[0] ; 3.914 ;       ;       ; 4.212 ;
; iSelect[0] ; oDisplay2[1] ; 3.770 ;       ;       ; 4.112 ;
; iSelect[0] ; oDisplay2[2] ; 3.906 ;       ;       ; 4.211 ;
; iSelect[0] ; oDisplay2[3] ; 3.907 ;       ;       ; 4.206 ;
; iSelect[0] ; oDisplay2[4] ; 3.853 ;       ;       ; 4.195 ;
; iSelect[0] ; oDisplay2[5] ; 3.938 ;       ;       ; 4.287 ;
; iSelect[0] ; oDisplay2[6] ; 3.955 ;       ;       ; 4.315 ;
; iSelect[0] ; oDisplay3[0] ;       ; 3.944 ; 4.670 ;       ;
; iSelect[0] ; oDisplay3[1] ;       ; 3.962 ; 4.684 ;       ;
; iSelect[0] ; oDisplay3[2] ;       ; 3.924 ; 4.657 ;       ;
; iSelect[0] ; oDisplay3[3] ;       ; 3.697 ; 4.352 ;       ;
; iSelect[0] ; oDisplay3[4] ;       ; 3.906 ; 4.614 ;       ;
; iSelect[0] ; oDisplay3[5] ;       ; 3.789 ; 4.464 ;       ;
; iSelect[0] ; oDisplay3[6] ;       ; 3.625 ; 4.258 ;       ;
; iSelect[0] ; oDisplay4[0] ; 3.699 ;       ;       ; 4.054 ;
; iSelect[0] ; oDisplay4[1] ; 3.939 ;       ;       ; 4.207 ;
; iSelect[0] ; oDisplay4[2] ; 3.714 ;       ;       ; 4.044 ;
; iSelect[0] ; oDisplay4[3] ; 3.909 ;       ;       ; 4.208 ;
; iSelect[0] ; oDisplay4[4] ; 4.077 ;       ;       ; 4.313 ;
; iSelect[0] ; oDisplay4[5] ; 4.131 ;       ;       ; 4.361 ;
; iSelect[0] ; oDisplay4[6] ; 4.117 ;       ;       ; 4.371 ;
; iSelect[0] ; oDisplay5[0] ;       ; 3.899 ; 4.604 ;       ;
; iSelect[0] ; oDisplay5[1] ;       ; 3.786 ; 4.442 ;       ;
; iSelect[0] ; oDisplay5[2] ;       ; 3.692 ; 4.313 ;       ;
; iSelect[0] ; oDisplay5[3] ;       ; 3.830 ; 4.515 ;       ;
; iSelect[0] ; oDisplay5[4] ;       ; 3.717 ; 4.367 ;       ;
; iSelect[0] ; oDisplay5[5] ;       ; 3.682 ; 4.357 ;       ;
; iSelect[0] ; oDisplay5[6] ;       ; 3.741 ; 4.392 ;       ;
; iSelect[0] ; oDisplay6[0] ; 4.024 ;       ;       ; 4.283 ;
; iSelect[0] ; oDisplay6[1] ; 4.015 ;       ;       ; 4.291 ;
; iSelect[0] ; oDisplay6[2] ; 4.116 ;       ;       ; 4.373 ;
; iSelect[0] ; oDisplay6[3] ; 4.027 ;       ;       ; 4.319 ;
; iSelect[0] ; oDisplay6[4] ; 5.730 ;       ;       ; 5.577 ;
; iSelect[0] ; oDisplay6[5] ; 5.757 ;       ;       ; 5.591 ;
; iSelect[0] ; oDisplay6[6] ; 4.082 ;       ;       ; 4.340 ;
; iSelect[1] ; oDisplay1[0] ; 4.120 ;       ;       ; 4.390 ;
; iSelect[1] ; oDisplay1[1] ; 4.158 ;       ;       ; 4.416 ;
; iSelect[1] ; oDisplay1[2] ; 4.075 ;       ;       ; 4.359 ;
; iSelect[1] ; oDisplay1[3] ; 4.156 ;       ;       ; 4.417 ;
; iSelect[1] ; oDisplay1[4] ; 4.075 ;       ;       ; 4.368 ;
; iSelect[1] ; oDisplay1[5] ; 4.148 ;       ;       ; 4.416 ;
; iSelect[1] ; oDisplay1[6] ; 4.087 ;       ;       ; 4.368 ;
; iSelect[1] ; oDisplay2[0] ;       ; 3.763 ; 4.428 ;       ;
; iSelect[1] ; oDisplay2[1] ;       ; 3.663 ; 4.284 ;       ;
; iSelect[1] ; oDisplay2[2] ;       ; 3.762 ; 4.420 ;       ;
; iSelect[1] ; oDisplay2[3] ;       ; 3.757 ; 4.421 ;       ;
; iSelect[1] ; oDisplay2[4] ;       ; 3.746 ; 4.367 ;       ;
; iSelect[1] ; oDisplay2[5] ;       ; 3.838 ; 4.452 ;       ;
; iSelect[1] ; oDisplay2[6] ;       ; 3.866 ; 4.469 ;       ;
; iSelect[1] ; oDisplay3[0] ;       ; 4.007 ; 4.742 ;       ;
; iSelect[1] ; oDisplay3[1] ;       ; 4.025 ; 4.756 ;       ;
; iSelect[1] ; oDisplay3[2] ;       ; 3.987 ; 4.729 ;       ;
; iSelect[1] ; oDisplay3[3] ;       ; 3.760 ; 4.424 ;       ;
; iSelect[1] ; oDisplay3[4] ;       ; 3.969 ; 4.686 ;       ;
; iSelect[1] ; oDisplay3[5] ;       ; 3.852 ; 4.536 ;       ;
; iSelect[1] ; oDisplay3[6] ;       ; 3.688 ; 4.330 ;       ;
; iSelect[1] ; oDisplay4[0] ; 3.769 ;       ;       ; 4.109 ;
; iSelect[1] ; oDisplay4[1] ; 4.009 ;       ;       ; 4.262 ;
; iSelect[1] ; oDisplay4[2] ; 3.784 ;       ;       ; 4.099 ;
; iSelect[1] ; oDisplay4[3] ; 3.979 ;       ;       ; 4.263 ;
; iSelect[1] ; oDisplay4[4] ; 4.147 ;       ;       ; 4.368 ;
; iSelect[1] ; oDisplay4[5] ; 4.201 ;       ;       ; 4.416 ;
; iSelect[1] ; oDisplay4[6] ; 4.187 ;       ;       ; 4.426 ;
; iSelect[1] ; oDisplay5[0] ; 4.203 ;       ;       ; 4.443 ;
; iSelect[1] ; oDisplay5[1] ; 4.041 ;       ;       ; 4.330 ;
; iSelect[1] ; oDisplay5[2] ; 3.912 ;       ;       ; 4.236 ;
; iSelect[1] ; oDisplay5[3] ; 4.114 ;       ;       ; 4.374 ;
; iSelect[1] ; oDisplay5[4] ; 3.966 ;       ;       ; 4.261 ;
; iSelect[1] ; oDisplay5[5] ; 3.956 ;       ;       ; 4.226 ;
; iSelect[1] ; oDisplay5[6] ; 3.991 ;       ;       ; 4.285 ;
; iSelect[1] ; oDisplay6[0] ;       ; 3.864 ; 4.571 ;       ;
; iSelect[1] ; oDisplay6[1] ;       ; 3.872 ; 4.562 ;       ;
; iSelect[1] ; oDisplay6[2] ;       ; 3.954 ; 4.663 ;       ;
; iSelect[1] ; oDisplay6[3] ;       ; 3.900 ; 4.574 ;       ;
; iSelect[1] ; oDisplay6[4] ;       ; 5.158 ; 6.277 ;       ;
; iSelect[1] ; oDisplay6[5] ;       ; 5.172 ; 6.304 ;       ;
; iSelect[1] ; oDisplay6[6] ;       ; 3.921 ; 4.629 ;       ;
; iSelect[2] ; oDisplay1[0] ; 4.271 ;       ;       ; 4.550 ;
; iSelect[2] ; oDisplay1[1] ; 4.309 ;       ;       ; 4.576 ;
; iSelect[2] ; oDisplay1[2] ; 4.226 ;       ;       ; 4.519 ;
; iSelect[2] ; oDisplay1[3] ; 4.307 ;       ;       ; 4.577 ;
; iSelect[2] ; oDisplay1[4] ; 4.226 ;       ;       ; 4.528 ;
; iSelect[2] ; oDisplay1[5] ; 4.299 ;       ;       ; 4.576 ;
; iSelect[2] ; oDisplay1[6] ; 4.238 ;       ;       ; 4.528 ;
; iSelect[2] ; oDisplay2[0] ; 4.130 ;       ;       ; 4.422 ;
; iSelect[2] ; oDisplay2[1] ; 3.986 ;       ;       ; 4.322 ;
; iSelect[2] ; oDisplay2[2] ; 4.122 ;       ;       ; 4.421 ;
; iSelect[2] ; oDisplay2[3] ; 4.123 ;       ;       ; 4.416 ;
; iSelect[2] ; oDisplay2[4] ; 4.069 ;       ;       ; 4.405 ;
; iSelect[2] ; oDisplay2[5] ; 4.154 ;       ;       ; 4.497 ;
; iSelect[2] ; oDisplay2[6] ; 4.171 ;       ;       ; 4.525 ;
; iSelect[2] ; oDisplay3[0] ; 4.436 ;       ;       ; 4.667 ;
; iSelect[2] ; oDisplay3[1] ; 4.450 ;       ;       ; 4.685 ;
; iSelect[2] ; oDisplay3[2] ; 4.423 ;       ;       ; 4.647 ;
; iSelect[2] ; oDisplay3[3] ; 4.118 ;       ;       ; 4.420 ;
; iSelect[2] ; oDisplay3[4] ; 4.380 ;       ;       ; 4.629 ;
; iSelect[2] ; oDisplay3[5] ; 4.230 ;       ;       ; 4.512 ;
; iSelect[2] ; oDisplay3[6] ; 4.024 ;       ;       ; 4.348 ;
; iSelect[2] ; oDisplay4[0] ;       ; 3.801 ; 4.425 ;       ;
; iSelect[2] ; oDisplay4[1] ;       ; 3.954 ; 4.665 ;       ;
; iSelect[2] ; oDisplay4[2] ;       ; 3.791 ; 4.440 ;       ;
; iSelect[2] ; oDisplay4[3] ;       ; 3.955 ; 4.635 ;       ;
; iSelect[2] ; oDisplay4[4] ;       ; 4.060 ; 4.803 ;       ;
; iSelect[2] ; oDisplay4[5] ;       ; 4.108 ; 4.857 ;       ;
; iSelect[2] ; oDisplay4[6] ;       ; 4.118 ; 4.843 ;       ;
; iSelect[2] ; oDisplay5[0] ;       ; 4.134 ; 4.858 ;       ;
; iSelect[2] ; oDisplay5[1] ;       ; 4.021 ; 4.696 ;       ;
; iSelect[2] ; oDisplay5[2] ;       ; 3.927 ; 4.567 ;       ;
; iSelect[2] ; oDisplay5[3] ;       ; 4.065 ; 4.769 ;       ;
; iSelect[2] ; oDisplay5[4] ;       ; 3.952 ; 4.621 ;       ;
; iSelect[2] ; oDisplay5[5] ;       ; 3.917 ; 4.611 ;       ;
; iSelect[2] ; oDisplay5[6] ;       ; 3.976 ; 4.646 ;       ;
; iSelect[2] ; oDisplay6[0] ;       ; 4.032 ; 4.750 ;       ;
; iSelect[2] ; oDisplay6[1] ;       ; 4.040 ; 4.741 ;       ;
; iSelect[2] ; oDisplay6[2] ;       ; 4.122 ; 4.842 ;       ;
; iSelect[2] ; oDisplay6[3] ;       ; 4.068 ; 4.753 ;       ;
; iSelect[2] ; oDisplay6[4] ;       ; 5.326 ; 6.456 ;       ;
; iSelect[2] ; oDisplay6[5] ;       ; 5.340 ; 6.483 ;       ;
; iSelect[2] ; oDisplay6[6] ;       ; 4.089 ; 4.808 ;       ;
+------------+--------------+-------+-------+-------+-------+


----------------------------------------------
; Fast 1100mV 85C Model Metastability Report ;
----------------------------------------------
No synchronizer chains to report.


--------------------------------------
; Fast 1100mV 0C Model Setup Summary ;
--------------------------------------
No paths to report.


-------------------------------------
; Fast 1100mV 0C Model Hold Summary ;
-------------------------------------
No paths to report.


-----------------------------------------
; Fast 1100mV 0C Model Recovery Summary ;
-----------------------------------------
No paths to report.


----------------------------------------
; Fast 1100mV 0C Model Removal Summary ;
----------------------------------------
No paths to report.


----------------------------------------------------
; Fast 1100mV 0C Model Minimum Pulse Width Summary ;
----------------------------------------------------
No paths to report.


+-----------------------------------------------------------+
; Propagation Delay                                         ;
+------------+--------------+-------+-------+-------+-------+
; Input Port ; Output Port  ; RR    ; RF    ; FR    ; FF    ;
+------------+--------------+-------+-------+-------+-------+
; iSelect[0] ; oDisplay1[0] ;       ; 3.976 ; 4.690 ;       ;
; iSelect[0] ; oDisplay1[1] ;       ; 4.017 ; 4.738 ;       ;
; iSelect[0] ; oDisplay1[2] ;       ; 3.937 ; 4.619 ;       ;
; iSelect[0] ; oDisplay1[3] ;       ; 4.004 ; 4.723 ;       ;
; iSelect[0] ; oDisplay1[4] ;       ; 3.931 ; 4.610 ;       ;
; iSelect[0] ; oDisplay1[5] ;       ; 3.988 ; 4.705 ;       ;
; iSelect[0] ; oDisplay1[6] ;       ; 3.937 ; 4.627 ;       ;
; iSelect[0] ; oDisplay2[0] ; 3.984 ;       ;       ; 4.354 ;
; iSelect[0] ; oDisplay2[1] ; 3.807 ;       ;       ; 4.237 ;
; iSelect[0] ; oDisplay2[2] ; 3.967 ;       ;       ; 4.340 ;
; iSelect[0] ; oDisplay2[3] ; 3.978 ;       ;       ; 4.349 ;
; iSelect[0] ; oDisplay2[4] ; 3.919 ;       ;       ; 4.342 ;
; iSelect[0] ; oDisplay2[5] ; 3.992 ;       ;       ; 4.408 ;
; iSelect[0] ; oDisplay2[6] ; 3.993 ;       ;       ; 4.424 ;
; iSelect[0] ; oDisplay3[0] ;       ; 4.015 ; 4.796 ;       ;
; iSelect[0] ; oDisplay3[1] ;       ; 4.050 ; 4.803 ;       ;
; iSelect[0] ; oDisplay3[2] ;       ; 4.008 ; 4.774 ;       ;
; iSelect[0] ; oDisplay3[3] ;       ; 3.774 ; 4.460 ;       ;
; iSelect[0] ; oDisplay3[4] ;       ; 3.981 ; 4.738 ;       ;
; iSelect[0] ; oDisplay3[5] ;       ; 3.896 ; 4.586 ;       ;
; iSelect[0] ; oDisplay3[6] ;       ; 3.722 ; 4.344 ;       ;
; iSelect[0] ; oDisplay4[0] ; 3.729 ;       ;       ; 4.158 ;
; iSelect[0] ; oDisplay4[1] ; 4.030 ;       ;       ; 4.337 ;
; iSelect[0] ; oDisplay4[2] ; 3.745 ;       ;       ; 4.145 ;
; iSelect[0] ; oDisplay4[3] ; 3.995 ;       ;       ; 4.337 ;
; iSelect[0] ; oDisplay4[4] ; 4.197 ;       ;       ; 4.454 ;
; iSelect[0] ; oDisplay4[5] ; 4.252 ;       ;       ; 4.504 ;
; iSelect[0] ; oDisplay4[6] ; 4.236 ;       ;       ; 4.517 ;
; iSelect[0] ; oDisplay5[0] ;       ; 4.036 ; 4.787 ;       ;
; iSelect[0] ; oDisplay5[1] ;       ; 3.883 ; 4.583 ;       ;
; iSelect[0] ; oDisplay5[2] ;       ; 3.757 ; 4.408 ;       ;
; iSelect[0] ; oDisplay5[3] ;       ; 3.941 ; 4.691 ;       ;
; iSelect[0] ; oDisplay5[4] ;       ; 3.768 ; 4.450 ;       ;
; iSelect[0] ; oDisplay5[5] ;       ; 3.755 ; 4.465 ;       ;
; iSelect[0] ; oDisplay5[6] ;       ; 3.797 ; 4.474 ;       ;
; iSelect[0] ; oDisplay6[0] ; 4.100 ;       ;       ; 4.387 ;
; iSelect[0] ; oDisplay6[1] ; 4.088 ;       ;       ; 4.398 ;
; iSelect[0] ; oDisplay6[2] ; 4.208 ;       ;       ; 4.489 ;
; iSelect[0] ; oDisplay6[3] ; 4.097 ;       ;       ; 4.425 ;
; iSelect[0] ; oDisplay6[4] ; 5.944 ;       ;       ; 5.794 ;
; iSelect[0] ; oDisplay6[5] ; 5.972 ;       ;       ; 5.815 ;
; iSelect[0] ; oDisplay6[6] ; 4.152 ;       ;       ; 4.443 ;
; iSelect[1] ; oDisplay1[0] ; 4.249 ;       ;       ; 4.563 ;
; iSelect[1] ; oDisplay1[1] ; 4.297 ;       ;       ; 4.604 ;
; iSelect[1] ; oDisplay1[2] ; 4.178 ;       ;       ; 4.524 ;
; iSelect[1] ; oDisplay1[3] ; 4.282 ;       ;       ; 4.591 ;
; iSelect[1] ; oDisplay1[4] ; 4.169 ;       ;       ; 4.518 ;
; iSelect[1] ; oDisplay1[5] ; 4.264 ;       ;       ; 4.575 ;
; iSelect[1] ; oDisplay1[6] ; 4.186 ;       ;       ; 4.524 ;
; iSelect[1] ; oDisplay2[0] ;       ; 3.866 ; 4.567 ;       ;
; iSelect[1] ; oDisplay2[1] ;       ; 3.749 ; 4.390 ;       ;
; iSelect[1] ; oDisplay2[2] ;       ; 3.852 ; 4.550 ;       ;
; iSelect[1] ; oDisplay2[3] ;       ; 3.861 ; 4.561 ;       ;
; iSelect[1] ; oDisplay2[4] ;       ; 3.854 ; 4.502 ;       ;
; iSelect[1] ; oDisplay2[5] ;       ; 3.920 ; 4.575 ;       ;
; iSelect[1] ; oDisplay2[6] ;       ; 3.936 ; 4.576 ;       ;
; iSelect[1] ; oDisplay3[0] ;       ; 4.095 ; 4.871 ;       ;
; iSelect[1] ; oDisplay3[1] ;       ; 4.130 ; 4.878 ;       ;
; iSelect[1] ; oDisplay3[2] ;       ; 4.088 ; 4.849 ;       ;
; iSelect[1] ; oDisplay3[3] ;       ; 3.854 ; 4.535 ;       ;
; iSelect[1] ; oDisplay3[4] ;       ; 4.061 ; 4.813 ;       ;
; iSelect[1] ; oDisplay3[5] ;       ; 3.976 ; 4.661 ;       ;
; iSelect[1] ; oDisplay3[6] ;       ; 3.802 ; 4.419 ;       ;
; iSelect[1] ; oDisplay4[0] ; 3.807 ;       ;       ; 4.222 ;
; iSelect[1] ; oDisplay4[1] ; 4.108 ;       ;       ; 4.401 ;
; iSelect[1] ; oDisplay4[2] ; 3.823 ;       ;       ; 4.209 ;
; iSelect[1] ; oDisplay4[3] ; 4.073 ;       ;       ; 4.401 ;
; iSelect[1] ; oDisplay4[4] ; 4.275 ;       ;       ; 4.518 ;
; iSelect[1] ; oDisplay4[5] ; 4.330 ;       ;       ; 4.568 ;
; iSelect[1] ; oDisplay4[6] ; 4.314 ;       ;       ; 4.581 ;
; iSelect[1] ; oDisplay5[0] ; 4.355 ;       ;       ; 4.629 ;
; iSelect[1] ; oDisplay5[1] ; 4.151 ;       ;       ; 4.476 ;
; iSelect[1] ; oDisplay5[2] ; 3.976 ;       ;       ; 4.350 ;
; iSelect[1] ; oDisplay5[3] ; 4.259 ;       ;       ; 4.534 ;
; iSelect[1] ; oDisplay5[4] ; 4.018 ;       ;       ; 4.361 ;
; iSelect[1] ; oDisplay5[5] ; 4.033 ;       ;       ; 4.348 ;
; iSelect[1] ; oDisplay5[6] ; 4.042 ;       ;       ; 4.390 ;
; iSelect[1] ; oDisplay6[0] ;       ; 3.942 ; 4.689 ;       ;
; iSelect[1] ; oDisplay6[1] ;       ; 3.953 ; 4.677 ;       ;
; iSelect[1] ; oDisplay6[2] ;       ; 4.044 ; 4.797 ;       ;
; iSelect[1] ; oDisplay6[3] ;       ; 3.980 ; 4.686 ;       ;
; iSelect[1] ; oDisplay6[4] ;       ; 5.349 ; 6.533 ;       ;
; iSelect[1] ; oDisplay6[5] ;       ; 5.370 ; 6.561 ;       ;
; iSelect[1] ; oDisplay6[6] ;       ; 3.998 ; 4.741 ;       ;
; iSelect[2] ; oDisplay1[0] ; 4.412 ;       ;       ; 4.738 ;
; iSelect[2] ; oDisplay1[1] ; 4.460 ;       ;       ; 4.779 ;
; iSelect[2] ; oDisplay1[2] ; 4.341 ;       ;       ; 4.699 ;
; iSelect[2] ; oDisplay1[3] ; 4.445 ;       ;       ; 4.766 ;
; iSelect[2] ; oDisplay1[4] ; 4.332 ;       ;       ; 4.693 ;
; iSelect[2] ; oDisplay1[5] ; 4.427 ;       ;       ; 4.750 ;
; iSelect[2] ; oDisplay1[6] ; 4.349 ;       ;       ; 4.699 ;
; iSelect[2] ; oDisplay2[0] ; 4.221 ;       ;       ; 4.587 ;
; iSelect[2] ; oDisplay2[1] ; 4.044 ;       ;       ; 4.470 ;
; iSelect[2] ; oDisplay2[2] ; 4.204 ;       ;       ; 4.573 ;
; iSelect[2] ; oDisplay2[3] ; 4.215 ;       ;       ; 4.582 ;
; iSelect[2] ; oDisplay2[4] ; 4.156 ;       ;       ; 4.575 ;
; iSelect[2] ; oDisplay2[5] ; 4.229 ;       ;       ; 4.641 ;
; iSelect[2] ; oDisplay2[6] ; 4.230 ;       ;       ; 4.657 ;
; iSelect[2] ; oDisplay3[0] ; 4.546 ;       ;       ; 4.807 ;
; iSelect[2] ; oDisplay3[1] ; 4.553 ;       ;       ; 4.842 ;
; iSelect[2] ; oDisplay3[2] ; 4.524 ;       ;       ; 4.800 ;
; iSelect[2] ; oDisplay3[3] ; 4.210 ;       ;       ; 4.566 ;
; iSelect[2] ; oDisplay3[4] ; 4.488 ;       ;       ; 4.773 ;
; iSelect[2] ; oDisplay3[5] ; 4.336 ;       ;       ; 4.688 ;
; iSelect[2] ; oDisplay3[6] ; 4.094 ;       ;       ; 4.514 ;
; iSelect[2] ; oDisplay4[0] ;       ; 3.898 ; 4.520 ;       ;
; iSelect[2] ; oDisplay4[1] ;       ; 4.077 ; 4.821 ;       ;
; iSelect[2] ; oDisplay4[2] ;       ; 3.885 ; 4.536 ;       ;
; iSelect[2] ; oDisplay4[3] ;       ; 4.077 ; 4.786 ;       ;
; iSelect[2] ; oDisplay4[4] ;       ; 4.194 ; 4.988 ;       ;
; iSelect[2] ; oDisplay4[5] ;       ; 4.244 ; 5.043 ;       ;
; iSelect[2] ; oDisplay4[6] ;       ; 4.257 ; 5.027 ;       ;
; iSelect[2] ; oDisplay5[0] ;       ; 4.304 ; 5.066 ;       ;
; iSelect[2] ; oDisplay5[1] ;       ; 4.151 ; 4.862 ;       ;
; iSelect[2] ; oDisplay5[2] ;       ; 4.025 ; 4.687 ;       ;
; iSelect[2] ; oDisplay5[3] ;       ; 4.209 ; 4.970 ;       ;
; iSelect[2] ; oDisplay5[4] ;       ; 4.036 ; 4.729 ;       ;
; iSelect[2] ; oDisplay5[5] ;       ; 4.023 ; 4.744 ;       ;
; iSelect[2] ; oDisplay5[6] ;       ; 4.065 ; 4.753 ;       ;
; iSelect[2] ; oDisplay6[0] ;       ; 4.128 ; 4.891 ;       ;
; iSelect[2] ; oDisplay6[1] ;       ; 4.139 ; 4.879 ;       ;
; iSelect[2] ; oDisplay6[2] ;       ; 4.230 ; 4.999 ;       ;
; iSelect[2] ; oDisplay6[3] ;       ; 4.166 ; 4.888 ;       ;
; iSelect[2] ; oDisplay6[4] ;       ; 5.535 ; 6.735 ;       ;
; iSelect[2] ; oDisplay6[5] ;       ; 5.556 ; 6.763 ;       ;
; iSelect[2] ; oDisplay6[6] ;       ; 4.184 ; 4.943 ;       ;
+------------+--------------+-------+-------+-------+-------+


+-----------------------------------------------------------+
; Minimum Propagation Delay                                 ;
+------------+--------------+-------+-------+-------+-------+
; Input Port ; Output Port  ; RR    ; RF    ; FR    ; FF    ;
+------------+--------------+-------+-------+-------+-------+
; iSelect[0] ; oDisplay1[0] ;       ; 3.665 ; 4.290 ;       ;
; iSelect[0] ; oDisplay1[1] ;       ; 3.704 ; 4.336 ;       ;
; iSelect[0] ; oDisplay1[2] ;       ; 3.643 ; 4.255 ;       ;
; iSelect[0] ; oDisplay1[3] ;       ; 3.696 ; 4.335 ;       ;
; iSelect[0] ; oDisplay1[4] ;       ; 3.637 ; 4.246 ;       ;
; iSelect[0] ; oDisplay1[5] ;       ; 3.681 ; 4.317 ;       ;
; iSelect[0] ; oDisplay1[6] ;       ; 3.645 ; 4.268 ;       ;
; iSelect[0] ; oDisplay2[0] ; 3.682 ;       ;       ; 4.032 ;
; iSelect[0] ; oDisplay2[1] ; 3.538 ;       ;       ; 3.933 ;
; iSelect[0] ; oDisplay2[2] ; 3.665 ;       ;       ; 4.018 ;
; iSelect[0] ; oDisplay2[3] ; 3.676 ;       ;       ; 4.027 ;
; iSelect[0] ; oDisplay2[4] ; 3.630 ;       ;       ; 4.023 ;
; iSelect[0] ; oDisplay2[5] ; 3.694 ;       ;       ; 4.081 ;
; iSelect[0] ; oDisplay2[6] ; 3.708 ;       ;       ; 4.105 ;
; iSelect[0] ; oDisplay3[0] ;       ; 3.708 ; 4.413 ;       ;
; iSelect[0] ; oDisplay3[1] ;       ; 3.744 ; 4.421 ;       ;
; iSelect[0] ; oDisplay3[2] ;       ; 3.704 ; 4.393 ;       ;
; iSelect[0] ; oDisplay3[3] ;       ; 3.490 ; 4.113 ;       ;
; iSelect[0] ; oDisplay3[4] ;       ; 3.674 ; 4.355 ;       ;
; iSelect[0] ; oDisplay3[5] ;       ; 3.603 ; 4.220 ;       ;
; iSelect[0] ; oDisplay3[6] ;       ; 3.459 ; 4.035 ;       ;
; iSelect[0] ; oDisplay4[0] ; 3.466 ;       ;       ; 3.858 ;
; iSelect[0] ; oDisplay4[1] ; 3.698 ;       ;       ; 3.999 ;
; iSelect[0] ; oDisplay4[2] ; 3.483 ;       ;       ; 3.845 ;
; iSelect[0] ; oDisplay4[3] ; 3.667 ;       ;       ; 4.003 ;
; iSelect[0] ; oDisplay4[4] ; 3.826 ;       ;       ; 4.099 ;
; iSelect[0] ; oDisplay4[5] ; 3.878 ;       ;       ; 4.146 ;
; iSelect[0] ; oDisplay4[6] ; 3.862 ;       ;       ; 4.160 ;
; iSelect[0] ; oDisplay5[0] ;       ; 3.717 ; 4.369 ;       ;
; iSelect[0] ; oDisplay5[1] ;       ; 3.583 ; 4.209 ;       ;
; iSelect[0] ; oDisplay5[2] ;       ; 3.483 ; 4.080 ;       ;
; iSelect[0] ; oDisplay5[3] ;       ; 3.621 ; 4.274 ;       ;
; iSelect[0] ; oDisplay5[4] ;       ; 3.491 ; 4.122 ;       ;
; iSelect[0] ; oDisplay5[5] ;       ; 3.473 ; 4.121 ;       ;
; iSelect[0] ; oDisplay5[6] ;       ; 3.519 ; 4.143 ;       ;
; iSelect[0] ; oDisplay6[0] ; 3.778 ;       ;       ; 4.055 ;
; iSelect[0] ; oDisplay6[1] ; 3.765 ;       ;       ; 4.066 ;
; iSelect[0] ; oDisplay6[2] ; 3.862 ;       ;       ; 4.143 ;
; iSelect[0] ; oDisplay6[3] ; 3.777 ;       ;       ; 4.091 ;
; iSelect[0] ; oDisplay6[4] ; 5.367 ;       ;       ; 5.325 ;
; iSelect[0] ; oDisplay6[5] ; 5.400 ;       ;       ; 5.348 ;
; iSelect[0] ; oDisplay6[6] ; 3.832 ;       ;       ; 4.111 ;
; iSelect[1] ; oDisplay1[0] ; 3.873 ;       ;       ; 4.195 ;
; iSelect[1] ; oDisplay1[1] ; 3.919 ;       ;       ; 4.234 ;
; iSelect[1] ; oDisplay1[2] ; 3.838 ;       ;       ; 4.173 ;
; iSelect[1] ; oDisplay1[3] ; 3.918 ;       ;       ; 4.226 ;
; iSelect[1] ; oDisplay1[4] ; 3.829 ;       ;       ; 4.167 ;
; iSelect[1] ; oDisplay1[5] ; 3.900 ;       ;       ; 4.211 ;
; iSelect[1] ; oDisplay1[6] ; 3.851 ;       ;       ; 4.175 ;
; iSelect[1] ; oDisplay2[0] ;       ; 3.576 ; 4.191 ;       ;
; iSelect[1] ; oDisplay2[1] ;       ; 3.477 ; 4.047 ;       ;
; iSelect[1] ; oDisplay2[2] ;       ; 3.562 ; 4.174 ;       ;
; iSelect[1] ; oDisplay2[3] ;       ; 3.571 ; 4.185 ;       ;
; iSelect[1] ; oDisplay2[4] ;       ; 3.567 ; 4.139 ;       ;
; iSelect[1] ; oDisplay2[5] ;       ; 3.625 ; 4.203 ;       ;
; iSelect[1] ; oDisplay2[6] ;       ; 3.649 ; 4.217 ;       ;
; iSelect[1] ; oDisplay3[0] ;       ; 3.766 ; 4.477 ;       ;
; iSelect[1] ; oDisplay3[1] ;       ; 3.802 ; 4.485 ;       ;
; iSelect[1] ; oDisplay3[2] ;       ; 3.762 ; 4.457 ;       ;
; iSelect[1] ; oDisplay3[3] ;       ; 3.548 ; 4.177 ;       ;
; iSelect[1] ; oDisplay3[4] ;       ; 3.732 ; 4.419 ;       ;
; iSelect[1] ; oDisplay3[5] ;       ; 3.661 ; 4.284 ;       ;
; iSelect[1] ; oDisplay3[6] ;       ; 3.517 ; 4.099 ;       ;
; iSelect[1] ; oDisplay4[0] ; 3.528 ;       ;       ; 3.907 ;
; iSelect[1] ; oDisplay4[1] ; 3.760 ;       ;       ; 4.048 ;
; iSelect[1] ; oDisplay4[2] ; 3.545 ;       ;       ; 3.894 ;
; iSelect[1] ; oDisplay4[3] ; 3.729 ;       ;       ; 4.052 ;
; iSelect[1] ; oDisplay4[4] ; 3.888 ;       ;       ; 4.148 ;
; iSelect[1] ; oDisplay4[5] ; 3.940 ;       ;       ; 4.195 ;
; iSelect[1] ; oDisplay4[6] ; 3.924 ;       ;       ; 4.209 ;
; iSelect[1] ; oDisplay5[0] ; 3.961 ;       ;       ; 4.254 ;
; iSelect[1] ; oDisplay5[1] ; 3.801 ;       ;       ; 4.120 ;
; iSelect[1] ; oDisplay5[2] ; 3.672 ;       ;       ; 4.020 ;
; iSelect[1] ; oDisplay5[3] ; 3.866 ;       ;       ; 4.158 ;
; iSelect[1] ; oDisplay5[4] ; 3.714 ;       ;       ; 4.028 ;
; iSelect[1] ; oDisplay5[5] ; 3.713 ;       ;       ; 4.010 ;
; iSelect[1] ; oDisplay5[6] ; 3.735 ;       ;       ; 4.056 ;
; iSelect[1] ; oDisplay6[0] ;       ; 3.628 ; 4.318 ;       ;
; iSelect[1] ; oDisplay6[1] ;       ; 3.639 ; 4.305 ;       ;
; iSelect[1] ; oDisplay6[2] ;       ; 3.716 ; 4.402 ;       ;
; iSelect[1] ; oDisplay6[3] ;       ; 3.664 ; 4.317 ;       ;
; iSelect[1] ; oDisplay6[4] ;       ; 4.898 ; 5.907 ;       ;
; iSelect[1] ; oDisplay6[5] ;       ; 4.921 ; 5.940 ;       ;
; iSelect[1] ; oDisplay6[6] ;       ; 3.684 ; 4.372 ;       ;
; iSelect[2] ; oDisplay1[0] ; 4.033 ;       ;       ; 4.361 ;
; iSelect[2] ; oDisplay1[1] ; 4.079 ;       ;       ; 4.400 ;
; iSelect[2] ; oDisplay1[2] ; 3.998 ;       ;       ; 4.339 ;
; iSelect[2] ; oDisplay1[3] ; 4.078 ;       ;       ; 4.392 ;
; iSelect[2] ; oDisplay1[4] ; 3.989 ;       ;       ; 4.333 ;
; iSelect[2] ; oDisplay1[5] ; 4.060 ;       ;       ; 4.377 ;
; iSelect[2] ; oDisplay1[6] ; 4.011 ;       ;       ; 4.341 ;
; iSelect[2] ; oDisplay2[0] ; 3.901 ;       ;       ; 4.240 ;
; iSelect[2] ; oDisplay2[1] ; 3.757 ;       ;       ; 4.141 ;
; iSelect[2] ; oDisplay2[2] ; 3.884 ;       ;       ; 4.226 ;
; iSelect[2] ; oDisplay2[3] ; 3.895 ;       ;       ; 4.235 ;
; iSelect[2] ; oDisplay2[4] ; 3.849 ;       ;       ; 4.231 ;
; iSelect[2] ; oDisplay2[5] ; 3.913 ;       ;       ; 4.289 ;
; iSelect[2] ; oDisplay2[6] ; 3.927 ;       ;       ; 4.313 ;
; iSelect[2] ; oDisplay3[0] ; 4.182 ;       ;       ; 4.430 ;
; iSelect[2] ; oDisplay3[1] ; 4.190 ;       ;       ; 4.466 ;
; iSelect[2] ; oDisplay3[2] ; 4.162 ;       ;       ; 4.426 ;
; iSelect[2] ; oDisplay3[3] ; 3.882 ;       ;       ; 4.212 ;
; iSelect[2] ; oDisplay3[4] ; 4.124 ;       ;       ; 4.396 ;
; iSelect[2] ; oDisplay3[5] ; 3.989 ;       ;       ; 4.325 ;
; iSelect[2] ; oDisplay3[6] ; 3.804 ;       ;       ; 4.181 ;
; iSelect[2] ; oDisplay4[0] ;       ; 3.608 ; 4.189 ;       ;
; iSelect[2] ; oDisplay4[1] ;       ; 3.749 ; 4.421 ;       ;
; iSelect[2] ; oDisplay4[2] ;       ; 3.595 ; 4.206 ;       ;
; iSelect[2] ; oDisplay4[3] ;       ; 3.753 ; 4.390 ;       ;
; iSelect[2] ; oDisplay4[4] ;       ; 3.849 ; 4.549 ;       ;
; iSelect[2] ; oDisplay4[5] ;       ; 3.896 ; 4.601 ;       ;
; iSelect[2] ; oDisplay4[6] ;       ; 3.910 ; 4.585 ;       ;
; iSelect[2] ; oDisplay5[0] ;       ; 3.954 ; 4.620 ;       ;
; iSelect[2] ; oDisplay5[1] ;       ; 3.820 ; 4.460 ;       ;
; iSelect[2] ; oDisplay5[2] ;       ; 3.720 ; 4.331 ;       ;
; iSelect[2] ; oDisplay5[3] ;       ; 3.858 ; 4.525 ;       ;
; iSelect[2] ; oDisplay5[4] ;       ; 3.728 ; 4.373 ;       ;
; iSelect[2] ; oDisplay5[5] ;       ; 3.710 ; 4.372 ;       ;
; iSelect[2] ; oDisplay5[6] ;       ; 3.756 ; 4.394 ;       ;
; iSelect[2] ; oDisplay6[0] ;       ; 3.805 ; 4.503 ;       ;
; iSelect[2] ; oDisplay6[1] ;       ; 3.816 ; 4.490 ;       ;
; iSelect[2] ; oDisplay6[2] ;       ; 3.893 ; 4.587 ;       ;
; iSelect[2] ; oDisplay6[3] ;       ; 3.841 ; 4.502 ;       ;
; iSelect[2] ; oDisplay6[4] ;       ; 5.075 ; 6.092 ;       ;
; iSelect[2] ; oDisplay6[5] ;       ; 5.098 ; 6.125 ;       ;
; iSelect[2] ; oDisplay6[6] ;       ; 3.861 ; 4.557 ;       ;
+------------+--------------+-------+-------+-------+-------+


---------------------------------------------
; Fast 1100mV 0C Model Metastability Report ;
---------------------------------------------
No synchronizer chains to report.


+----------------------------------------------------------------------------+
; Multicorner Timing Analysis Summary                                        ;
+------------------+-------+------+----------+---------+---------------------+
; Clock            ; Setup ; Hold ; Recovery ; Removal ; Minimum Pulse Width ;
+------------------+-------+------+----------+---------+---------------------+
; Worst-case Slack ; N/A   ; N/A  ; N/A      ; N/A     ; N/A                 ;
; Design-wide TNS  ; 0.0   ; 0.0  ; 0.0      ; 0.0     ; 0.0                 ;
+------------------+-------+------+----------+---------+---------------------+


+---------------------------------------------------------------+
; Propagation Delay                                             ;
+------------+--------------+--------+--------+--------+--------+
; Input Port ; Output Port  ; RR     ; RF     ; FR     ; FF     ;
+------------+--------------+--------+--------+--------+--------+
; iSelect[0] ; oDisplay1[0] ;        ; 7.781  ; 8.198  ;        ;
; iSelect[0] ; oDisplay1[1] ;        ; 7.866  ; 8.296  ;        ;
; iSelect[0] ; oDisplay1[2] ;        ; 7.776  ; 8.136  ;        ;
; iSelect[0] ; oDisplay1[3] ;        ; 7.923  ; 8.328  ;        ;
; iSelect[0] ; oDisplay1[4] ;        ; 7.752  ; 8.106  ;        ;
; iSelect[0] ; oDisplay1[5] ;        ; 7.890  ; 8.289  ;        ;
; iSelect[0] ; oDisplay1[6] ;        ; 7.815  ; 8.165  ;        ;
; iSelect[0] ; oDisplay2[0] ; 7.810  ;        ;        ; 7.841  ;
; iSelect[0] ; oDisplay2[1] ; 7.479  ;        ;        ; 7.568  ;
; iSelect[0] ; oDisplay2[2] ; 7.773  ;        ;        ; 7.809  ;
; iSelect[0] ; oDisplay2[3] ; 7.809  ;        ;        ; 7.841  ;
; iSelect[0] ; oDisplay2[4] ; 7.709  ;        ;        ; 7.808  ;
; iSelect[0] ; oDisplay2[5] ; 7.869  ;        ;        ; 8.001  ;
; iSelect[0] ; oDisplay2[6] ; 7.868  ;        ;        ; 8.034  ;
; iSelect[0] ; oDisplay3[0] ;        ; 8.063  ; 8.493  ;        ;
; iSelect[0] ; oDisplay3[1] ;        ; 8.123  ; 8.560  ;        ;
; iSelect[0] ; oDisplay3[2] ;        ; 8.029  ; 8.490  ;        ;
; iSelect[0] ; oDisplay3[3] ;        ; 7.549  ; 7.921  ;        ;
; iSelect[0] ; oDisplay3[4] ;        ; 8.008  ; 8.439  ;        ;
; iSelect[0] ; oDisplay3[5] ;        ; 7.661  ; 8.068  ;        ;
; iSelect[0] ; oDisplay3[6] ;        ; 7.394  ; 7.708  ;        ;
; iSelect[0] ; oDisplay4[0] ; 7.354  ;        ;        ; 7.457  ;
; iSelect[0] ; oDisplay4[1] ; 7.849  ;        ;        ; 7.820  ;
; iSelect[0] ; oDisplay4[2] ; 7.363  ;        ;        ; 7.458  ;
; iSelect[0] ; oDisplay4[3] ; 7.814  ;        ;        ; 7.803  ;
; iSelect[0] ; oDisplay4[4] ; 8.112  ;        ;        ; 8.023  ;
; iSelect[0] ; oDisplay4[5] ; 8.199  ;        ;        ; 8.101  ;
; iSelect[0] ; oDisplay4[6] ; 8.190  ;        ;        ; 8.101  ;
; iSelect[0] ; oDisplay5[0] ;        ; 7.951  ; 8.408  ;        ;
; iSelect[0] ; oDisplay5[1] ;        ; 7.661  ; 8.042  ;        ;
; iSelect[0] ; oDisplay5[2] ;        ; 7.480  ; 7.771  ;        ;
; iSelect[0] ; oDisplay5[3] ;        ; 7.793  ; 8.236  ;        ;
; iSelect[0] ; oDisplay5[4] ;        ; 7.604  ; 7.899  ;        ;
; iSelect[0] ; oDisplay5[5] ;        ; 7.532  ; 7.909  ;        ;
; iSelect[0] ; oDisplay5[6] ;        ; 7.613  ; 7.949  ;        ;
; iSelect[0] ; oDisplay6[0] ; 7.964  ;        ;        ; 7.964  ;
; iSelect[0] ; oDisplay6[1] ; 7.942  ;        ;        ; 7.942  ;
; iSelect[0] ; oDisplay6[2] ; 8.193  ;        ;        ; 8.166  ;
; iSelect[0] ; oDisplay6[3] ; 8.015  ;        ;        ; 8.050  ;
; iSelect[0] ; oDisplay6[4] ; 10.858 ;        ;        ; 10.244 ;
; iSelect[0] ; oDisplay6[5] ; 10.929 ;        ;        ; 10.305 ;
; iSelect[0] ; oDisplay6[6] ; 8.039  ;        ;        ; 8.051  ;
; iSelect[1] ; oDisplay1[0] ; 8.280  ;        ;        ; 8.257  ;
; iSelect[1] ; oDisplay1[1] ; 8.378  ;        ;        ; 8.342  ;
; iSelect[1] ; oDisplay1[2] ; 8.218  ;        ;        ; 8.252  ;
; iSelect[1] ; oDisplay1[3] ; 8.410  ;        ;        ; 8.399  ;
; iSelect[1] ; oDisplay1[4] ; 8.188  ;        ;        ; 8.228  ;
; iSelect[1] ; oDisplay1[5] ; 8.371  ;        ;        ; 8.366  ;
; iSelect[1] ; oDisplay1[6] ; 8.247  ;        ;        ; 8.291  ;
; iSelect[1] ; oDisplay2[0] ;        ; 7.789  ; 8.229  ;        ;
; iSelect[1] ; oDisplay2[1] ;        ; 7.516  ; 7.898  ;        ;
; iSelect[1] ; oDisplay2[2] ;        ; 7.757  ; 8.192  ;        ;
; iSelect[1] ; oDisplay2[3] ;        ; 7.789  ; 8.228  ;        ;
; iSelect[1] ; oDisplay2[4] ;        ; 7.756  ; 8.128  ;        ;
; iSelect[1] ; oDisplay2[5] ;        ; 7.949  ; 8.288  ;        ;
; iSelect[1] ; oDisplay2[6] ;        ; 7.982  ; 8.287  ;        ;
; iSelect[1] ; oDisplay3[0] ;        ; 8.345  ; 8.767  ;        ;
; iSelect[1] ; oDisplay3[1] ;        ; 8.405  ; 8.834  ;        ;
; iSelect[1] ; oDisplay3[2] ;        ; 8.311  ; 8.764  ;        ;
; iSelect[1] ; oDisplay3[3] ;        ; 7.831  ; 8.195  ;        ;
; iSelect[1] ; oDisplay3[4] ;        ; 8.290  ; 8.713  ;        ;
; iSelect[1] ; oDisplay3[5] ;        ; 7.943  ; 8.342  ;        ;
; iSelect[1] ; oDisplay3[6] ;        ; 7.676  ; 7.982  ;        ;
; iSelect[1] ; oDisplay4[0] ; 7.615  ;        ;        ; 7.728  ;
; iSelect[1] ; oDisplay4[1] ; 8.110  ;        ;        ; 8.091  ;
; iSelect[1] ; oDisplay4[2] ; 7.624  ;        ;        ; 7.729  ;
; iSelect[1] ; oDisplay4[3] ; 8.075  ;        ;        ; 8.074  ;
; iSelect[1] ; oDisplay4[4] ; 8.373  ;        ;        ; 8.294  ;
; iSelect[1] ; oDisplay4[5] ; 8.460  ;        ;        ; 8.372  ;
; iSelect[1] ; oDisplay4[6] ; 8.451  ;        ;        ; 8.372  ;
; iSelect[1] ; oDisplay5[0] ; 8.496  ;        ;        ; 8.434  ;
; iSelect[1] ; oDisplay5[1] ; 8.130  ;        ;        ; 8.144  ;
; iSelect[1] ; oDisplay5[2] ; 7.859  ;        ;        ; 7.963  ;
; iSelect[1] ; oDisplay5[3] ; 8.324  ;        ;        ; 8.276  ;
; iSelect[1] ; oDisplay5[4] ; 7.987  ;        ;        ; 8.087  ;
; iSelect[1] ; oDisplay5[5] ; 7.997  ;        ;        ; 8.015  ;
; iSelect[1] ; oDisplay5[6] ; 8.037  ;        ;        ; 8.096  ;
; iSelect[1] ; oDisplay6[0] ;        ; 8.039  ; 8.416  ;        ;
; iSelect[1] ; oDisplay6[1] ;        ; 8.017  ; 8.394  ;        ;
; iSelect[1] ; oDisplay6[2] ;        ; 8.241  ; 8.645  ;        ;
; iSelect[1] ; oDisplay6[3] ;        ; 8.125  ; 8.467  ;        ;
; iSelect[1] ; oDisplay6[4] ;        ; 10.319 ; 11.310 ;        ;
; iSelect[1] ; oDisplay6[5] ;        ; 10.380 ; 11.381 ;        ;
; iSelect[1] ; oDisplay6[6] ;        ; 8.126  ; 8.491  ;        ;
; iSelect[2] ; oDisplay1[0] ; 8.567  ;        ;        ; 8.557  ;
; iSelect[2] ; oDisplay1[1] ; 8.665  ;        ;        ; 8.642  ;
; iSelect[2] ; oDisplay1[2] ; 8.505  ;        ;        ; 8.552  ;
; iSelect[2] ; oDisplay1[3] ; 8.697  ;        ;        ; 8.699  ;
; iSelect[2] ; oDisplay1[4] ; 8.475  ;        ;        ; 8.528  ;
; iSelect[2] ; oDisplay1[5] ; 8.658  ;        ;        ; 8.666  ;
; iSelect[2] ; oDisplay1[6] ; 8.534  ;        ;        ; 8.591  ;
; iSelect[2] ; oDisplay2[0] ; 8.354  ;        ;        ; 8.406  ;
; iSelect[2] ; oDisplay2[1] ; 8.023  ;        ;        ; 8.133  ;
; iSelect[2] ; oDisplay2[2] ; 8.317  ;        ;        ; 8.374  ;
; iSelect[2] ; oDisplay2[3] ; 8.353  ;        ;        ; 8.406  ;
; iSelect[2] ; oDisplay2[4] ; 8.253  ;        ;        ; 8.373  ;
; iSelect[2] ; oDisplay2[5] ; 8.413  ;        ;        ; 8.566  ;
; iSelect[2] ; oDisplay2[6] ; 8.412  ;        ;        ; 8.599  ;
; iSelect[2] ; oDisplay3[0] ; 8.890  ;        ;        ; 8.868  ;
; iSelect[2] ; oDisplay3[1] ; 8.957  ;        ;        ; 8.928  ;
; iSelect[2] ; oDisplay3[2] ; 8.887  ;        ;        ; 8.834  ;
; iSelect[2] ; oDisplay3[3] ; 8.318  ;        ;        ; 8.354  ;
; iSelect[2] ; oDisplay3[4] ; 8.836  ;        ;        ; 8.813  ;
; iSelect[2] ; oDisplay3[5] ; 8.465  ;        ;        ; 8.466  ;
; iSelect[2] ; oDisplay3[6] ; 8.105  ;        ;        ; 8.199  ;
; iSelect[2] ; oDisplay4[0] ;        ; 7.851  ; 8.136  ;        ;
; iSelect[2] ; oDisplay4[1] ;        ; 8.214  ; 8.631  ;        ;
; iSelect[2] ; oDisplay4[2] ;        ; 7.852  ; 8.145  ;        ;
; iSelect[2] ; oDisplay4[3] ;        ; 8.197  ; 8.596  ;        ;
; iSelect[2] ; oDisplay4[4] ;        ; 8.417  ; 8.894  ;        ;
; iSelect[2] ; oDisplay4[5] ;        ; 8.495  ; 8.981  ;        ;
; iSelect[2] ; oDisplay4[6] ;        ; 8.495  ; 8.972  ;        ;
; iSelect[2] ; oDisplay5[0] ;        ; 8.555  ; 9.015  ;        ;
; iSelect[2] ; oDisplay5[1] ;        ; 8.265  ; 8.649  ;        ;
; iSelect[2] ; oDisplay5[2] ;        ; 8.084  ; 8.378  ;        ;
; iSelect[2] ; oDisplay5[3] ;        ; 8.397  ; 8.843  ;        ;
; iSelect[2] ; oDisplay5[4] ;        ; 8.208  ; 8.506  ;        ;
; iSelect[2] ; oDisplay5[5] ;        ; 8.136  ; 8.516  ;        ;
; iSelect[2] ; oDisplay5[6] ;        ; 8.217  ; 8.556  ;        ;
; iSelect[2] ; oDisplay6[0] ;        ; 8.358  ; 8.746  ;        ;
; iSelect[2] ; oDisplay6[1] ;        ; 8.336  ; 8.724  ;        ;
; iSelect[2] ; oDisplay6[2] ;        ; 8.560  ; 8.975  ;        ;
; iSelect[2] ; oDisplay6[3] ;        ; 8.444  ; 8.797  ;        ;
; iSelect[2] ; oDisplay6[4] ;        ; 10.638 ; 11.640 ;        ;
; iSelect[2] ; oDisplay6[5] ;        ; 10.699 ; 11.711 ;        ;
; iSelect[2] ; oDisplay6[6] ;        ; 8.445  ; 8.821  ;        ;
+------------+--------------+--------+--------+--------+--------+


+-----------------------------------------------------------+
; Minimum Propagation Delay                                 ;
+------------+--------------+-------+-------+-------+-------+
; Input Port ; Output Port  ; RR    ; RF    ; FR    ; FF    ;
+------------+--------------+-------+-------+-------+-------+
; iSelect[0] ; oDisplay1[0] ;       ; 3.665 ; 4.290 ;       ;
; iSelect[0] ; oDisplay1[1] ;       ; 3.704 ; 4.336 ;       ;
; iSelect[0] ; oDisplay1[2] ;       ; 3.643 ; 4.255 ;       ;
; iSelect[0] ; oDisplay1[3] ;       ; 3.696 ; 4.335 ;       ;
; iSelect[0] ; oDisplay1[4] ;       ; 3.637 ; 4.246 ;       ;
; iSelect[0] ; oDisplay1[5] ;       ; 3.681 ; 4.317 ;       ;
; iSelect[0] ; oDisplay1[6] ;       ; 3.645 ; 4.268 ;       ;
; iSelect[0] ; oDisplay2[0] ; 3.682 ;       ;       ; 4.032 ;
; iSelect[0] ; oDisplay2[1] ; 3.538 ;       ;       ; 3.933 ;
; iSelect[0] ; oDisplay2[2] ; 3.665 ;       ;       ; 4.018 ;
; iSelect[0] ; oDisplay2[3] ; 3.676 ;       ;       ; 4.027 ;
; iSelect[0] ; oDisplay2[4] ; 3.630 ;       ;       ; 4.023 ;
; iSelect[0] ; oDisplay2[5] ; 3.694 ;       ;       ; 4.081 ;
; iSelect[0] ; oDisplay2[6] ; 3.708 ;       ;       ; 4.105 ;
; iSelect[0] ; oDisplay3[0] ;       ; 3.708 ; 4.413 ;       ;
; iSelect[0] ; oDisplay3[1] ;       ; 3.744 ; 4.421 ;       ;
; iSelect[0] ; oDisplay3[2] ;       ; 3.704 ; 4.393 ;       ;
; iSelect[0] ; oDisplay3[3] ;       ; 3.490 ; 4.113 ;       ;
; iSelect[0] ; oDisplay3[4] ;       ; 3.674 ; 4.355 ;       ;
; iSelect[0] ; oDisplay3[5] ;       ; 3.603 ; 4.220 ;       ;
; iSelect[0] ; oDisplay3[6] ;       ; 3.459 ; 4.035 ;       ;
; iSelect[0] ; oDisplay4[0] ; 3.466 ;       ;       ; 3.858 ;
; iSelect[0] ; oDisplay4[1] ; 3.698 ;       ;       ; 3.999 ;
; iSelect[0] ; oDisplay4[2] ; 3.483 ;       ;       ; 3.845 ;
; iSelect[0] ; oDisplay4[3] ; 3.667 ;       ;       ; 4.003 ;
; iSelect[0] ; oDisplay4[4] ; 3.826 ;       ;       ; 4.099 ;
; iSelect[0] ; oDisplay4[5] ; 3.878 ;       ;       ; 4.146 ;
; iSelect[0] ; oDisplay4[6] ; 3.862 ;       ;       ; 4.160 ;
; iSelect[0] ; oDisplay5[0] ;       ; 3.717 ; 4.369 ;       ;
; iSelect[0] ; oDisplay5[1] ;       ; 3.583 ; 4.209 ;       ;
; iSelect[0] ; oDisplay5[2] ;       ; 3.483 ; 4.080 ;       ;
; iSelect[0] ; oDisplay5[3] ;       ; 3.621 ; 4.274 ;       ;
; iSelect[0] ; oDisplay5[4] ;       ; 3.491 ; 4.122 ;       ;
; iSelect[0] ; oDisplay5[5] ;       ; 3.473 ; 4.121 ;       ;
; iSelect[0] ; oDisplay5[6] ;       ; 3.519 ; 4.143 ;       ;
; iSelect[0] ; oDisplay6[0] ; 3.778 ;       ;       ; 4.055 ;
; iSelect[0] ; oDisplay6[1] ; 3.765 ;       ;       ; 4.066 ;
; iSelect[0] ; oDisplay6[2] ; 3.862 ;       ;       ; 4.143 ;
; iSelect[0] ; oDisplay6[3] ; 3.777 ;       ;       ; 4.091 ;
; iSelect[0] ; oDisplay6[4] ; 5.367 ;       ;       ; 5.325 ;
; iSelect[0] ; oDisplay6[5] ; 5.400 ;       ;       ; 5.348 ;
; iSelect[0] ; oDisplay6[6] ; 3.832 ;       ;       ; 4.111 ;
; iSelect[1] ; oDisplay1[0] ; 3.873 ;       ;       ; 4.195 ;
; iSelect[1] ; oDisplay1[1] ; 3.919 ;       ;       ; 4.234 ;
; iSelect[1] ; oDisplay1[2] ; 3.838 ;       ;       ; 4.173 ;
; iSelect[1] ; oDisplay1[3] ; 3.918 ;       ;       ; 4.226 ;
; iSelect[1] ; oDisplay1[4] ; 3.829 ;       ;       ; 4.167 ;
; iSelect[1] ; oDisplay1[5] ; 3.900 ;       ;       ; 4.211 ;
; iSelect[1] ; oDisplay1[6] ; 3.851 ;       ;       ; 4.175 ;
; iSelect[1] ; oDisplay2[0] ;       ; 3.576 ; 4.191 ;       ;
; iSelect[1] ; oDisplay2[1] ;       ; 3.477 ; 4.047 ;       ;
; iSelect[1] ; oDisplay2[2] ;       ; 3.562 ; 4.174 ;       ;
; iSelect[1] ; oDisplay2[3] ;       ; 3.571 ; 4.185 ;       ;
; iSelect[1] ; oDisplay2[4] ;       ; 3.567 ; 4.139 ;       ;
; iSelect[1] ; oDisplay2[5] ;       ; 3.625 ; 4.203 ;       ;
; iSelect[1] ; oDisplay2[6] ;       ; 3.649 ; 4.217 ;       ;
; iSelect[1] ; oDisplay3[0] ;       ; 3.766 ; 4.477 ;       ;
; iSelect[1] ; oDisplay3[1] ;       ; 3.802 ; 4.485 ;       ;
; iSelect[1] ; oDisplay3[2] ;       ; 3.762 ; 4.457 ;       ;
; iSelect[1] ; oDisplay3[3] ;       ; 3.548 ; 4.177 ;       ;
; iSelect[1] ; oDisplay3[4] ;       ; 3.732 ; 4.419 ;       ;
; iSelect[1] ; oDisplay3[5] ;       ; 3.661 ; 4.284 ;       ;
; iSelect[1] ; oDisplay3[6] ;       ; 3.517 ; 4.099 ;       ;
; iSelect[1] ; oDisplay4[0] ; 3.528 ;       ;       ; 3.907 ;
; iSelect[1] ; oDisplay4[1] ; 3.760 ;       ;       ; 4.048 ;
; iSelect[1] ; oDisplay4[2] ; 3.545 ;       ;       ; 3.894 ;
; iSelect[1] ; oDisplay4[3] ; 3.729 ;       ;       ; 4.052 ;
; iSelect[1] ; oDisplay4[4] ; 3.888 ;       ;       ; 4.148 ;
; iSelect[1] ; oDisplay4[5] ; 3.940 ;       ;       ; 4.195 ;
; iSelect[1] ; oDisplay4[6] ; 3.924 ;       ;       ; 4.209 ;
; iSelect[1] ; oDisplay5[0] ; 3.961 ;       ;       ; 4.254 ;
; iSelect[1] ; oDisplay5[1] ; 3.801 ;       ;       ; 4.120 ;
; iSelect[1] ; oDisplay5[2] ; 3.672 ;       ;       ; 4.020 ;
; iSelect[1] ; oDisplay5[3] ; 3.866 ;       ;       ; 4.158 ;
; iSelect[1] ; oDisplay5[4] ; 3.714 ;       ;       ; 4.028 ;
; iSelect[1] ; oDisplay5[5] ; 3.713 ;       ;       ; 4.010 ;
; iSelect[1] ; oDisplay5[6] ; 3.735 ;       ;       ; 4.056 ;
; iSelect[1] ; oDisplay6[0] ;       ; 3.628 ; 4.318 ;       ;
; iSelect[1] ; oDisplay6[1] ;       ; 3.639 ; 4.305 ;       ;
; iSelect[1] ; oDisplay6[2] ;       ; 3.716 ; 4.402 ;       ;
; iSelect[1] ; oDisplay6[3] ;       ; 3.664 ; 4.317 ;       ;
; iSelect[1] ; oDisplay6[4] ;       ; 4.898 ; 5.907 ;       ;
; iSelect[1] ; oDisplay6[5] ;       ; 4.921 ; 5.940 ;       ;
; iSelect[1] ; oDisplay6[6] ;       ; 3.684 ; 4.372 ;       ;
; iSelect[2] ; oDisplay1[0] ; 4.033 ;       ;       ; 4.361 ;
; iSelect[2] ; oDisplay1[1] ; 4.079 ;       ;       ; 4.400 ;
; iSelect[2] ; oDisplay1[2] ; 3.998 ;       ;       ; 4.339 ;
; iSelect[2] ; oDisplay1[3] ; 4.078 ;       ;       ; 4.392 ;
; iSelect[2] ; oDisplay1[4] ; 3.989 ;       ;       ; 4.333 ;
; iSelect[2] ; oDisplay1[5] ; 4.060 ;       ;       ; 4.377 ;
; iSelect[2] ; oDisplay1[6] ; 4.011 ;       ;       ; 4.341 ;
; iSelect[2] ; oDisplay2[0] ; 3.901 ;       ;       ; 4.240 ;
; iSelect[2] ; oDisplay2[1] ; 3.757 ;       ;       ; 4.141 ;
; iSelect[2] ; oDisplay2[2] ; 3.884 ;       ;       ; 4.226 ;
; iSelect[2] ; oDisplay2[3] ; 3.895 ;       ;       ; 4.235 ;
; iSelect[2] ; oDisplay2[4] ; 3.849 ;       ;       ; 4.231 ;
; iSelect[2] ; oDisplay2[5] ; 3.913 ;       ;       ; 4.289 ;
; iSelect[2] ; oDisplay2[6] ; 3.927 ;       ;       ; 4.313 ;
; iSelect[2] ; oDisplay3[0] ; 4.182 ;       ;       ; 4.430 ;
; iSelect[2] ; oDisplay3[1] ; 4.190 ;       ;       ; 4.466 ;
; iSelect[2] ; oDisplay3[2] ; 4.162 ;       ;       ; 4.426 ;
; iSelect[2] ; oDisplay3[3] ; 3.882 ;       ;       ; 4.212 ;
; iSelect[2] ; oDisplay3[4] ; 4.124 ;       ;       ; 4.396 ;
; iSelect[2] ; oDisplay3[5] ; 3.989 ;       ;       ; 4.325 ;
; iSelect[2] ; oDisplay3[6] ; 3.804 ;       ;       ; 4.181 ;
; iSelect[2] ; oDisplay4[0] ;       ; 3.608 ; 4.189 ;       ;
; iSelect[2] ; oDisplay4[1] ;       ; 3.749 ; 4.421 ;       ;
; iSelect[2] ; oDisplay4[2] ;       ; 3.595 ; 4.206 ;       ;
; iSelect[2] ; oDisplay4[3] ;       ; 3.753 ; 4.390 ;       ;
; iSelect[2] ; oDisplay4[4] ;       ; 3.849 ; 4.549 ;       ;
; iSelect[2] ; oDisplay4[5] ;       ; 3.896 ; 4.601 ;       ;
; iSelect[2] ; oDisplay4[6] ;       ; 3.910 ; 4.585 ;       ;
; iSelect[2] ; oDisplay5[0] ;       ; 3.954 ; 4.620 ;       ;
; iSelect[2] ; oDisplay5[1] ;       ; 3.820 ; 4.460 ;       ;
; iSelect[2] ; oDisplay5[2] ;       ; 3.720 ; 4.331 ;       ;
; iSelect[2] ; oDisplay5[3] ;       ; 3.858 ; 4.525 ;       ;
; iSelect[2] ; oDisplay5[4] ;       ; 3.728 ; 4.373 ;       ;
; iSelect[2] ; oDisplay5[5] ;       ; 3.710 ; 4.372 ;       ;
; iSelect[2] ; oDisplay5[6] ;       ; 3.756 ; 4.394 ;       ;
; iSelect[2] ; oDisplay6[0] ;       ; 3.805 ; 4.503 ;       ;
; iSelect[2] ; oDisplay6[1] ;       ; 3.816 ; 4.490 ;       ;
; iSelect[2] ; oDisplay6[2] ;       ; 3.893 ; 4.587 ;       ;
; iSelect[2] ; oDisplay6[3] ;       ; 3.841 ; 4.502 ;       ;
; iSelect[2] ; oDisplay6[4] ;       ; 5.075 ; 6.092 ;       ;
; iSelect[2] ; oDisplay6[5] ;       ; 5.098 ; 6.125 ;       ;
; iSelect[2] ; oDisplay6[6] ;       ; 3.861 ; 4.557 ;       ;
+------------+--------------+-------+-------+-------+-------+


+-----------------------------------------------------------------------------------------------------------------------------------------------------------------------------------------------------------------------------------------------------------------------------------------------------------------------------------------------------------------------------------------------------------------+
; Board Trace Model Assignments                                                                                                                                                                                                                                                                                                                                                                                   ;
+--------------+--------------+-------------------+-------------------------+-------------------------+---------------+---------------------+----------------+------------------+--------+------------------+------------------------+------------------------+--------------+---------------+-----------------+-------+---------------------+--------------------+---------------+-----------------+-------------+
; Pin          ; I/O Standard ; Near Tline Length ; Near Tline L per Length ; Near Tline C per Length ; Near Series R ; Near Differential R ; Near Pull-up R ; Near Pull-down R ; Near C ; Far Tline Length ; Far Tline L per Length ; Far Tline C per Length ; Far Series R ; Far Pull-up R ; Far Pull-down R ; Far C ; Termination Voltage ; Far Differential R ; EBD File Name ; EBD Signal Name ; EBD Far-end ;
+--------------+--------------+-------------------+-------------------------+-------------------------+---------------+---------------------+----------------+------------------+--------+------------------+------------------------+------------------------+--------------+---------------+-----------------+-------+---------------------+--------------------+---------------+-----------------+-------------+
; oDisplay1[0] ; 2.5 V        ; 0 in              ; 0 H/in                  ; 0 F/in                  ; short         ; -                   ; open           ; open             ; open   ; 0 in             ; 0 H/in                 ; 0 F/in                 ; short        ; open          ; open            ; open  ; 0 V                 ; -                  ; n/a           ; n/a             ; n/a         ;
; oDisplay1[1] ; 2.5 V        ; 0 in              ; 0 H/in                  ; 0 F/in                  ; short         ; -                   ; open           ; open             ; open   ; 0 in             ; 0 H/in                 ; 0 F/in                 ; short        ; open          ; open            ; open  ; 0 V                 ; -                  ; n/a           ; n/a             ; n/a         ;
; oDisplay1[2] ; 2.5 V        ; 0 in              ; 0 H/in                  ; 0 F/in                  ; short         ; -                   ; open           ; open             ; open   ; 0 in             ; 0 H/in                 ; 0 F/in                 ; short        ; open          ; open            ; open  ; 0 V                 ; -                  ; n/a           ; n/a             ; n/a         ;
; oDisplay1[3] ; 2.5 V        ; 0 in              ; 0 H/in                  ; 0 F/in                  ; short         ; -                   ; open           ; open             ; open   ; 0 in             ; 0 H/in                 ; 0 F/in                 ; short        ; open          ; open            ; open  ; 0 V                 ; -                  ; n/a           ; n/a             ; n/a         ;
; oDisplay1[4] ; 2.5 V        ; 0 in              ; 0 H/in                  ; 0 F/in                  ; short         ; -                   ; open           ; open             ; open   ; 0 in             ; 0 H/in                 ; 0 F/in                 ; short        ; open          ; open            ; open  ; 0 V                 ; -                  ; n/a           ; n/a             ; n/a         ;
; oDisplay1[5] ; 2.5 V        ; 0 in              ; 0 H/in                  ; 0 F/in                  ; short         ; -                   ; open           ; open             ; open   ; 0 in             ; 0 H/in                 ; 0 F/in                 ; short        ; open          ; open            ; open  ; 0 V                 ; -                  ; n/a           ; n/a             ; n/a         ;
; oDisplay1[6] ; 2.5 V        ; 0 in              ; 0 H/in                  ; 0 F/in                  ; short         ; -                   ; open           ; open             ; open   ; 0 in             ; 0 H/in                 ; 0 F/in                 ; short        ; open          ; open            ; open  ; 0 V                 ; -                  ; n/a           ; n/a             ; n/a         ;
; oDisplay2[0] ; 2.5 V        ; 0 in              ; 0 H/in                  ; 0 F/in                  ; short         ; -                   ; open           ; open             ; open   ; 0 in             ; 0 H/in                 ; 0 F/in                 ; short        ; open          ; open            ; open  ; 0 V                 ; -                  ; n/a           ; n/a             ; n/a         ;
; oDisplay2[1] ; 2.5 V        ; 0 in              ; 0 H/in                  ; 0 F/in                  ; short         ; -                   ; open           ; open             ; open   ; 0 in             ; 0 H/in                 ; 0 F/in                 ; short        ; open          ; open            ; open  ; 0 V                 ; -                  ; n/a           ; n/a             ; n/a         ;
; oDisplay2[2] ; 2.5 V        ; 0 in              ; 0 H/in                  ; 0 F/in                  ; short         ; -                   ; open           ; open             ; open   ; 0 in             ; 0 H/in                 ; 0 F/in                 ; short        ; open          ; open            ; open  ; 0 V                 ; -                  ; n/a           ; n/a             ; n/a         ;
; oDisplay2[3] ; 2.5 V        ; 0 in              ; 0 H/in                  ; 0 F/in                  ; short         ; -                   ; open           ; open             ; open   ; 0 in             ; 0 H/in                 ; 0 F/in                 ; short        ; open          ; open            ; open  ; 0 V                 ; -                  ; n/a           ; n/a             ; n/a         ;
; oDisplay2[4] ; 2.5 V        ; 0 in              ; 0 H/in                  ; 0 F/in                  ; short         ; -                   ; open           ; open             ; open   ; 0 in             ; 0 H/in                 ; 0 F/in                 ; short        ; open          ; open            ; open  ; 0 V                 ; -                  ; n/a           ; n/a             ; n/a         ;
; oDisplay2[5] ; 2.5 V        ; 0 in              ; 0 H/in                  ; 0 F/in                  ; short         ; -                   ; open           ; open             ; open   ; 0 in             ; 0 H/in                 ; 0 F/in                 ; short        ; open          ; open            ; open  ; 0 V                 ; -                  ; n/a           ; n/a             ; n/a         ;
; oDisplay2[6] ; 2.5 V        ; 0 in              ; 0 H/in                  ; 0 F/in                  ; short         ; -                   ; open           ; open             ; open   ; 0 in             ; 0 H/in                 ; 0 F/in                 ; short        ; open          ; open            ; open  ; 0 V                 ; -                  ; n/a           ; n/a             ; n/a         ;
; oDisplay3[0] ; 2.5 V        ; 0 in              ; 0 H/in                  ; 0 F/in                  ; short         ; -                   ; open           ; open             ; open   ; 0 in             ; 0 H/in                 ; 0 F/in                 ; short        ; open          ; open            ; open  ; 0 V                 ; -                  ; n/a           ; n/a             ; n/a         ;
; oDisplay3[1] ; 2.5 V        ; 0 in              ; 0 H/in                  ; 0 F/in                  ; short         ; -                   ; open           ; open             ; open   ; 0 in             ; 0 H/in                 ; 0 F/in                 ; short        ; open          ; open            ; open  ; 0 V                 ; -                  ; n/a           ; n/a             ; n/a         ;
; oDisplay3[2] ; 2.5 V        ; 0 in              ; 0 H/in                  ; 0 F/in                  ; short         ; -                   ; open           ; open             ; open   ; 0 in             ; 0 H/in                 ; 0 F/in                 ; short        ; open          ; open            ; open  ; 0 V                 ; -                  ; n/a           ; n/a             ; n/a         ;
; oDisplay3[3] ; 2.5 V        ; 0 in              ; 0 H/in                  ; 0 F/in                  ; short         ; -                   ; open           ; open             ; open   ; 0 in             ; 0 H/in                 ; 0 F/in                 ; short        ; open          ; open            ; open  ; 0 V                 ; -                  ; n/a           ; n/a             ; n/a         ;
; oDisplay3[4] ; 2.5 V        ; 0 in              ; 0 H/in                  ; 0 F/in                  ; short         ; -                   ; open           ; open             ; open   ; 0 in             ; 0 H/in                 ; 0 F/in                 ; short        ; open          ; open            ; open  ; 0 V                 ; -                  ; n/a           ; n/a             ; n/a         ;
; oDisplay3[5] ; 2.5 V        ; 0 in              ; 0 H/in                  ; 0 F/in                  ; short         ; -                   ; open           ; open             ; open   ; 0 in             ; 0 H/in                 ; 0 F/in                 ; short        ; open          ; open            ; open  ; 0 V                 ; -                  ; n/a           ; n/a             ; n/a         ;
; oDisplay3[6] ; 2.5 V        ; 0 in              ; 0 H/in                  ; 0 F/in                  ; short         ; -                   ; open           ; open             ; open   ; 0 in             ; 0 H/in                 ; 0 F/in                 ; short        ; open          ; open            ; open  ; 0 V                 ; -                  ; n/a           ; n/a             ; n/a         ;
; oDisplay4[0] ; 2.5 V        ; 0 in              ; 0 H/in                  ; 0 F/in                  ; short         ; -                   ; open           ; open             ; open   ; 0 in             ; 0 H/in                 ; 0 F/in                 ; short        ; open          ; open            ; open  ; 0 V                 ; -                  ; n/a           ; n/a             ; n/a         ;
; oDisplay4[1] ; 2.5 V        ; 0 in              ; 0 H/in                  ; 0 F/in                  ; short         ; -                   ; open           ; open             ; open   ; 0 in             ; 0 H/in                 ; 0 F/in                 ; short        ; open          ; open            ; open  ; 0 V                 ; -                  ; n/a           ; n/a             ; n/a         ;
; oDisplay4[2] ; 2.5 V        ; 0 in              ; 0 H/in                  ; 0 F/in                  ; short         ; -                   ; open           ; open             ; open   ; 0 in             ; 0 H/in                 ; 0 F/in                 ; short        ; open          ; open            ; open  ; 0 V                 ; -                  ; n/a           ; n/a             ; n/a         ;
; oDisplay4[3] ; 2.5 V        ; 0 in              ; 0 H/in                  ; 0 F/in                  ; short         ; -                   ; open           ; open             ; open   ; 0 in             ; 0 H/in                 ; 0 F/in                 ; short        ; open          ; open            ; open  ; 0 V                 ; -                  ; n/a           ; n/a             ; n/a         ;
; oDisplay4[4] ; 2.5 V        ; 0 in              ; 0 H/in                  ; 0 F/in                  ; short         ; -                   ; open           ; open             ; open   ; 0 in             ; 0 H/in                 ; 0 F/in                 ; short        ; open          ; open            ; open  ; 0 V                 ; -                  ; n/a           ; n/a             ; n/a         ;
; oDisplay4[5] ; 2.5 V        ; 0 in              ; 0 H/in                  ; 0 F/in                  ; short         ; -                   ; open           ; open             ; open   ; 0 in             ; 0 H/in                 ; 0 F/in                 ; short        ; open          ; open            ; open  ; 0 V                 ; -                  ; n/a           ; n/a             ; n/a         ;
; oDisplay4[6] ; 2.5 V        ; 0 in              ; 0 H/in                  ; 0 F/in                  ; short         ; -                   ; open           ; open             ; open   ; 0 in             ; 0 H/in                 ; 0 F/in                 ; short        ; open          ; open            ; open  ; 0 V                 ; -                  ; n/a           ; n/a             ; n/a         ;
; oDisplay5[0] ; 2.5 V        ; 0 in              ; 0 H/in                  ; 0 F/in                  ; short         ; -                   ; open           ; open             ; open   ; 0 in             ; 0 H/in                 ; 0 F/in                 ; short        ; open          ; open            ; open  ; 0 V                 ; -                  ; n/a           ; n/a             ; n/a         ;
; oDisplay5[1] ; 2.5 V        ; 0 in              ; 0 H/in                  ; 0 F/in                  ; short         ; -                   ; open           ; open             ; open   ; 0 in             ; 0 H/in                 ; 0 F/in                 ; short        ; open          ; open            ; open  ; 0 V                 ; -                  ; n/a           ; n/a             ; n/a         ;
; oDisplay5[2] ; 2.5 V        ; 0 in              ; 0 H/in                  ; 0 F/in                  ; short         ; -                   ; open           ; open             ; open   ; 0 in             ; 0 H/in                 ; 0 F/in                 ; short        ; open          ; open            ; open  ; 0 V                 ; -                  ; n/a           ; n/a             ; n/a         ;
; oDisplay5[3] ; 2.5 V        ; 0 in              ; 0 H/in                  ; 0 F/in                  ; short         ; -                   ; open           ; open             ; open   ; 0 in             ; 0 H/in                 ; 0 F/in                 ; short        ; open          ; open            ; open  ; 0 V                 ; -                  ; n/a           ; n/a             ; n/a         ;
; oDisplay5[4] ; 2.5 V        ; 0 in              ; 0 H/in                  ; 0 F/in                  ; short         ; -                   ; open           ; open             ; open   ; 0 in             ; 0 H/in                 ; 0 F/in                 ; short        ; open          ; open            ; open  ; 0 V                 ; -                  ; n/a           ; n/a             ; n/a         ;
; oDisplay5[5] ; 2.5 V        ; 0 in              ; 0 H/in                  ; 0 F/in                  ; short         ; -                   ; open           ; open             ; open   ; 0 in             ; 0 H/in                 ; 0 F/in                 ; short        ; open          ; open            ; open  ; 0 V                 ; -                  ; n/a           ; n/a             ; n/a         ;
; oDisplay5[6] ; 2.5 V        ; 0 in              ; 0 H/in                  ; 0 F/in                  ; short         ; -                   ; open           ; open             ; open   ; 0 in             ; 0 H/in                 ; 0 F/in                 ; short        ; open          ; open            ; open  ; 0 V                 ; -                  ; n/a           ; n/a             ; n/a         ;
; oDisplay6[0] ; 2.5 V        ; 0 in              ; 0 H/in                  ; 0 F/in                  ; short         ; -                   ; open           ; open             ; open   ; 0 in             ; 0 H/in                 ; 0 F/in                 ; short        ; open          ; open            ; open  ; 0 V                 ; -                  ; n/a           ; n/a             ; n/a         ;
; oDisplay6[1] ; 2.5 V        ; 0 in              ; 0 H/in                  ; 0 F/in                  ; short         ; -                   ; open           ; open             ; open   ; 0 in             ; 0 H/in                 ; 0 F/in                 ; short        ; open          ; open            ; open  ; 0 V                 ; -                  ; n/a           ; n/a             ; n/a         ;
; oDisplay6[2] ; 2.5 V        ; 0 in              ; 0 H/in                  ; 0 F/in                  ; short         ; -                   ; open           ; open             ; open   ; 0 in             ; 0 H/in                 ; 0 F/in                 ; short        ; open          ; open            ; open  ; 0 V                 ; -                  ; n/a           ; n/a             ; n/a         ;
; oDisplay6[3] ; 2.5 V        ; 0 in              ; 0 H/in                  ; 0 F/in                  ; short         ; -                   ; open           ; open             ; open   ; 0 in             ; 0 H/in                 ; 0 F/in                 ; short        ; open          ; open            ; open  ; 0 V                 ; -                  ; n/a           ; n/a             ; n/a         ;
; oDisplay6[4] ; 2.5 V        ; 0 in              ; 0 H/in                  ; 0 F/in                  ; short         ; -                   ; open           ; open             ; open   ; 0 in             ; 0 H/in                 ; 0 F/in                 ; short        ; open          ; open            ; open  ; 0 V                 ; -                  ; n/a           ; n/a             ; n/a         ;
; oDisplay6[5] ; 2.5 V        ; 0 in              ; 0 H/in                  ; 0 F/in                  ; short         ; -                   ; open           ; open             ; open   ; 0 in             ; 0 H/in                 ; 0 F/in                 ; short        ; open          ; open            ; open  ; 0 V                 ; -                  ; n/a           ; n/a             ; n/a         ;
; oDisplay6[6] ; 2.5 V        ; 0 in              ; 0 H/in                  ; 0 F/in                  ; short         ; -                   ; open           ; open             ; open   ; 0 in             ; 0 H/in                 ; 0 F/in                 ; short        ; open          ; open            ; open  ; 0 V                 ; -                  ; n/a           ; n/a             ; n/a         ;
+--------------+--------------+-------------------+-------------------------+-------------------------+---------------+---------------------+----------------+------------------+--------+------------------+------------------------+------------------------+--------------+---------------+-----------------+-------+---------------------+--------------------+---------------+-----------------+-------------+


+---------------------------------------------------------------+
; Input Transition Times                                        ;
+------------+--------------+-----------------+-----------------+
; Pin        ; I/O Standard ; 10-90 Rise Time ; 90-10 Fall Time ;
+------------+--------------+-----------------+-----------------+
; iSelect[2] ; 2.5 V        ; 2000 ps         ; 2000 ps         ;
; iSelect[0] ; 2.5 V        ; 2000 ps         ; 2000 ps         ;
; iSelect[1] ; 2.5 V        ; 2000 ps         ; 2000 ps         ;
+------------+--------------+-----------------+-----------------+


+-------------------------------------------------------------------------------------------------------------------------------------------------------------------------------------------------------------------------------------------------------------------------------------------------------------------------------------------------------------------------------------------------------------------------------------------------------------------------------------------------------------------------------------------------------------------------------------------------------------------------------------------------------------------------------------------+
; Signal Integrity Metrics (Slow 1100mv 0c Model)                                                                                                                                                                                                                                                                                                                                                                                                                                                                                                                                                                                                                                           ;
+--------------+--------------+---------------------+---------------------+------------------------------+------------------------------+---------------------+---------------------+--------------------------------------+--------------------------------------+-----------------------------+-----------------------------+----------------------------+----------------------------+-----------------------------+-----------------------------+--------------------+--------------------+-------------------------------------+-------------------------------------+----------------------------+----------------------------+---------------------------+---------------------------+
; Pin          ; I/O Standard ; Board Delay on Rise ; Board Delay on Fall ; Steady State Voh at FPGA Pin ; Steady State Vol at FPGA Pin ; Voh Max at FPGA Pin ; Vol Min at FPGA Pin ; Ringback Voltage on Rise at FPGA Pin ; Ringback Voltage on Fall at FPGA Pin ; 10-90 Rise Time at FPGA Pin ; 90-10 Fall Time at FPGA Pin ; Monotonic Rise at FPGA Pin ; Monotonic Fall at FPGA Pin ; Steady State Voh at Far-end ; Steady State Vol at Far-end ; Voh Max at Far-end ; Vol Min at Far-end ; Ringback Voltage on Rise at Far-end ; Ringback Voltage on Fall at Far-end ; 10-90 Rise Time at Far-end ; 90-10 Fall Time at Far-end ; Monotonic Rise at Far-end ; Monotonic Fall at Far-end ;
+--------------+--------------+---------------------+---------------------+------------------------------+------------------------------+---------------------+---------------------+--------------------------------------+--------------------------------------+-----------------------------+-----------------------------+----------------------------+----------------------------+-----------------------------+-----------------------------+--------------------+--------------------+-------------------------------------+-------------------------------------+----------------------------+----------------------------+---------------------------+---------------------------+
; oDisplay1[0] ; 2.5 V        ; 0 s                 ; 0 s                 ; 2.32 V                       ; 2.15e-07 V                   ; 2.41 V              ; -0.0495 V           ; 0.18 V                               ; 0.115 V                              ; 4.54e-10 s                  ; 4.44e-10 s                  ; No                         ; Yes                        ; 2.32 V                      ; 2.15e-07 V                  ; 2.41 V             ; -0.0495 V          ; 0.18 V                              ; 0.115 V                             ; 4.54e-10 s                 ; 4.44e-10 s                 ; No                        ; Yes                       ;
; oDisplay1[1] ; 2.5 V        ; 0 s                 ; 0 s                 ; 2.32 V                       ; 2.15e-07 V                   ; 2.41 V              ; -0.0492 V           ; 0.181 V                              ; 0.116 V                              ; 4.54e-10 s                  ; 4.44e-10 s                  ; No                         ; Yes                        ; 2.32 V                      ; 2.15e-07 V                  ; 2.41 V             ; -0.0492 V          ; 0.181 V                             ; 0.116 V                             ; 4.54e-10 s                 ; 4.44e-10 s                 ; No                        ; Yes                       ;
; oDisplay1[2] ; 2.5 V        ; 0 s                 ; 0 s                 ; 2.32 V                       ; 2.15e-07 V                   ; 2.41 V              ; -0.0492 V           ; 0.181 V                              ; 0.116 V                              ; 4.54e-10 s                  ; 4.44e-10 s                  ; No                         ; Yes                        ; 2.32 V                      ; 2.15e-07 V                  ; 2.41 V             ; -0.0492 V          ; 0.181 V                             ; 0.116 V                             ; 4.54e-10 s                 ; 4.44e-10 s                 ; No                        ; Yes                       ;
; oDisplay1[3] ; 2.5 V        ; 0 s                 ; 0 s                 ; 2.32 V                       ; 2.15e-07 V                   ; 2.41 V              ; -0.0492 V           ; 0.181 V                              ; 0.116 V                              ; 4.54e-10 s                  ; 4.44e-10 s                  ; No                         ; Yes                        ; 2.32 V                      ; 2.15e-07 V                  ; 2.41 V             ; -0.0492 V          ; 0.181 V                             ; 0.116 V                             ; 4.54e-10 s                 ; 4.44e-10 s                 ; No                        ; Yes                       ;
; oDisplay1[4] ; 2.5 V        ; 0 s                 ; 0 s                 ; 2.32 V                       ; 2.15e-07 V                   ; 2.41 V              ; -0.0495 V           ; 0.18 V                               ; 0.115 V                              ; 4.54e-10 s                  ; 4.44e-10 s                  ; No                         ; Yes                        ; 2.32 V                      ; 2.15e-07 V                  ; 2.41 V             ; -0.0495 V          ; 0.18 V                              ; 0.115 V                             ; 4.54e-10 s                 ; 4.44e-10 s                 ; No                        ; Yes                       ;
; oDisplay1[5] ; 2.5 V        ; 0 s                 ; 0 s                 ; 2.32 V                       ; 2.15e-07 V                   ; 2.41 V              ; -0.0495 V           ; 0.18 V                               ; 0.115 V                              ; 4.54e-10 s                  ; 4.44e-10 s                  ; No                         ; Yes                        ; 2.32 V                      ; 2.15e-07 V                  ; 2.41 V             ; -0.0495 V          ; 0.18 V                              ; 0.115 V                             ; 4.54e-10 s                 ; 4.44e-10 s                 ; No                        ; Yes                       ;
; oDisplay1[6] ; 2.5 V        ; 0 s                 ; 0 s                 ; 2.32 V                       ; 2.15e-07 V                   ; 2.41 V              ; -0.0492 V           ; 0.181 V                              ; 0.116 V                              ; 4.54e-10 s                  ; 4.44e-10 s                  ; No                         ; Yes                        ; 2.32 V                      ; 2.15e-07 V                  ; 2.41 V             ; -0.0492 V          ; 0.181 V                             ; 0.116 V                             ; 4.54e-10 s                 ; 4.44e-10 s                 ; No                        ; Yes                       ;
; oDisplay2[0] ; 2.5 V        ; 0 s                 ; 0 s                 ; 2.32 V                       ; 2.15e-07 V                   ; 2.41 V              ; -0.0492 V           ; 0.181 V                              ; 0.116 V                              ; 4.54e-10 s                  ; 4.44e-10 s                  ; No                         ; Yes                        ; 2.32 V                      ; 2.15e-07 V                  ; 2.41 V             ; -0.0492 V          ; 0.181 V                             ; 0.116 V                             ; 4.54e-10 s                 ; 4.44e-10 s                 ; No                        ; Yes                       ;
; oDisplay2[1] ; 2.5 V        ; 0 s                 ; 0 s                 ; 2.32 V                       ; 2.15e-07 V                   ; 2.41 V              ; -0.0495 V           ; 0.18 V                               ; 0.115 V                              ; 4.54e-10 s                  ; 4.44e-10 s                  ; No                         ; Yes                        ; 2.32 V                      ; 2.15e-07 V                  ; 2.41 V             ; -0.0495 V          ; 0.18 V                              ; 0.115 V                             ; 4.54e-10 s                 ; 4.44e-10 s                 ; No                        ; Yes                       ;
; oDisplay2[2] ; 2.5 V        ; 0 s                 ; 0 s                 ; 2.32 V                       ; 2.15e-07 V                   ; 2.41 V              ; -0.0495 V           ; 0.18 V                               ; 0.115 V                              ; 4.54e-10 s                  ; 4.44e-10 s                  ; No                         ; Yes                        ; 2.32 V                      ; 2.15e-07 V                  ; 2.41 V             ; -0.0495 V          ; 0.18 V                              ; 0.115 V                             ; 4.54e-10 s                 ; 4.44e-10 s                 ; No                        ; Yes                       ;
; oDisplay2[3] ; 2.5 V        ; 0 s                 ; 0 s                 ; 2.32 V                       ; 2.15e-07 V                   ; 2.41 V              ; -0.0492 V           ; 0.181 V                              ; 0.116 V                              ; 4.54e-10 s                  ; 4.44e-10 s                  ; No                         ; Yes                        ; 2.32 V                      ; 2.15e-07 V                  ; 2.41 V             ; -0.0492 V          ; 0.181 V                             ; 0.116 V                             ; 4.54e-10 s                 ; 4.44e-10 s                 ; No                        ; Yes                       ;
; oDisplay2[4] ; 2.5 V        ; 0 s                 ; 0 s                 ; 2.32 V                       ; 2.15e-07 V                   ; 2.41 V              ; -0.0492 V           ; 0.181 V                              ; 0.116 V                              ; 4.54e-10 s                  ; 4.44e-10 s                  ; No                         ; Yes                        ; 2.32 V                      ; 2.15e-07 V                  ; 2.41 V             ; -0.0492 V          ; 0.181 V                             ; 0.116 V                             ; 4.54e-10 s                 ; 4.44e-10 s                 ; No                        ; Yes                       ;
; oDisplay2[5] ; 2.5 V        ; 0 s                 ; 0 s                 ; 2.32 V                       ; 2.15e-07 V                   ; 2.41 V              ; -0.0495 V           ; 0.18 V                               ; 0.115 V                              ; 4.54e-10 s                  ; 4.44e-10 s                  ; No                         ; Yes                        ; 2.32 V                      ; 2.15e-07 V                  ; 2.41 V             ; -0.0495 V          ; 0.18 V                              ; 0.115 V                             ; 4.54e-10 s                 ; 4.44e-10 s                 ; No                        ; Yes                       ;
; oDisplay2[6] ; 2.5 V        ; 0 s                 ; 0 s                 ; 2.32 V                       ; 2.15e-07 V                   ; 2.41 V              ; -0.0495 V           ; 0.18 V                               ; 0.115 V                              ; 4.54e-10 s                  ; 4.44e-10 s                  ; No                         ; Yes                        ; 2.32 V                      ; 2.15e-07 V                  ; 2.41 V             ; -0.0495 V          ; 0.18 V                              ; 0.115 V                             ; 4.54e-10 s                 ; 4.44e-10 s                 ; No                        ; Yes                       ;
; oDisplay3[0] ; 2.5 V        ; 0 s                 ; 0 s                 ; 2.32 V                       ; 2.19e-07 V                   ; 2.4 V               ; -0.039 V            ; 0.21 V                               ; 0.145 V                              ; 4.67e-10 s                  ; 4.63e-10 s                  ; No                         ; Yes                        ; 2.32 V                      ; 2.19e-07 V                  ; 2.4 V              ; -0.039 V           ; 0.21 V                              ; 0.145 V                             ; 4.67e-10 s                 ; 4.63e-10 s                 ; No                        ; Yes                       ;
; oDisplay3[1] ; 2.5 V        ; 0 s                 ; 0 s                 ; 2.32 V                       ; 2.15e-07 V                   ; 2.41 V              ; -0.0495 V           ; 0.18 V                               ; 0.115 V                              ; 4.54e-10 s                  ; 4.44e-10 s                  ; No                         ; Yes                        ; 2.32 V                      ; 2.15e-07 V                  ; 2.41 V             ; -0.0495 V          ; 0.18 V                              ; 0.115 V                             ; 4.54e-10 s                 ; 4.44e-10 s                 ; No                        ; Yes                       ;
; oDisplay3[2] ; 2.5 V        ; 0 s                 ; 0 s                 ; 2.32 V                       ; 2.15e-07 V                   ; 2.41 V              ; -0.0495 V           ; 0.18 V                               ; 0.115 V                              ; 4.54e-10 s                  ; 4.44e-10 s                  ; No                         ; Yes                        ; 2.32 V                      ; 2.15e-07 V                  ; 2.41 V             ; -0.0495 V          ; 0.18 V                              ; 0.115 V                             ; 4.54e-10 s                 ; 4.44e-10 s                 ; No                        ; Yes                       ;
; oDisplay3[3] ; 2.5 V        ; 0 s                 ; 0 s                 ; 2.32 V                       ; 1.88e-07 V                   ; 2.35 V              ; -0.0185 V           ; 0.153 V                              ; 0.099 V                              ; 4.6e-10 s                   ; 4.48e-10 s                  ; No                         ; Yes                        ; 2.32 V                      ; 1.88e-07 V                  ; 2.35 V             ; -0.0185 V          ; 0.153 V                             ; 0.099 V                             ; 4.6e-10 s                  ; 4.48e-10 s                 ; No                        ; Yes                       ;
; oDisplay3[4] ; 2.5 V        ; 0 s                 ; 0 s                 ; 2.32 V                       ; 1.88e-07 V                   ; 2.35 V              ; -0.0185 V           ; 0.153 V                              ; 0.099 V                              ; 4.6e-10 s                   ; 4.48e-10 s                  ; No                         ; Yes                        ; 2.32 V                      ; 1.88e-07 V                  ; 2.35 V             ; -0.0185 V          ; 0.153 V                             ; 0.099 V                             ; 4.6e-10 s                  ; 4.48e-10 s                 ; No                        ; Yes                       ;
; oDisplay3[5] ; 2.5 V        ; 0 s                 ; 0 s                 ; 2.32 V                       ; 2.15e-07 V                   ; 2.41 V              ; -0.0495 V           ; 0.18 V                               ; 0.115 V                              ; 4.54e-10 s                  ; 4.44e-10 s                  ; No                         ; Yes                        ; 2.32 V                      ; 2.15e-07 V                  ; 2.41 V             ; -0.0495 V          ; 0.18 V                              ; 0.115 V                             ; 4.54e-10 s                 ; 4.44e-10 s                 ; No                        ; Yes                       ;
; oDisplay3[6] ; 2.5 V        ; 0 s                 ; 0 s                 ; 2.32 V                       ; 2.15e-07 V                   ; 2.41 V              ; -0.0492 V           ; 0.181 V                              ; 0.116 V                              ; 4.54e-10 s                  ; 4.44e-10 s                  ; No                         ; Yes                        ; 2.32 V                      ; 2.15e-07 V                  ; 2.41 V             ; -0.0492 V          ; 0.181 V                             ; 0.116 V                             ; 4.54e-10 s                 ; 4.44e-10 s                 ; No                        ; Yes                       ;
; oDisplay4[0] ; 2.5 V        ; 0 s                 ; 0 s                 ; 2.32 V                       ; 1.88e-07 V                   ; 2.35 V              ; -0.0185 V           ; 0.153 V                              ; 0.099 V                              ; 4.6e-10 s                   ; 4.48e-10 s                  ; No                         ; Yes                        ; 2.32 V                      ; 1.88e-07 V                  ; 2.35 V             ; -0.0185 V          ; 0.153 V                             ; 0.099 V                             ; 4.6e-10 s                  ; 4.48e-10 s                 ; No                        ; Yes                       ;
; oDisplay4[1] ; 2.5 V        ; 0 s                 ; 0 s                 ; 2.32 V                       ; 2.19e-07 V                   ; 2.4 V               ; -0.039 V            ; 0.21 V                               ; 0.145 V                              ; 4.67e-10 s                  ; 4.63e-10 s                  ; No                         ; Yes                        ; 2.32 V                      ; 2.19e-07 V                  ; 2.4 V              ; -0.039 V           ; 0.21 V                              ; 0.145 V                             ; 4.67e-10 s                 ; 4.63e-10 s                 ; No                        ; Yes                       ;
; oDisplay4[2] ; 2.5 V        ; 0 s                 ; 0 s                 ; 2.32 V                       ; 2.19e-07 V                   ; 2.4 V               ; -0.039 V            ; 0.21 V                               ; 0.145 V                              ; 4.67e-10 s                  ; 4.63e-10 s                  ; No                         ; Yes                        ; 2.32 V                      ; 2.19e-07 V                  ; 2.4 V              ; -0.039 V           ; 0.21 V                              ; 0.145 V                             ; 4.67e-10 s                 ; 4.63e-10 s                 ; No                        ; Yes                       ;
; oDisplay4[3] ; 2.5 V        ; 0 s                 ; 0 s                 ; 2.32 V                       ; 1.88e-07 V                   ; 2.35 V              ; -0.0185 V           ; 0.153 V                              ; 0.099 V                              ; 4.6e-10 s                   ; 4.48e-10 s                  ; No                         ; Yes                        ; 2.32 V                      ; 1.88e-07 V                  ; 2.35 V             ; -0.0185 V          ; 0.153 V                             ; 0.099 V                             ; 4.6e-10 s                  ; 4.48e-10 s                 ; No                        ; Yes                       ;
; oDisplay4[4] ; 2.5 V        ; 0 s                 ; 0 s                 ; 2.32 V                       ; 2.19e-07 V                   ; 2.4 V               ; -0.039 V            ; 0.21 V                               ; 0.145 V                              ; 4.67e-10 s                  ; 4.63e-10 s                  ; No                         ; Yes                        ; 2.32 V                      ; 2.19e-07 V                  ; 2.4 V              ; -0.039 V           ; 0.21 V                              ; 0.145 V                             ; 4.67e-10 s                 ; 4.63e-10 s                 ; No                        ; Yes                       ;
; oDisplay4[5] ; 2.5 V        ; 0 s                 ; 0 s                 ; 2.32 V                       ; 2.19e-07 V                   ; 2.4 V               ; -0.039 V            ; 0.21 V                               ; 0.145 V                              ; 4.67e-10 s                  ; 4.63e-10 s                  ; No                         ; Yes                        ; 2.32 V                      ; 2.19e-07 V                  ; 2.4 V              ; -0.039 V           ; 0.21 V                              ; 0.145 V                             ; 4.67e-10 s                 ; 4.63e-10 s                 ; No                        ; Yes                       ;
; oDisplay4[6] ; 2.5 V        ; 0 s                 ; 0 s                 ; 2.32 V                       ; 1.88e-07 V                   ; 2.35 V              ; -0.0185 V           ; 0.153 V                              ; 0.099 V                              ; 4.6e-10 s                   ; 4.48e-10 s                  ; No                         ; Yes                        ; 2.32 V                      ; 1.88e-07 V                  ; 2.35 V             ; -0.0185 V          ; 0.153 V                             ; 0.099 V                             ; 4.6e-10 s                  ; 4.48e-10 s                 ; No                        ; Yes                       ;
; oDisplay5[0] ; 2.5 V        ; 0 s                 ; 0 s                 ; 2.32 V                       ; 2.15e-07 V                   ; 2.41 V              ; -0.0492 V           ; 0.181 V                              ; 0.116 V                              ; 4.54e-10 s                  ; 4.44e-10 s                  ; No                         ; Yes                        ; 2.32 V                      ; 2.15e-07 V                  ; 2.41 V             ; -0.0492 V          ; 0.181 V                             ; 0.116 V                             ; 4.54e-10 s                 ; 4.44e-10 s                 ; No                        ; Yes                       ;
; oDisplay5[1] ; 2.5 V        ; 0 s                 ; 0 s                 ; 2.32 V                       ; 1.88e-07 V                   ; 2.35 V              ; -0.0185 V           ; 0.153 V                              ; 0.099 V                              ; 4.6e-10 s                   ; 4.48e-10 s                  ; No                         ; Yes                        ; 2.32 V                      ; 1.88e-07 V                  ; 2.35 V             ; -0.0185 V          ; 0.153 V                             ; 0.099 V                             ; 4.6e-10 s                  ; 4.48e-10 s                 ; No                        ; Yes                       ;
; oDisplay5[2] ; 2.5 V        ; 0 s                 ; 0 s                 ; 2.32 V                       ; 1.88e-07 V                   ; 2.35 V              ; -0.0185 V           ; 0.153 V                              ; 0.099 V                              ; 4.6e-10 s                   ; 4.48e-10 s                  ; No                         ; Yes                        ; 2.32 V                      ; 1.88e-07 V                  ; 2.35 V             ; -0.0185 V          ; 0.153 V                             ; 0.099 V                             ; 4.6e-10 s                  ; 4.48e-10 s                 ; No                        ; Yes                       ;
; oDisplay5[3] ; 2.5 V        ; 0 s                 ; 0 s                 ; 2.32 V                       ; 1.88e-07 V                   ; 2.35 V              ; -0.0185 V           ; 0.153 V                              ; 0.099 V                              ; 4.6e-10 s                   ; 4.48e-10 s                  ; No                         ; Yes                        ; 2.32 V                      ; 1.88e-07 V                  ; 2.35 V             ; -0.0185 V          ; 0.153 V                             ; 0.099 V                             ; 4.6e-10 s                  ; 4.48e-10 s                 ; No                        ; Yes                       ;
; oDisplay5[4] ; 2.5 V        ; 0 s                 ; 0 s                 ; 2.32 V                       ; 2.19e-07 V                   ; 2.4 V               ; -0.039 V            ; 0.21 V                               ; 0.145 V                              ; 4.67e-10 s                  ; 4.63e-10 s                  ; No                         ; Yes                        ; 2.32 V                      ; 2.19e-07 V                  ; 2.4 V              ; -0.039 V           ; 0.21 V                              ; 0.145 V                             ; 4.67e-10 s                 ; 4.63e-10 s                 ; No                        ; Yes                       ;
; oDisplay5[5] ; 2.5 V        ; 0 s                 ; 0 s                 ; 2.32 V                       ; 2.19e-07 V                   ; 2.4 V               ; -0.039 V            ; 0.21 V                               ; 0.145 V                              ; 4.67e-10 s                  ; 4.63e-10 s                  ; No                         ; Yes                        ; 2.32 V                      ; 2.19e-07 V                  ; 2.4 V              ; -0.039 V           ; 0.21 V                              ; 0.145 V                             ; 4.67e-10 s                 ; 4.63e-10 s                 ; No                        ; Yes                       ;
; oDisplay5[6] ; 2.5 V        ; 0 s                 ; 0 s                 ; 2.32 V                       ; 1.88e-07 V                   ; 2.35 V              ; -0.0185 V           ; 0.153 V                              ; 0.099 V                              ; 4.6e-10 s                   ; 4.48e-10 s                  ; No                         ; Yes                        ; 2.32 V                      ; 1.88e-07 V                  ; 2.35 V             ; -0.0185 V          ; 0.153 V                             ; 0.099 V                             ; 4.6e-10 s                  ; 4.48e-10 s                 ; No                        ; Yes                       ;
; oDisplay6[0] ; 2.5 V        ; 0 s                 ; 0 s                 ; 2.32 V                       ; 2.19e-07 V                   ; 2.4 V               ; -0.039 V            ; 0.21 V                               ; 0.145 V                              ; 4.67e-10 s                  ; 4.63e-10 s                  ; No                         ; Yes                        ; 2.32 V                      ; 2.19e-07 V                  ; 2.4 V              ; -0.039 V           ; 0.21 V                              ; 0.145 V                             ; 4.67e-10 s                 ; 4.63e-10 s                 ; No                        ; Yes                       ;
; oDisplay6[1] ; 2.5 V        ; 0 s                 ; 0 s                 ; 2.32 V                       ; 1.88e-07 V                   ; 2.35 V              ; -0.0185 V           ; 0.153 V                              ; 0.099 V                              ; 4.6e-10 s                   ; 4.48e-10 s                  ; No                         ; Yes                        ; 2.32 V                      ; 1.88e-07 V                  ; 2.35 V             ; -0.0185 V          ; 0.153 V                             ; 0.099 V                             ; 4.6e-10 s                  ; 4.48e-10 s                 ; No                        ; Yes                       ;
; oDisplay6[2] ; 2.5 V        ; 0 s                 ; 0 s                 ; 2.32 V                       ; 1.88e-07 V                   ; 2.35 V              ; -0.0185 V           ; 0.153 V                              ; 0.099 V                              ; 4.6e-10 s                   ; 4.48e-10 s                  ; No                         ; Yes                        ; 2.32 V                      ; 1.88e-07 V                  ; 2.35 V             ; -0.0185 V          ; 0.153 V                             ; 0.099 V                             ; 4.6e-10 s                  ; 4.48e-10 s                 ; No                        ; Yes                       ;
; oDisplay6[3] ; 2.5 V        ; 0 s                 ; 0 s                 ; 2.32 V                       ; 1.88e-07 V                   ; 2.35 V              ; -0.0185 V           ; 0.153 V                              ; 0.099 V                              ; 4.6e-10 s                   ; 4.48e-10 s                  ; No                         ; Yes                        ; 2.32 V                      ; 1.88e-07 V                  ; 2.35 V             ; -0.0185 V          ; 0.153 V                             ; 0.099 V                             ; 4.6e-10 s                  ; 4.48e-10 s                 ; No                        ; Yes                       ;
; oDisplay6[4] ; 2.5 V        ; 0 s                 ; 0 s                 ; 2.32 V                       ; 2.15e-07 V                   ; 2.41 V              ; -0.0495 V           ; 0.18 V                               ; 0.115 V                              ; 4.54e-10 s                  ; 4.44e-10 s                  ; No                         ; Yes                        ; 2.32 V                      ; 2.15e-07 V                  ; 2.41 V             ; -0.0495 V          ; 0.18 V                              ; 0.115 V                             ; 4.54e-10 s                 ; 4.44e-10 s                 ; No                        ; Yes                       ;
; oDisplay6[5] ; 2.5 V        ; 0 s                 ; 0 s                 ; 2.32 V                       ; 2.15e-07 V                   ; 2.41 V              ; -0.0492 V           ; 0.181 V                              ; 0.116 V                              ; 4.54e-10 s                  ; 4.44e-10 s                  ; No                         ; Yes                        ; 2.32 V                      ; 2.15e-07 V                  ; 2.41 V             ; -0.0492 V          ; 0.181 V                             ; 0.116 V                             ; 4.54e-10 s                 ; 4.44e-10 s                 ; No                        ; Yes                       ;
; oDisplay6[6] ; 2.5 V        ; 0 s                 ; 0 s                 ; 2.32 V                       ; 2.19e-07 V                   ; 2.4 V               ; -0.039 V            ; 0.21 V                               ; 0.145 V                              ; 4.67e-10 s                  ; 4.63e-10 s                  ; No                         ; Yes                        ; 2.32 V                      ; 2.19e-07 V                  ; 2.4 V              ; -0.039 V           ; 0.21 V                              ; 0.145 V                             ; 4.67e-10 s                 ; 4.63e-10 s                 ; No                        ; Yes                       ;
+--------------+--------------+---------------------+---------------------+------------------------------+------------------------------+---------------------+---------------------+--------------------------------------+--------------------------------------+-----------------------------+-----------------------------+----------------------------+----------------------------+-----------------------------+-----------------------------+--------------------+--------------------+-------------------------------------+-------------------------------------+----------------------------+----------------------------+---------------------------+---------------------------+


+-------------------------------------------------------------------------------------------------------------------------------------------------------------------------------------------------------------------------------------------------------------------------------------------------------------------------------------------------------------------------------------------------------------------------------------------------------------------------------------------------------------------------------------------------------------------------------------------------------------------------------------------------------------------------------------------+
; Signal Integrity Metrics (Slow 1100mv 85c Model)                                                                                                                                                                                                                                                                                                                                                                                                                                                                                                                                                                                                                                          ;
+--------------+--------------+---------------------+---------------------+------------------------------+------------------------------+---------------------+---------------------+--------------------------------------+--------------------------------------+-----------------------------+-----------------------------+----------------------------+----------------------------+-----------------------------+-----------------------------+--------------------+--------------------+-------------------------------------+-------------------------------------+----------------------------+----------------------------+---------------------------+---------------------------+
; Pin          ; I/O Standard ; Board Delay on Rise ; Board Delay on Fall ; Steady State Voh at FPGA Pin ; Steady State Vol at FPGA Pin ; Voh Max at FPGA Pin ; Vol Min at FPGA Pin ; Ringback Voltage on Rise at FPGA Pin ; Ringback Voltage on Fall at FPGA Pin ; 10-90 Rise Time at FPGA Pin ; 90-10 Fall Time at FPGA Pin ; Monotonic Rise at FPGA Pin ; Monotonic Fall at FPGA Pin ; Steady State Voh at Far-end ; Steady State Vol at Far-end ; Voh Max at Far-end ; Vol Min at Far-end ; Ringback Voltage on Rise at Far-end ; Ringback Voltage on Fall at Far-end ; 10-90 Rise Time at Far-end ; 90-10 Fall Time at Far-end ; Monotonic Rise at Far-end ; Monotonic Fall at Far-end ;
+--------------+--------------+---------------------+---------------------+------------------------------+------------------------------+---------------------+---------------------+--------------------------------------+--------------------------------------+-----------------------------+-----------------------------+----------------------------+----------------------------+-----------------------------+-----------------------------+--------------------+--------------------+-------------------------------------+-------------------------------------+----------------------------+----------------------------+---------------------------+---------------------------+
; oDisplay1[0] ; 2.5 V        ; 0 s                 ; 0 s                 ; 2.32 V                       ; 2.52e-05 V                   ; 2.38 V              ; -0.0315 V           ; 0.205 V                              ; 0.182 V                              ; 4.74e-10 s                  ; 4.85e-10 s                  ; No                         ; Yes                        ; 2.32 V                      ; 2.52e-05 V                  ; 2.38 V             ; -0.0315 V          ; 0.205 V                             ; 0.182 V                             ; 4.74e-10 s                 ; 4.85e-10 s                 ; No                        ; Yes                       ;
; oDisplay1[1] ; 2.5 V        ; 0 s                 ; 0 s                 ; 2.32 V                       ; 2.52e-05 V                   ; 2.38 V              ; -0.032 V            ; 0.204 V                              ; 0.181 V                              ; 4.74e-10 s                  ; 4.85e-10 s                  ; No                         ; Yes                        ; 2.32 V                      ; 2.52e-05 V                  ; 2.38 V             ; -0.032 V           ; 0.204 V                             ; 0.181 V                             ; 4.74e-10 s                 ; 4.85e-10 s                 ; No                        ; Yes                       ;
; oDisplay1[2] ; 2.5 V        ; 0 s                 ; 0 s                 ; 2.32 V                       ; 2.52e-05 V                   ; 2.38 V              ; -0.032 V            ; 0.204 V                              ; 0.181 V                              ; 4.74e-10 s                  ; 4.85e-10 s                  ; No                         ; Yes                        ; 2.32 V                      ; 2.52e-05 V                  ; 2.38 V             ; -0.032 V           ; 0.204 V                             ; 0.181 V                             ; 4.74e-10 s                 ; 4.85e-10 s                 ; No                        ; Yes                       ;
; oDisplay1[3] ; 2.5 V        ; 0 s                 ; 0 s                 ; 2.32 V                       ; 2.52e-05 V                   ; 2.38 V              ; -0.032 V            ; 0.204 V                              ; 0.181 V                              ; 4.74e-10 s                  ; 4.85e-10 s                  ; No                         ; Yes                        ; 2.32 V                      ; 2.52e-05 V                  ; 2.38 V             ; -0.032 V           ; 0.204 V                             ; 0.181 V                             ; 4.74e-10 s                 ; 4.85e-10 s                 ; No                        ; Yes                       ;
; oDisplay1[4] ; 2.5 V        ; 0 s                 ; 0 s                 ; 2.32 V                       ; 2.52e-05 V                   ; 2.38 V              ; -0.0315 V           ; 0.205 V                              ; 0.182 V                              ; 4.74e-10 s                  ; 4.85e-10 s                  ; No                         ; Yes                        ; 2.32 V                      ; 2.52e-05 V                  ; 2.38 V             ; -0.0315 V          ; 0.205 V                             ; 0.182 V                             ; 4.74e-10 s                 ; 4.85e-10 s                 ; No                        ; Yes                       ;
; oDisplay1[5] ; 2.5 V        ; 0 s                 ; 0 s                 ; 2.32 V                       ; 2.52e-05 V                   ; 2.38 V              ; -0.0315 V           ; 0.205 V                              ; 0.182 V                              ; 4.74e-10 s                  ; 4.85e-10 s                  ; No                         ; Yes                        ; 2.32 V                      ; 2.52e-05 V                  ; 2.38 V             ; -0.0315 V          ; 0.205 V                             ; 0.182 V                             ; 4.74e-10 s                 ; 4.85e-10 s                 ; No                        ; Yes                       ;
; oDisplay1[6] ; 2.5 V        ; 0 s                 ; 0 s                 ; 2.32 V                       ; 2.52e-05 V                   ; 2.38 V              ; -0.032 V            ; 0.204 V                              ; 0.181 V                              ; 4.74e-10 s                  ; 4.85e-10 s                  ; No                         ; Yes                        ; 2.32 V                      ; 2.52e-05 V                  ; 2.38 V             ; -0.032 V           ; 0.204 V                             ; 0.181 V                             ; 4.74e-10 s                 ; 4.85e-10 s                 ; No                        ; Yes                       ;
; oDisplay2[0] ; 2.5 V        ; 0 s                 ; 0 s                 ; 2.32 V                       ; 2.52e-05 V                   ; 2.38 V              ; -0.032 V            ; 0.204 V                              ; 0.181 V                              ; 4.74e-10 s                  ; 4.85e-10 s                  ; No                         ; Yes                        ; 2.32 V                      ; 2.52e-05 V                  ; 2.38 V             ; -0.032 V           ; 0.204 V                             ; 0.181 V                             ; 4.74e-10 s                 ; 4.85e-10 s                 ; No                        ; Yes                       ;
; oDisplay2[1] ; 2.5 V        ; 0 s                 ; 0 s                 ; 2.32 V                       ; 2.52e-05 V                   ; 2.38 V              ; -0.0315 V           ; 0.205 V                              ; 0.182 V                              ; 4.74e-10 s                  ; 4.85e-10 s                  ; No                         ; Yes                        ; 2.32 V                      ; 2.52e-05 V                  ; 2.38 V             ; -0.0315 V          ; 0.205 V                             ; 0.182 V                             ; 4.74e-10 s                 ; 4.85e-10 s                 ; No                        ; Yes                       ;
; oDisplay2[2] ; 2.5 V        ; 0 s                 ; 0 s                 ; 2.32 V                       ; 2.52e-05 V                   ; 2.38 V              ; -0.0315 V           ; 0.205 V                              ; 0.182 V                              ; 4.74e-10 s                  ; 4.85e-10 s                  ; No                         ; Yes                        ; 2.32 V                      ; 2.52e-05 V                  ; 2.38 V             ; -0.0315 V          ; 0.205 V                             ; 0.182 V                             ; 4.74e-10 s                 ; 4.85e-10 s                 ; No                        ; Yes                       ;
; oDisplay2[3] ; 2.5 V        ; 0 s                 ; 0 s                 ; 2.32 V                       ; 2.52e-05 V                   ; 2.38 V              ; -0.032 V            ; 0.204 V                              ; 0.181 V                              ; 4.74e-10 s                  ; 4.85e-10 s                  ; No                         ; Yes                        ; 2.32 V                      ; 2.52e-05 V                  ; 2.38 V             ; -0.032 V           ; 0.204 V                             ; 0.181 V                             ; 4.74e-10 s                 ; 4.85e-10 s                 ; No                        ; Yes                       ;
; oDisplay2[4] ; 2.5 V        ; 0 s                 ; 0 s                 ; 2.32 V                       ; 2.52e-05 V                   ; 2.38 V              ; -0.032 V            ; 0.204 V                              ; 0.181 V                              ; 4.74e-10 s                  ; 4.85e-10 s                  ; No                         ; Yes                        ; 2.32 V                      ; 2.52e-05 V                  ; 2.38 V             ; -0.032 V           ; 0.204 V                             ; 0.181 V                             ; 4.74e-10 s                 ; 4.85e-10 s                 ; No                        ; Yes                       ;
; oDisplay2[5] ; 2.5 V        ; 0 s                 ; 0 s                 ; 2.32 V                       ; 2.52e-05 V                   ; 2.38 V              ; -0.0315 V           ; 0.205 V                              ; 0.182 V                              ; 4.74e-10 s                  ; 4.85e-10 s                  ; No                         ; Yes                        ; 2.32 V                      ; 2.52e-05 V                  ; 2.38 V             ; -0.0315 V          ; 0.205 V                             ; 0.182 V                             ; 4.74e-10 s                 ; 4.85e-10 s                 ; No                        ; Yes                       ;
; oDisplay2[6] ; 2.5 V        ; 0 s                 ; 0 s                 ; 2.32 V                       ; 2.52e-05 V                   ; 2.38 V              ; -0.0315 V           ; 0.205 V                              ; 0.182 V                              ; 4.74e-10 s                  ; 4.85e-10 s                  ; No                         ; Yes                        ; 2.32 V                      ; 2.52e-05 V                  ; 2.38 V             ; -0.0315 V          ; 0.205 V                             ; 0.182 V                             ; 4.74e-10 s                 ; 4.85e-10 s                 ; No                        ; Yes                       ;
; oDisplay3[0] ; 2.5 V        ; 0 s                 ; 0 s                 ; 2.32 V                       ; 2.56e-05 V                   ; 2.38 V              ; -0.026 V            ; 0.249 V                              ; 0.089 V                              ; 4.95e-10 s                  ; 6.01e-10 s                  ; No                         ; Yes                        ; 2.32 V                      ; 2.56e-05 V                  ; 2.38 V             ; -0.026 V           ; 0.249 V                             ; 0.089 V                             ; 4.95e-10 s                 ; 6.01e-10 s                 ; No                        ; Yes                       ;
; oDisplay3[1] ; 2.5 V        ; 0 s                 ; 0 s                 ; 2.32 V                       ; 2.52e-05 V                   ; 2.38 V              ; -0.0315 V           ; 0.205 V                              ; 0.182 V                              ; 4.74e-10 s                  ; 4.85e-10 s                  ; No                         ; Yes                        ; 2.32 V                      ; 2.52e-05 V                  ; 2.38 V             ; -0.0315 V          ; 0.205 V                             ; 0.182 V                             ; 4.74e-10 s                 ; 4.85e-10 s                 ; No                        ; Yes                       ;
; oDisplay3[2] ; 2.5 V        ; 0 s                 ; 0 s                 ; 2.32 V                       ; 2.52e-05 V                   ; 2.38 V              ; -0.0315 V           ; 0.205 V                              ; 0.182 V                              ; 4.74e-10 s                  ; 4.85e-10 s                  ; No                         ; Yes                        ; 2.32 V                      ; 2.52e-05 V                  ; 2.38 V             ; -0.0315 V          ; 0.205 V                             ; 0.182 V                             ; 4.74e-10 s                 ; 4.85e-10 s                 ; No                        ; Yes                       ;
; oDisplay3[3] ; 2.5 V        ; 0 s                 ; 0 s                 ; 2.32 V                       ; 2.27e-05 V                   ; 2.34 V              ; -0.0089 V           ; 0.206 V                              ; 0.058 V                              ; 4.97e-10 s                  ; 5.13e-10 s                  ; Yes                        ; Yes                        ; 2.32 V                      ; 2.27e-05 V                  ; 2.34 V             ; -0.0089 V          ; 0.206 V                             ; 0.058 V                             ; 4.97e-10 s                 ; 5.13e-10 s                 ; Yes                       ; Yes                       ;
; oDisplay3[4] ; 2.5 V        ; 0 s                 ; 0 s                 ; 2.32 V                       ; 2.27e-05 V                   ; 2.34 V              ; -0.0089 V           ; 0.206 V                              ; 0.058 V                              ; 4.97e-10 s                  ; 5.13e-10 s                  ; Yes                        ; Yes                        ; 2.32 V                      ; 2.27e-05 V                  ; 2.34 V             ; -0.0089 V          ; 0.206 V                             ; 0.058 V                             ; 4.97e-10 s                 ; 5.13e-10 s                 ; Yes                       ; Yes                       ;
; oDisplay3[5] ; 2.5 V        ; 0 s                 ; 0 s                 ; 2.32 V                       ; 2.52e-05 V                   ; 2.38 V              ; -0.0315 V           ; 0.205 V                              ; 0.182 V                              ; 4.74e-10 s                  ; 4.85e-10 s                  ; No                         ; Yes                        ; 2.32 V                      ; 2.52e-05 V                  ; 2.38 V             ; -0.0315 V          ; 0.205 V                             ; 0.182 V                             ; 4.74e-10 s                 ; 4.85e-10 s                 ; No                        ; Yes                       ;
; oDisplay3[6] ; 2.5 V        ; 0 s                 ; 0 s                 ; 2.32 V                       ; 2.52e-05 V                   ; 2.38 V              ; -0.032 V            ; 0.204 V                              ; 0.181 V                              ; 4.74e-10 s                  ; 4.85e-10 s                  ; No                         ; Yes                        ; 2.32 V                      ; 2.52e-05 V                  ; 2.38 V             ; -0.032 V           ; 0.204 V                             ; 0.181 V                             ; 4.74e-10 s                 ; 4.85e-10 s                 ; No                        ; Yes                       ;
; oDisplay4[0] ; 2.5 V        ; 0 s                 ; 0 s                 ; 2.32 V                       ; 2.27e-05 V                   ; 2.34 V              ; -0.0089 V           ; 0.206 V                              ; 0.058 V                              ; 4.97e-10 s                  ; 5.13e-10 s                  ; Yes                        ; Yes                        ; 2.32 V                      ; 2.27e-05 V                  ; 2.34 V             ; -0.0089 V          ; 0.206 V                             ; 0.058 V                             ; 4.97e-10 s                 ; 5.13e-10 s                 ; Yes                       ; Yes                       ;
; oDisplay4[1] ; 2.5 V        ; 0 s                 ; 0 s                 ; 2.32 V                       ; 2.56e-05 V                   ; 2.38 V              ; -0.026 V            ; 0.249 V                              ; 0.089 V                              ; 4.95e-10 s                  ; 6.01e-10 s                  ; No                         ; Yes                        ; 2.32 V                      ; 2.56e-05 V                  ; 2.38 V             ; -0.026 V           ; 0.249 V                             ; 0.089 V                             ; 4.95e-10 s                 ; 6.01e-10 s                 ; No                        ; Yes                       ;
; oDisplay4[2] ; 2.5 V        ; 0 s                 ; 0 s                 ; 2.32 V                       ; 2.56e-05 V                   ; 2.38 V              ; -0.026 V            ; 0.249 V                              ; 0.089 V                              ; 4.95e-10 s                  ; 6.01e-10 s                  ; No                         ; Yes                        ; 2.32 V                      ; 2.56e-05 V                  ; 2.38 V             ; -0.026 V           ; 0.249 V                             ; 0.089 V                             ; 4.95e-10 s                 ; 6.01e-10 s                 ; No                        ; Yes                       ;
; oDisplay4[3] ; 2.5 V        ; 0 s                 ; 0 s                 ; 2.32 V                       ; 2.27e-05 V                   ; 2.34 V              ; -0.0089 V           ; 0.206 V                              ; 0.058 V                              ; 4.97e-10 s                  ; 5.13e-10 s                  ; Yes                        ; Yes                        ; 2.32 V                      ; 2.27e-05 V                  ; 2.34 V             ; -0.0089 V          ; 0.206 V                             ; 0.058 V                             ; 4.97e-10 s                 ; 5.13e-10 s                 ; Yes                       ; Yes                       ;
; oDisplay4[4] ; 2.5 V        ; 0 s                 ; 0 s                 ; 2.32 V                       ; 2.56e-05 V                   ; 2.38 V              ; -0.026 V            ; 0.249 V                              ; 0.089 V                              ; 4.95e-10 s                  ; 6.01e-10 s                  ; No                         ; Yes                        ; 2.32 V                      ; 2.56e-05 V                  ; 2.38 V             ; -0.026 V           ; 0.249 V                             ; 0.089 V                             ; 4.95e-10 s                 ; 6.01e-10 s                 ; No                        ; Yes                       ;
; oDisplay4[5] ; 2.5 V        ; 0 s                 ; 0 s                 ; 2.32 V                       ; 2.56e-05 V                   ; 2.38 V              ; -0.026 V            ; 0.249 V                              ; 0.089 V                              ; 4.95e-10 s                  ; 6.01e-10 s                  ; No                         ; Yes                        ; 2.32 V                      ; 2.56e-05 V                  ; 2.38 V             ; -0.026 V           ; 0.249 V                             ; 0.089 V                             ; 4.95e-10 s                 ; 6.01e-10 s                 ; No                        ; Yes                       ;
; oDisplay4[6] ; 2.5 V        ; 0 s                 ; 0 s                 ; 2.32 V                       ; 2.27e-05 V                   ; 2.34 V              ; -0.0089 V           ; 0.206 V                              ; 0.058 V                              ; 4.97e-10 s                  ; 5.13e-10 s                  ; Yes                        ; Yes                        ; 2.32 V                      ; 2.27e-05 V                  ; 2.34 V             ; -0.0089 V          ; 0.206 V                             ; 0.058 V                             ; 4.97e-10 s                 ; 5.13e-10 s                 ; Yes                       ; Yes                       ;
; oDisplay5[0] ; 2.5 V        ; 0 s                 ; 0 s                 ; 2.32 V                       ; 2.52e-05 V                   ; 2.38 V              ; -0.032 V            ; 0.204 V                              ; 0.181 V                              ; 4.74e-10 s                  ; 4.85e-10 s                  ; No                         ; Yes                        ; 2.32 V                      ; 2.52e-05 V                  ; 2.38 V             ; -0.032 V           ; 0.204 V                             ; 0.181 V                             ; 4.74e-10 s                 ; 4.85e-10 s                 ; No                        ; Yes                       ;
; oDisplay5[1] ; 2.5 V        ; 0 s                 ; 0 s                 ; 2.32 V                       ; 2.27e-05 V                   ; 2.34 V              ; -0.0089 V           ; 0.206 V                              ; 0.058 V                              ; 4.97e-10 s                  ; 5.13e-10 s                  ; Yes                        ; Yes                        ; 2.32 V                      ; 2.27e-05 V                  ; 2.34 V             ; -0.0089 V          ; 0.206 V                             ; 0.058 V                             ; 4.97e-10 s                 ; 5.13e-10 s                 ; Yes                       ; Yes                       ;
; oDisplay5[2] ; 2.5 V        ; 0 s                 ; 0 s                 ; 2.32 V                       ; 2.27e-05 V                   ; 2.34 V              ; -0.0089 V           ; 0.206 V                              ; 0.058 V                              ; 4.97e-10 s                  ; 5.13e-10 s                  ; Yes                        ; Yes                        ; 2.32 V                      ; 2.27e-05 V                  ; 2.34 V             ; -0.0089 V          ; 0.206 V                             ; 0.058 V                             ; 4.97e-10 s                 ; 5.13e-10 s                 ; Yes                       ; Yes                       ;
; oDisplay5[3] ; 2.5 V        ; 0 s                 ; 0 s                 ; 2.32 V                       ; 2.27e-05 V                   ; 2.34 V              ; -0.0089 V           ; 0.206 V                              ; 0.058 V                              ; 4.97e-10 s                  ; 5.13e-10 s                  ; Yes                        ; Yes                        ; 2.32 V                      ; 2.27e-05 V                  ; 2.34 V             ; -0.0089 V          ; 0.206 V                             ; 0.058 V                             ; 4.97e-10 s                 ; 5.13e-10 s                 ; Yes                       ; Yes                       ;
; oDisplay5[4] ; 2.5 V        ; 0 s                 ; 0 s                 ; 2.32 V                       ; 2.56e-05 V                   ; 2.38 V              ; -0.026 V            ; 0.249 V                              ; 0.089 V                              ; 4.95e-10 s                  ; 6.01e-10 s                  ; No                         ; Yes                        ; 2.32 V                      ; 2.56e-05 V                  ; 2.38 V             ; -0.026 V           ; 0.249 V                             ; 0.089 V                             ; 4.95e-10 s                 ; 6.01e-10 s                 ; No                        ; Yes                       ;
; oDisplay5[5] ; 2.5 V        ; 0 s                 ; 0 s                 ; 2.32 V                       ; 2.56e-05 V                   ; 2.38 V              ; -0.026 V            ; 0.249 V                              ; 0.089 V                              ; 4.95e-10 s                  ; 6.01e-10 s                  ; No                         ; Yes                        ; 2.32 V                      ; 2.56e-05 V                  ; 2.38 V             ; -0.026 V           ; 0.249 V                             ; 0.089 V                             ; 4.95e-10 s                 ; 6.01e-10 s                 ; No                        ; Yes                       ;
; oDisplay5[6] ; 2.5 V        ; 0 s                 ; 0 s                 ; 2.32 V                       ; 2.27e-05 V                   ; 2.34 V              ; -0.0089 V           ; 0.206 V                              ; 0.058 V                              ; 4.97e-10 s                  ; 5.13e-10 s                  ; Yes                        ; Yes                        ; 2.32 V                      ; 2.27e-05 V                  ; 2.34 V             ; -0.0089 V          ; 0.206 V                             ; 0.058 V                             ; 4.97e-10 s                 ; 5.13e-10 s                 ; Yes                       ; Yes                       ;
; oDisplay6[0] ; 2.5 V        ; 0 s                 ; 0 s                 ; 2.32 V                       ; 2.56e-05 V                   ; 2.38 V              ; -0.026 V            ; 0.249 V                              ; 0.089 V                              ; 4.95e-10 s                  ; 6.01e-10 s                  ; No                         ; Yes                        ; 2.32 V                      ; 2.56e-05 V                  ; 2.38 V             ; -0.026 V           ; 0.249 V                             ; 0.089 V                             ; 4.95e-10 s                 ; 6.01e-10 s                 ; No                        ; Yes                       ;
; oDisplay6[1] ; 2.5 V        ; 0 s                 ; 0 s                 ; 2.32 V                       ; 2.27e-05 V                   ; 2.34 V              ; -0.0089 V           ; 0.206 V                              ; 0.058 V                              ; 4.97e-10 s                  ; 5.13e-10 s                  ; Yes                        ; Yes                        ; 2.32 V                      ; 2.27e-05 V                  ; 2.34 V             ; -0.0089 V          ; 0.206 V                             ; 0.058 V                             ; 4.97e-10 s                 ; 5.13e-10 s                 ; Yes                       ; Yes                       ;
; oDisplay6[2] ; 2.5 V        ; 0 s                 ; 0 s                 ; 2.32 V                       ; 2.27e-05 V                   ; 2.34 V              ; -0.0089 V           ; 0.206 V                              ; 0.058 V                              ; 4.97e-10 s                  ; 5.13e-10 s                  ; Yes                        ; Yes                        ; 2.32 V                      ; 2.27e-05 V                  ; 2.34 V             ; -0.0089 V          ; 0.206 V                             ; 0.058 V                             ; 4.97e-10 s                 ; 5.13e-10 s                 ; Yes                       ; Yes                       ;
; oDisplay6[3] ; 2.5 V        ; 0 s                 ; 0 s                 ; 2.32 V                       ; 2.27e-05 V                   ; 2.34 V              ; -0.0089 V           ; 0.206 V                              ; 0.058 V                              ; 4.97e-10 s                  ; 5.13e-10 s                  ; Yes                        ; Yes                        ; 2.32 V                      ; 2.27e-05 V                  ; 2.34 V             ; -0.0089 V          ; 0.206 V                             ; 0.058 V                             ; 4.97e-10 s                 ; 5.13e-10 s                 ; Yes                       ; Yes                       ;
; oDisplay6[4] ; 2.5 V        ; 0 s                 ; 0 s                 ; 2.32 V                       ; 2.52e-05 V                   ; 2.38 V              ; -0.0315 V           ; 0.205 V                              ; 0.182 V                              ; 4.74e-10 s                  ; 4.85e-10 s                  ; No                         ; Yes                        ; 2.32 V                      ; 2.52e-05 V                  ; 2.38 V             ; -0.0315 V          ; 0.205 V                             ; 0.182 V                             ; 4.74e-10 s                 ; 4.85e-10 s                 ; No                        ; Yes                       ;
; oDisplay6[5] ; 2.5 V        ; 0 s                 ; 0 s                 ; 2.32 V                       ; 2.52e-05 V                   ; 2.38 V              ; -0.032 V            ; 0.204 V                              ; 0.181 V                              ; 4.74e-10 s                  ; 4.85e-10 s                  ; No                         ; Yes                        ; 2.32 V                      ; 2.52e-05 V                  ; 2.38 V             ; -0.032 V           ; 0.204 V                             ; 0.181 V                             ; 4.74e-10 s                 ; 4.85e-10 s                 ; No                        ; Yes                       ;
; oDisplay6[6] ; 2.5 V        ; 0 s                 ; 0 s                 ; 2.32 V                       ; 2.56e-05 V                   ; 2.38 V              ; -0.026 V            ; 0.249 V                              ; 0.089 V                              ; 4.95e-10 s                  ; 6.01e-10 s                  ; No                         ; Yes                        ; 2.32 V                      ; 2.56e-05 V                  ; 2.38 V             ; -0.026 V           ; 0.249 V                             ; 0.089 V                             ; 4.95e-10 s                 ; 6.01e-10 s                 ; No                        ; Yes                       ;
+--------------+--------------+---------------------+---------------------+------------------------------+------------------------------+---------------------+---------------------+--------------------------------------+--------------------------------------+-----------------------------+-----------------------------+----------------------------+----------------------------+-----------------------------+-----------------------------+--------------------+--------------------+-------------------------------------+-------------------------------------+----------------------------+----------------------------+---------------------------+---------------------------+


+-------------------------------------------------------------------------------------------------------------------------------------------------------------------------------------------------------------------------------------------------------------------------------------------------------------------------------------------------------------------------------------------------------------------------------------------------------------------------------------------------------------------------------------------------------------------------------------------------------------------------------------------------------------------------------------------+
; Signal Integrity Metrics (Fast 1100mv 0c Model)                                                                                                                                                                                                                                                                                                                                                                                                                                                                                                                                                                                                                                           ;
+--------------+--------------+---------------------+---------------------+------------------------------+------------------------------+---------------------+---------------------+--------------------------------------+--------------------------------------+-----------------------------+-----------------------------+----------------------------+----------------------------+-----------------------------+-----------------------------+--------------------+--------------------+-------------------------------------+-------------------------------------+----------------------------+----------------------------+---------------------------+---------------------------+
; Pin          ; I/O Standard ; Board Delay on Rise ; Board Delay on Fall ; Steady State Voh at FPGA Pin ; Steady State Vol at FPGA Pin ; Voh Max at FPGA Pin ; Vol Min at FPGA Pin ; Ringback Voltage on Rise at FPGA Pin ; Ringback Voltage on Fall at FPGA Pin ; 10-90 Rise Time at FPGA Pin ; 90-10 Fall Time at FPGA Pin ; Monotonic Rise at FPGA Pin ; Monotonic Fall at FPGA Pin ; Steady State Voh at Far-end ; Steady State Vol at Far-end ; Voh Max at Far-end ; Vol Min at Far-end ; Ringback Voltage on Rise at Far-end ; Ringback Voltage on Fall at Far-end ; 10-90 Rise Time at Far-end ; 90-10 Fall Time at Far-end ; Monotonic Rise at Far-end ; Monotonic Fall at Far-end ;
+--------------+--------------+---------------------+---------------------+------------------------------+------------------------------+---------------------+---------------------+--------------------------------------+--------------------------------------+-----------------------------+-----------------------------+----------------------------+----------------------------+-----------------------------+-----------------------------+--------------------+--------------------+-------------------------------------+-------------------------------------+----------------------------+----------------------------+---------------------------+---------------------------+
; oDisplay1[0] ; 2.5 V        ; 0 s                 ; 0 s                 ; 2.75 V                       ; 4.14e-06 V                   ; 2.91 V              ; -0.121 V            ; 0.326 V                              ; 0.297 V                              ; 2.74e-10 s                  ; 2.8e-10 s                   ; No                         ; No                         ; 2.75 V                      ; 4.14e-06 V                  ; 2.91 V             ; -0.121 V           ; 0.326 V                             ; 0.297 V                             ; 2.74e-10 s                 ; 2.8e-10 s                  ; No                        ; No                        ;
; oDisplay1[1] ; 2.5 V        ; 0 s                 ; 0 s                 ; 2.75 V                       ; 4.14e-06 V                   ; 2.91 V              ; -0.119 V            ; 0.326 V                              ; 0.298 V                              ; 2.74e-10 s                  ; 2.8e-10 s                   ; No                         ; No                         ; 2.75 V                      ; 4.14e-06 V                  ; 2.91 V             ; -0.119 V           ; 0.326 V                             ; 0.298 V                             ; 2.74e-10 s                 ; 2.8e-10 s                  ; No                        ; No                        ;
; oDisplay1[2] ; 2.5 V        ; 0 s                 ; 0 s                 ; 2.75 V                       ; 4.14e-06 V                   ; 2.91 V              ; -0.119 V            ; 0.326 V                              ; 0.298 V                              ; 2.74e-10 s                  ; 2.8e-10 s                   ; No                         ; No                         ; 2.75 V                      ; 4.14e-06 V                  ; 2.91 V             ; -0.119 V           ; 0.326 V                             ; 0.298 V                             ; 2.74e-10 s                 ; 2.8e-10 s                  ; No                        ; No                        ;
; oDisplay1[3] ; 2.5 V        ; 0 s                 ; 0 s                 ; 2.75 V                       ; 4.14e-06 V                   ; 2.91 V              ; -0.119 V            ; 0.326 V                              ; 0.298 V                              ; 2.74e-10 s                  ; 2.8e-10 s                   ; No                         ; No                         ; 2.75 V                      ; 4.14e-06 V                  ; 2.91 V             ; -0.119 V           ; 0.326 V                             ; 0.298 V                             ; 2.74e-10 s                 ; 2.8e-10 s                  ; No                        ; No                        ;
; oDisplay1[4] ; 2.5 V        ; 0 s                 ; 0 s                 ; 2.75 V                       ; 4.14e-06 V                   ; 2.91 V              ; -0.121 V            ; 0.326 V                              ; 0.297 V                              ; 2.74e-10 s                  ; 2.8e-10 s                   ; No                         ; No                         ; 2.75 V                      ; 4.14e-06 V                  ; 2.91 V             ; -0.121 V           ; 0.326 V                             ; 0.297 V                             ; 2.74e-10 s                 ; 2.8e-10 s                  ; No                        ; No                        ;
; oDisplay1[5] ; 2.5 V        ; 0 s                 ; 0 s                 ; 2.75 V                       ; 4.14e-06 V                   ; 2.91 V              ; -0.121 V            ; 0.326 V                              ; 0.297 V                              ; 2.74e-10 s                  ; 2.8e-10 s                   ; No                         ; No                         ; 2.75 V                      ; 4.14e-06 V                  ; 2.91 V             ; -0.121 V           ; 0.326 V                             ; 0.297 V                             ; 2.74e-10 s                 ; 2.8e-10 s                  ; No                        ; No                        ;
; oDisplay1[6] ; 2.5 V        ; 0 s                 ; 0 s                 ; 2.75 V                       ; 4.14e-06 V                   ; 2.91 V              ; -0.119 V            ; 0.326 V                              ; 0.298 V                              ; 2.74e-10 s                  ; 2.8e-10 s                   ; No                         ; No                         ; 2.75 V                      ; 4.14e-06 V                  ; 2.91 V             ; -0.119 V           ; 0.326 V                             ; 0.298 V                             ; 2.74e-10 s                 ; 2.8e-10 s                  ; No                        ; No                        ;
; oDisplay2[0] ; 2.5 V        ; 0 s                 ; 0 s                 ; 2.75 V                       ; 4.14e-06 V                   ; 2.91 V              ; -0.119 V            ; 0.326 V                              ; 0.298 V                              ; 2.74e-10 s                  ; 2.8e-10 s                   ; No                         ; No                         ; 2.75 V                      ; 4.14e-06 V                  ; 2.91 V             ; -0.119 V           ; 0.326 V                             ; 0.298 V                             ; 2.74e-10 s                 ; 2.8e-10 s                  ; No                        ; No                        ;
; oDisplay2[1] ; 2.5 V        ; 0 s                 ; 0 s                 ; 2.75 V                       ; 4.14e-06 V                   ; 2.91 V              ; -0.121 V            ; 0.326 V                              ; 0.297 V                              ; 2.74e-10 s                  ; 2.8e-10 s                   ; No                         ; No                         ; 2.75 V                      ; 4.14e-06 V                  ; 2.91 V             ; -0.121 V           ; 0.326 V                             ; 0.297 V                             ; 2.74e-10 s                 ; 2.8e-10 s                  ; No                        ; No                        ;
; oDisplay2[2] ; 2.5 V        ; 0 s                 ; 0 s                 ; 2.75 V                       ; 4.14e-06 V                   ; 2.91 V              ; -0.121 V            ; 0.326 V                              ; 0.297 V                              ; 2.74e-10 s                  ; 2.8e-10 s                   ; No                         ; No                         ; 2.75 V                      ; 4.14e-06 V                  ; 2.91 V             ; -0.121 V           ; 0.326 V                             ; 0.297 V                             ; 2.74e-10 s                 ; 2.8e-10 s                  ; No                        ; No                        ;
; oDisplay2[3] ; 2.5 V        ; 0 s                 ; 0 s                 ; 2.75 V                       ; 4.14e-06 V                   ; 2.91 V              ; -0.119 V            ; 0.326 V                              ; 0.298 V                              ; 2.74e-10 s                  ; 2.8e-10 s                   ; No                         ; No                         ; 2.75 V                      ; 4.14e-06 V                  ; 2.91 V             ; -0.119 V           ; 0.326 V                             ; 0.298 V                             ; 2.74e-10 s                 ; 2.8e-10 s                  ; No                        ; No                        ;
; oDisplay2[4] ; 2.5 V        ; 0 s                 ; 0 s                 ; 2.75 V                       ; 4.14e-06 V                   ; 2.91 V              ; -0.119 V            ; 0.326 V                              ; 0.298 V                              ; 2.74e-10 s                  ; 2.8e-10 s                   ; No                         ; No                         ; 2.75 V                      ; 4.14e-06 V                  ; 2.91 V             ; -0.119 V           ; 0.326 V                             ; 0.298 V                             ; 2.74e-10 s                 ; 2.8e-10 s                  ; No                        ; No                        ;
; oDisplay2[5] ; 2.5 V        ; 0 s                 ; 0 s                 ; 2.75 V                       ; 4.14e-06 V                   ; 2.91 V              ; -0.121 V            ; 0.326 V                              ; 0.297 V                              ; 2.74e-10 s                  ; 2.8e-10 s                   ; No                         ; No                         ; 2.75 V                      ; 4.14e-06 V                  ; 2.91 V             ; -0.121 V           ; 0.326 V                             ; 0.297 V                             ; 2.74e-10 s                 ; 2.8e-10 s                  ; No                        ; No                        ;
; oDisplay2[6] ; 2.5 V        ; 0 s                 ; 0 s                 ; 2.75 V                       ; 4.14e-06 V                   ; 2.91 V              ; -0.121 V            ; 0.326 V                              ; 0.297 V                              ; 2.74e-10 s                  ; 2.8e-10 s                   ; No                         ; No                         ; 2.75 V                      ; 4.14e-06 V                  ; 2.91 V             ; -0.121 V           ; 0.326 V                             ; 0.297 V                             ; 2.74e-10 s                 ; 2.8e-10 s                  ; No                        ; No                        ;
; oDisplay3[0] ; 2.5 V        ; 0 s                 ; 0 s                 ; 2.75 V                       ; 4.25e-06 V                   ; 2.9 V               ; -0.107 V            ; 0.378 V                              ; 0.16 V                               ; 2.87e-10 s                  ; 4.28e-10 s                  ; No                         ; No                         ; 2.75 V                      ; 4.25e-06 V                  ; 2.9 V              ; -0.107 V           ; 0.378 V                             ; 0.16 V                              ; 2.87e-10 s                 ; 4.28e-10 s                 ; No                        ; No                        ;
; oDisplay3[1] ; 2.5 V        ; 0 s                 ; 0 s                 ; 2.75 V                       ; 4.14e-06 V                   ; 2.91 V              ; -0.121 V            ; 0.326 V                              ; 0.297 V                              ; 2.74e-10 s                  ; 2.8e-10 s                   ; No                         ; No                         ; 2.75 V                      ; 4.14e-06 V                  ; 2.91 V             ; -0.121 V           ; 0.326 V                             ; 0.297 V                             ; 2.74e-10 s                 ; 2.8e-10 s                  ; No                        ; No                        ;
; oDisplay3[2] ; 2.5 V        ; 0 s                 ; 0 s                 ; 2.75 V                       ; 4.14e-06 V                   ; 2.91 V              ; -0.121 V            ; 0.326 V                              ; 0.297 V                              ; 2.74e-10 s                  ; 2.8e-10 s                   ; No                         ; No                         ; 2.75 V                      ; 4.14e-06 V                  ; 2.91 V             ; -0.121 V           ; 0.326 V                             ; 0.297 V                             ; 2.74e-10 s                 ; 2.8e-10 s                  ; No                        ; No                        ;
; oDisplay3[3] ; 2.5 V        ; 0 s                 ; 0 s                 ; 2.75 V                       ; 3.54e-06 V                   ; 2.81 V              ; -0.0578 V           ; 0.303 V                              ; 0.28 V                               ; 2.93e-10 s                  ; 3.01e-10 s                  ; No                         ; No                         ; 2.75 V                      ; 3.54e-06 V                  ; 2.81 V             ; -0.0578 V          ; 0.303 V                             ; 0.28 V                              ; 2.93e-10 s                 ; 3.01e-10 s                 ; No                        ; No                        ;
; oDisplay3[4] ; 2.5 V        ; 0 s                 ; 0 s                 ; 2.75 V                       ; 3.54e-06 V                   ; 2.81 V              ; -0.0578 V           ; 0.303 V                              ; 0.28 V                               ; 2.93e-10 s                  ; 3.01e-10 s                  ; No                         ; No                         ; 2.75 V                      ; 3.54e-06 V                  ; 2.81 V             ; -0.0578 V          ; 0.303 V                             ; 0.28 V                              ; 2.93e-10 s                 ; 3.01e-10 s                 ; No                        ; No                        ;
; oDisplay3[5] ; 2.5 V        ; 0 s                 ; 0 s                 ; 2.75 V                       ; 4.14e-06 V                   ; 2.91 V              ; -0.121 V            ; 0.326 V                              ; 0.297 V                              ; 2.74e-10 s                  ; 2.8e-10 s                   ; No                         ; No                         ; 2.75 V                      ; 4.14e-06 V                  ; 2.91 V             ; -0.121 V           ; 0.326 V                             ; 0.297 V                             ; 2.74e-10 s                 ; 2.8e-10 s                  ; No                        ; No                        ;
; oDisplay3[6] ; 2.5 V        ; 0 s                 ; 0 s                 ; 2.75 V                       ; 4.14e-06 V                   ; 2.91 V              ; -0.119 V            ; 0.326 V                              ; 0.298 V                              ; 2.74e-10 s                  ; 2.8e-10 s                   ; No                         ; No                         ; 2.75 V                      ; 4.14e-06 V                  ; 2.91 V             ; -0.119 V           ; 0.326 V                             ; 0.298 V                             ; 2.74e-10 s                 ; 2.8e-10 s                  ; No                        ; No                        ;
; oDisplay4[0] ; 2.5 V        ; 0 s                 ; 0 s                 ; 2.75 V                       ; 3.54e-06 V                   ; 2.81 V              ; -0.0578 V           ; 0.303 V                              ; 0.28 V                               ; 2.93e-10 s                  ; 3.01e-10 s                  ; No                         ; No                         ; 2.75 V                      ; 3.54e-06 V                  ; 2.81 V             ; -0.0578 V          ; 0.303 V                             ; 0.28 V                              ; 2.93e-10 s                 ; 3.01e-10 s                 ; No                        ; No                        ;
; oDisplay4[1] ; 2.5 V        ; 0 s                 ; 0 s                 ; 2.75 V                       ; 4.25e-06 V                   ; 2.9 V               ; -0.107 V            ; 0.378 V                              ; 0.16 V                               ; 2.87e-10 s                  ; 4.28e-10 s                  ; No                         ; No                         ; 2.75 V                      ; 4.25e-06 V                  ; 2.9 V              ; -0.107 V           ; 0.378 V                             ; 0.16 V                              ; 2.87e-10 s                 ; 4.28e-10 s                 ; No                        ; No                        ;
; oDisplay4[2] ; 2.5 V        ; 0 s                 ; 0 s                 ; 2.75 V                       ; 4.25e-06 V                   ; 2.9 V               ; -0.107 V            ; 0.378 V                              ; 0.16 V                               ; 2.87e-10 s                  ; 4.28e-10 s                  ; No                         ; No                         ; 2.75 V                      ; 4.25e-06 V                  ; 2.9 V              ; -0.107 V           ; 0.378 V                             ; 0.16 V                              ; 2.87e-10 s                 ; 4.28e-10 s                 ; No                        ; No                        ;
; oDisplay4[3] ; 2.5 V        ; 0 s                 ; 0 s                 ; 2.75 V                       ; 3.54e-06 V                   ; 2.81 V              ; -0.0578 V           ; 0.303 V                              ; 0.28 V                               ; 2.93e-10 s                  ; 3.01e-10 s                  ; No                         ; No                         ; 2.75 V                      ; 3.54e-06 V                  ; 2.81 V             ; -0.0578 V          ; 0.303 V                             ; 0.28 V                              ; 2.93e-10 s                 ; 3.01e-10 s                 ; No                        ; No                        ;
; oDisplay4[4] ; 2.5 V        ; 0 s                 ; 0 s                 ; 2.75 V                       ; 4.25e-06 V                   ; 2.9 V               ; -0.107 V            ; 0.378 V                              ; 0.16 V                               ; 2.87e-10 s                  ; 4.28e-10 s                  ; No                         ; No                         ; 2.75 V                      ; 4.25e-06 V                  ; 2.9 V              ; -0.107 V           ; 0.378 V                             ; 0.16 V                              ; 2.87e-10 s                 ; 4.28e-10 s                 ; No                        ; No                        ;
; oDisplay4[5] ; 2.5 V        ; 0 s                 ; 0 s                 ; 2.75 V                       ; 4.25e-06 V                   ; 2.9 V               ; -0.107 V            ; 0.378 V                              ; 0.16 V                               ; 2.87e-10 s                  ; 4.28e-10 s                  ; No                         ; No                         ; 2.75 V                      ; 4.25e-06 V                  ; 2.9 V              ; -0.107 V           ; 0.378 V                             ; 0.16 V                              ; 2.87e-10 s                 ; 4.28e-10 s                 ; No                        ; No                        ;
; oDisplay4[6] ; 2.5 V        ; 0 s                 ; 0 s                 ; 2.75 V                       ; 3.54e-06 V                   ; 2.81 V              ; -0.0578 V           ; 0.303 V                              ; 0.28 V                               ; 2.93e-10 s                  ; 3.01e-10 s                  ; No                         ; No                         ; 2.75 V                      ; 3.54e-06 V                  ; 2.81 V             ; -0.0578 V          ; 0.303 V                             ; 0.28 V                              ; 2.93e-10 s                 ; 3.01e-10 s                 ; No                        ; No                        ;
; oDisplay5[0] ; 2.5 V        ; 0 s                 ; 0 s                 ; 2.75 V                       ; 4.14e-06 V                   ; 2.91 V              ; -0.119 V            ; 0.326 V                              ; 0.298 V                              ; 2.74e-10 s                  ; 2.8e-10 s                   ; No                         ; No                         ; 2.75 V                      ; 4.14e-06 V                  ; 2.91 V             ; -0.119 V           ; 0.326 V                             ; 0.298 V                             ; 2.74e-10 s                 ; 2.8e-10 s                  ; No                        ; No                        ;
; oDisplay5[1] ; 2.5 V        ; 0 s                 ; 0 s                 ; 2.75 V                       ; 3.54e-06 V                   ; 2.81 V              ; -0.0578 V           ; 0.303 V                              ; 0.28 V                               ; 2.93e-10 s                  ; 3.01e-10 s                  ; No                         ; No                         ; 2.75 V                      ; 3.54e-06 V                  ; 2.81 V             ; -0.0578 V          ; 0.303 V                             ; 0.28 V                              ; 2.93e-10 s                 ; 3.01e-10 s                 ; No                        ; No                        ;
; oDisplay5[2] ; 2.5 V        ; 0 s                 ; 0 s                 ; 2.75 V                       ; 3.54e-06 V                   ; 2.81 V              ; -0.0578 V           ; 0.303 V                              ; 0.28 V                               ; 2.93e-10 s                  ; 3.01e-10 s                  ; No                         ; No                         ; 2.75 V                      ; 3.54e-06 V                  ; 2.81 V             ; -0.0578 V          ; 0.303 V                             ; 0.28 V                              ; 2.93e-10 s                 ; 3.01e-10 s                 ; No                        ; No                        ;
; oDisplay5[3] ; 2.5 V        ; 0 s                 ; 0 s                 ; 2.75 V                       ; 3.54e-06 V                   ; 2.81 V              ; -0.0578 V           ; 0.303 V                              ; 0.28 V                               ; 2.93e-10 s                  ; 3.01e-10 s                  ; No                         ; No                         ; 2.75 V                      ; 3.54e-06 V                  ; 2.81 V             ; -0.0578 V          ; 0.303 V                             ; 0.28 V                              ; 2.93e-10 s                 ; 3.01e-10 s                 ; No                        ; No                        ;
; oDisplay5[4] ; 2.5 V        ; 0 s                 ; 0 s                 ; 2.75 V                       ; 4.25e-06 V                   ; 2.9 V               ; -0.107 V            ; 0.378 V                              ; 0.16 V                               ; 2.87e-10 s                  ; 4.28e-10 s                  ; No                         ; No                         ; 2.75 V                      ; 4.25e-06 V                  ; 2.9 V              ; -0.107 V           ; 0.378 V                             ; 0.16 V                              ; 2.87e-10 s                 ; 4.28e-10 s                 ; No                        ; No                        ;
; oDisplay5[5] ; 2.5 V        ; 0 s                 ; 0 s                 ; 2.75 V                       ; 4.25e-06 V                   ; 2.9 V               ; -0.107 V            ; 0.378 V                              ; 0.16 V                               ; 2.87e-10 s                  ; 4.28e-10 s                  ; No                         ; No                         ; 2.75 V                      ; 4.25e-06 V                  ; 2.9 V              ; -0.107 V           ; 0.378 V                             ; 0.16 V                              ; 2.87e-10 s                 ; 4.28e-10 s                 ; No                        ; No                        ;
; oDisplay5[6] ; 2.5 V        ; 0 s                 ; 0 s                 ; 2.75 V                       ; 3.54e-06 V                   ; 2.81 V              ; -0.0578 V           ; 0.303 V                              ; 0.28 V                               ; 2.93e-10 s                  ; 3.01e-10 s                  ; No                         ; No                         ; 2.75 V                      ; 3.54e-06 V                  ; 2.81 V             ; -0.0578 V          ; 0.303 V                             ; 0.28 V                              ; 2.93e-10 s                 ; 3.01e-10 s                 ; No                        ; No                        ;
; oDisplay6[0] ; 2.5 V        ; 0 s                 ; 0 s                 ; 2.75 V                       ; 4.25e-06 V                   ; 2.9 V               ; -0.107 V            ; 0.378 V                              ; 0.16 V                               ; 2.87e-10 s                  ; 4.28e-10 s                  ; No                         ; No                         ; 2.75 V                      ; 4.25e-06 V                  ; 2.9 V              ; -0.107 V           ; 0.378 V                             ; 0.16 V                              ; 2.87e-10 s                 ; 4.28e-10 s                 ; No                        ; No                        ;
; oDisplay6[1] ; 2.5 V        ; 0 s                 ; 0 s                 ; 2.75 V                       ; 3.54e-06 V                   ; 2.81 V              ; -0.0578 V           ; 0.303 V                              ; 0.28 V                               ; 2.93e-10 s                  ; 3.01e-10 s                  ; No                         ; No                         ; 2.75 V                      ; 3.54e-06 V                  ; 2.81 V             ; -0.0578 V          ; 0.303 V                             ; 0.28 V                              ; 2.93e-10 s                 ; 3.01e-10 s                 ; No                        ; No                        ;
; oDisplay6[2] ; 2.5 V        ; 0 s                 ; 0 s                 ; 2.75 V                       ; 3.54e-06 V                   ; 2.81 V              ; -0.0578 V           ; 0.303 V                              ; 0.28 V                               ; 2.93e-10 s                  ; 3.01e-10 s                  ; No                         ; No                         ; 2.75 V                      ; 3.54e-06 V                  ; 2.81 V             ; -0.0578 V          ; 0.303 V                             ; 0.28 V                              ; 2.93e-10 s                 ; 3.01e-10 s                 ; No                        ; No                        ;
; oDisplay6[3] ; 2.5 V        ; 0 s                 ; 0 s                 ; 2.75 V                       ; 3.54e-06 V                   ; 2.81 V              ; -0.0578 V           ; 0.303 V                              ; 0.28 V                               ; 2.93e-10 s                  ; 3.01e-10 s                  ; No                         ; No                         ; 2.75 V                      ; 3.54e-06 V                  ; 2.81 V             ; -0.0578 V          ; 0.303 V                             ; 0.28 V                              ; 2.93e-10 s                 ; 3.01e-10 s                 ; No                        ; No                        ;
; oDisplay6[4] ; 2.5 V        ; 0 s                 ; 0 s                 ; 2.75 V                       ; 4.14e-06 V                   ; 2.91 V              ; -0.121 V            ; 0.326 V                              ; 0.297 V                              ; 2.74e-10 s                  ; 2.8e-10 s                   ; No                         ; No                         ; 2.75 V                      ; 4.14e-06 V                  ; 2.91 V             ; -0.121 V           ; 0.326 V                             ; 0.297 V                             ; 2.74e-10 s                 ; 2.8e-10 s                  ; No                        ; No                        ;
; oDisplay6[5] ; 2.5 V        ; 0 s                 ; 0 s                 ; 2.75 V                       ; 4.14e-06 V                   ; 2.91 V              ; -0.119 V            ; 0.326 V                              ; 0.298 V                              ; 2.74e-10 s                  ; 2.8e-10 s                   ; No                         ; No                         ; 2.75 V                      ; 4.14e-06 V                  ; 2.91 V             ; -0.119 V           ; 0.326 V                             ; 0.298 V                             ; 2.74e-10 s                 ; 2.8e-10 s                  ; No                        ; No                        ;
; oDisplay6[6] ; 2.5 V        ; 0 s                 ; 0 s                 ; 2.75 V                       ; 4.25e-06 V                   ; 2.9 V               ; -0.107 V            ; 0.378 V                              ; 0.16 V                               ; 2.87e-10 s                  ; 4.28e-10 s                  ; No                         ; No                         ; 2.75 V                      ; 4.25e-06 V                  ; 2.9 V              ; -0.107 V           ; 0.378 V                             ; 0.16 V                              ; 2.87e-10 s                 ; 4.28e-10 s                 ; No                        ; No                        ;
+--------------+--------------+---------------------+---------------------+------------------------------+------------------------------+---------------------+---------------------+--------------------------------------+--------------------------------------+-----------------------------+-----------------------------+----------------------------+----------------------------+-----------------------------+-----------------------------+--------------------+--------------------+-------------------------------------+-------------------------------------+----------------------------+----------------------------+---------------------------+---------------------------+


+-------------------------------------------------------------------------------------------------------------------------------------------------------------------------------------------------------------------------------------------------------------------------------------------------------------------------------------------------------------------------------------------------------------------------------------------------------------------------------------------------------------------------------------------------------------------------------------------------------------------------------------------------------------------------------------------+
; Signal Integrity Metrics (Fast 1100mv 85c Model)                                                                                                                                                                                                                                                                                                                                                                                                                                                                                                                                                                                                                                          ;
+--------------+--------------+---------------------+---------------------+------------------------------+------------------------------+---------------------+---------------------+--------------------------------------+--------------------------------------+-----------------------------+-----------------------------+----------------------------+----------------------------+-----------------------------+-----------------------------+--------------------+--------------------+-------------------------------------+-------------------------------------+----------------------------+----------------------------+---------------------------+---------------------------+
; Pin          ; I/O Standard ; Board Delay on Rise ; Board Delay on Fall ; Steady State Voh at FPGA Pin ; Steady State Vol at FPGA Pin ; Voh Max at FPGA Pin ; Vol Min at FPGA Pin ; Ringback Voltage on Rise at FPGA Pin ; Ringback Voltage on Fall at FPGA Pin ; 10-90 Rise Time at FPGA Pin ; 90-10 Fall Time at FPGA Pin ; Monotonic Rise at FPGA Pin ; Monotonic Fall at FPGA Pin ; Steady State Voh at Far-end ; Steady State Vol at Far-end ; Voh Max at Far-end ; Vol Min at Far-end ; Ringback Voltage on Rise at Far-end ; Ringback Voltage on Fall at Far-end ; 10-90 Rise Time at Far-end ; 90-10 Fall Time at Far-end ; Monotonic Rise at Far-end ; Monotonic Fall at Far-end ;
+--------------+--------------+---------------------+---------------------+------------------------------+------------------------------+---------------------+---------------------+--------------------------------------+--------------------------------------+-----------------------------+-----------------------------+----------------------------+----------------------------+-----------------------------+-----------------------------+--------------------+--------------------+-------------------------------------+-------------------------------------+----------------------------+----------------------------+---------------------------+---------------------------+
; oDisplay1[0] ; 2.5 V        ; 0 s                 ; 0 s                 ; 2.75 V                       ; 0.000242 V                   ; 2.86 V              ; -0.0814 V           ; 0.36 V                               ; 0.156 V                              ; 3e-10 s                     ; 4.34e-10 s                  ; No                         ; No                         ; 2.75 V                      ; 0.000242 V                  ; 2.86 V             ; -0.0814 V          ; 0.36 V                              ; 0.156 V                             ; 3e-10 s                    ; 4.34e-10 s                 ; No                        ; No                        ;
; oDisplay1[1] ; 2.5 V        ; 0 s                 ; 0 s                 ; 2.75 V                       ; 0.000242 V                   ; 2.86 V              ; -0.0805 V           ; 0.358 V                              ; 0.156 V                              ; 3.01e-10 s                  ; 4.34e-10 s                  ; No                         ; No                         ; 2.75 V                      ; 0.000242 V                  ; 2.86 V             ; -0.0805 V          ; 0.358 V                             ; 0.156 V                             ; 3.01e-10 s                 ; 4.34e-10 s                 ; No                        ; No                        ;
; oDisplay1[2] ; 2.5 V        ; 0 s                 ; 0 s                 ; 2.75 V                       ; 0.000242 V                   ; 2.86 V              ; -0.0805 V           ; 0.358 V                              ; 0.156 V                              ; 3.01e-10 s                  ; 4.34e-10 s                  ; No                         ; No                         ; 2.75 V                      ; 0.000242 V                  ; 2.86 V             ; -0.0805 V          ; 0.358 V                             ; 0.156 V                             ; 3.01e-10 s                 ; 4.34e-10 s                 ; No                        ; No                        ;
; oDisplay1[3] ; 2.5 V        ; 0 s                 ; 0 s                 ; 2.75 V                       ; 0.000242 V                   ; 2.86 V              ; -0.0805 V           ; 0.358 V                              ; 0.156 V                              ; 3.01e-10 s                  ; 4.34e-10 s                  ; No                         ; No                         ; 2.75 V                      ; 0.000242 V                  ; 2.86 V             ; -0.0805 V          ; 0.358 V                             ; 0.156 V                             ; 3.01e-10 s                 ; 4.34e-10 s                 ; No                        ; No                        ;
; oDisplay1[4] ; 2.5 V        ; 0 s                 ; 0 s                 ; 2.75 V                       ; 0.000242 V                   ; 2.86 V              ; -0.0814 V           ; 0.36 V                               ; 0.156 V                              ; 3e-10 s                     ; 4.34e-10 s                  ; No                         ; No                         ; 2.75 V                      ; 0.000242 V                  ; 2.86 V             ; -0.0814 V          ; 0.36 V                              ; 0.156 V                             ; 3e-10 s                    ; 4.34e-10 s                 ; No                        ; No                        ;
; oDisplay1[5] ; 2.5 V        ; 0 s                 ; 0 s                 ; 2.75 V                       ; 0.000242 V                   ; 2.86 V              ; -0.0814 V           ; 0.36 V                               ; 0.156 V                              ; 3e-10 s                     ; 4.34e-10 s                  ; No                         ; No                         ; 2.75 V                      ; 0.000242 V                  ; 2.86 V             ; -0.0814 V          ; 0.36 V                              ; 0.156 V                             ; 3e-10 s                    ; 4.34e-10 s                 ; No                        ; No                        ;
; oDisplay1[6] ; 2.5 V        ; 0 s                 ; 0 s                 ; 2.75 V                       ; 0.000242 V                   ; 2.86 V              ; -0.0805 V           ; 0.358 V                              ; 0.156 V                              ; 3.01e-10 s                  ; 4.34e-10 s                  ; No                         ; No                         ; 2.75 V                      ; 0.000242 V                  ; 2.86 V             ; -0.0805 V          ; 0.358 V                             ; 0.156 V                             ; 3.01e-10 s                 ; 4.34e-10 s                 ; No                        ; No                        ;
; oDisplay2[0] ; 2.5 V        ; 0 s                 ; 0 s                 ; 2.75 V                       ; 0.000242 V                   ; 2.86 V              ; -0.0805 V           ; 0.358 V                              ; 0.156 V                              ; 3.01e-10 s                  ; 4.34e-10 s                  ; No                         ; No                         ; 2.75 V                      ; 0.000242 V                  ; 2.86 V             ; -0.0805 V          ; 0.358 V                             ; 0.156 V                             ; 3.01e-10 s                 ; 4.34e-10 s                 ; No                        ; No                        ;
; oDisplay2[1] ; 2.5 V        ; 0 s                 ; 0 s                 ; 2.75 V                       ; 0.000242 V                   ; 2.86 V              ; -0.0814 V           ; 0.36 V                               ; 0.156 V                              ; 3e-10 s                     ; 4.34e-10 s                  ; No                         ; No                         ; 2.75 V                      ; 0.000242 V                  ; 2.86 V             ; -0.0814 V          ; 0.36 V                              ; 0.156 V                             ; 3e-10 s                    ; 4.34e-10 s                 ; No                        ; No                        ;
; oDisplay2[2] ; 2.5 V        ; 0 s                 ; 0 s                 ; 2.75 V                       ; 0.000242 V                   ; 2.86 V              ; -0.0814 V           ; 0.36 V                               ; 0.156 V                              ; 3e-10 s                     ; 4.34e-10 s                  ; No                         ; No                         ; 2.75 V                      ; 0.000242 V                  ; 2.86 V             ; -0.0814 V          ; 0.36 V                              ; 0.156 V                             ; 3e-10 s                    ; 4.34e-10 s                 ; No                        ; No                        ;
; oDisplay2[3] ; 2.5 V        ; 0 s                 ; 0 s                 ; 2.75 V                       ; 0.000242 V                   ; 2.86 V              ; -0.0805 V           ; 0.358 V                              ; 0.156 V                              ; 3.01e-10 s                  ; 4.34e-10 s                  ; No                         ; No                         ; 2.75 V                      ; 0.000242 V                  ; 2.86 V             ; -0.0805 V          ; 0.358 V                             ; 0.156 V                             ; 3.01e-10 s                 ; 4.34e-10 s                 ; No                        ; No                        ;
; oDisplay2[4] ; 2.5 V        ; 0 s                 ; 0 s                 ; 2.75 V                       ; 0.000242 V                   ; 2.86 V              ; -0.0805 V           ; 0.358 V                              ; 0.156 V                              ; 3.01e-10 s                  ; 4.34e-10 s                  ; No                         ; No                         ; 2.75 V                      ; 0.000242 V                  ; 2.86 V             ; -0.0805 V          ; 0.358 V                             ; 0.156 V                             ; 3.01e-10 s                 ; 4.34e-10 s                 ; No                        ; No                        ;
; oDisplay2[5] ; 2.5 V        ; 0 s                 ; 0 s                 ; 2.75 V                       ; 0.000242 V                   ; 2.86 V              ; -0.0814 V           ; 0.36 V                               ; 0.156 V                              ; 3e-10 s                     ; 4.34e-10 s                  ; No                         ; No                         ; 2.75 V                      ; 0.000242 V                  ; 2.86 V             ; -0.0814 V          ; 0.36 V                              ; 0.156 V                             ; 3e-10 s                    ; 4.34e-10 s                 ; No                        ; No                        ;
; oDisplay2[6] ; 2.5 V        ; 0 s                 ; 0 s                 ; 2.75 V                       ; 0.000242 V                   ; 2.86 V              ; -0.0814 V           ; 0.36 V                               ; 0.156 V                              ; 3e-10 s                     ; 4.34e-10 s                  ; No                         ; No                         ; 2.75 V                      ; 0.000242 V                  ; 2.86 V             ; -0.0814 V          ; 0.36 V                              ; 0.156 V                             ; 3e-10 s                    ; 4.34e-10 s                 ; No                        ; No                        ;
; oDisplay3[0] ; 2.5 V        ; 0 s                 ; 0 s                 ; 2.75 V                       ; 0.000247 V                   ; 2.85 V              ; -0.0711 V           ; 0.204 V                              ; 0.181 V                              ; 4.55e-10 s                  ; 4.49e-10 s                  ; No                         ; No                         ; 2.75 V                      ; 0.000247 V                  ; 2.85 V             ; -0.0711 V          ; 0.204 V                             ; 0.181 V                             ; 4.55e-10 s                 ; 4.49e-10 s                 ; No                        ; No                        ;
; oDisplay3[1] ; 2.5 V        ; 0 s                 ; 0 s                 ; 2.75 V                       ; 0.000242 V                   ; 2.86 V              ; -0.0814 V           ; 0.36 V                               ; 0.156 V                              ; 3e-10 s                     ; 4.34e-10 s                  ; No                         ; No                         ; 2.75 V                      ; 0.000242 V                  ; 2.86 V             ; -0.0814 V          ; 0.36 V                              ; 0.156 V                             ; 3e-10 s                    ; 4.34e-10 s                 ; No                        ; No                        ;
; oDisplay3[2] ; 2.5 V        ; 0 s                 ; 0 s                 ; 2.75 V                       ; 0.000242 V                   ; 2.86 V              ; -0.0814 V           ; 0.36 V                               ; 0.156 V                              ; 3e-10 s                     ; 4.34e-10 s                  ; No                         ; No                         ; 2.75 V                      ; 0.000242 V                  ; 2.86 V             ; -0.0814 V          ; 0.36 V                              ; 0.156 V                             ; 3e-10 s                    ; 4.34e-10 s                 ; No                        ; No                        ;
; oDisplay3[3] ; 2.5 V        ; 0 s                 ; 0 s                 ; 2.75 V                       ; 0.000213 V                   ; 2.79 V              ; -0.0324 V           ; 0.139 V                              ; 0.119 V                              ; 4.42e-10 s                  ; 4.33e-10 s                  ; No                         ; Yes                        ; 2.75 V                      ; 0.000213 V                  ; 2.79 V             ; -0.0324 V          ; 0.139 V                             ; 0.119 V                             ; 4.42e-10 s                 ; 4.33e-10 s                 ; No                        ; Yes                       ;
; oDisplay3[4] ; 2.5 V        ; 0 s                 ; 0 s                 ; 2.75 V                       ; 0.000213 V                   ; 2.79 V              ; -0.0324 V           ; 0.139 V                              ; 0.119 V                              ; 4.42e-10 s                  ; 4.33e-10 s                  ; No                         ; Yes                        ; 2.75 V                      ; 0.000213 V                  ; 2.79 V             ; -0.0324 V          ; 0.139 V                             ; 0.119 V                             ; 4.42e-10 s                 ; 4.33e-10 s                 ; No                        ; Yes                       ;
; oDisplay3[5] ; 2.5 V        ; 0 s                 ; 0 s                 ; 2.75 V                       ; 0.000242 V                   ; 2.86 V              ; -0.0814 V           ; 0.36 V                               ; 0.156 V                              ; 3e-10 s                     ; 4.34e-10 s                  ; No                         ; No                         ; 2.75 V                      ; 0.000242 V                  ; 2.86 V             ; -0.0814 V          ; 0.36 V                              ; 0.156 V                             ; 3e-10 s                    ; 4.34e-10 s                 ; No                        ; No                        ;
; oDisplay3[6] ; 2.5 V        ; 0 s                 ; 0 s                 ; 2.75 V                       ; 0.000242 V                   ; 2.86 V              ; -0.0805 V           ; 0.358 V                              ; 0.156 V                              ; 3.01e-10 s                  ; 4.34e-10 s                  ; No                         ; No                         ; 2.75 V                      ; 0.000242 V                  ; 2.86 V             ; -0.0805 V          ; 0.358 V                             ; 0.156 V                             ; 3.01e-10 s                 ; 4.34e-10 s                 ; No                        ; No                        ;
; oDisplay4[0] ; 2.5 V        ; 0 s                 ; 0 s                 ; 2.75 V                       ; 0.000213 V                   ; 2.79 V              ; -0.0324 V           ; 0.139 V                              ; 0.119 V                              ; 4.42e-10 s                  ; 4.33e-10 s                  ; No                         ; Yes                        ; 2.75 V                      ; 0.000213 V                  ; 2.79 V             ; -0.0324 V          ; 0.139 V                             ; 0.119 V                             ; 4.42e-10 s                 ; 4.33e-10 s                 ; No                        ; Yes                       ;
; oDisplay4[1] ; 2.5 V        ; 0 s                 ; 0 s                 ; 2.75 V                       ; 0.000247 V                   ; 2.85 V              ; -0.0711 V           ; 0.204 V                              ; 0.181 V                              ; 4.55e-10 s                  ; 4.49e-10 s                  ; No                         ; No                         ; 2.75 V                      ; 0.000247 V                  ; 2.85 V             ; -0.0711 V          ; 0.204 V                             ; 0.181 V                             ; 4.55e-10 s                 ; 4.49e-10 s                 ; No                        ; No                        ;
; oDisplay4[2] ; 2.5 V        ; 0 s                 ; 0 s                 ; 2.75 V                       ; 0.000247 V                   ; 2.85 V              ; -0.0711 V           ; 0.204 V                              ; 0.181 V                              ; 4.55e-10 s                  ; 4.49e-10 s                  ; No                         ; No                         ; 2.75 V                      ; 0.000247 V                  ; 2.85 V             ; -0.0711 V          ; 0.204 V                             ; 0.181 V                             ; 4.55e-10 s                 ; 4.49e-10 s                 ; No                        ; No                        ;
; oDisplay4[3] ; 2.5 V        ; 0 s                 ; 0 s                 ; 2.75 V                       ; 0.000213 V                   ; 2.79 V              ; -0.0324 V           ; 0.139 V                              ; 0.119 V                              ; 4.42e-10 s                  ; 4.33e-10 s                  ; No                         ; Yes                        ; 2.75 V                      ; 0.000213 V                  ; 2.79 V             ; -0.0324 V          ; 0.139 V                             ; 0.119 V                             ; 4.42e-10 s                 ; 4.33e-10 s                 ; No                        ; Yes                       ;
; oDisplay4[4] ; 2.5 V        ; 0 s                 ; 0 s                 ; 2.75 V                       ; 0.000247 V                   ; 2.85 V              ; -0.0711 V           ; 0.204 V                              ; 0.181 V                              ; 4.55e-10 s                  ; 4.49e-10 s                  ; No                         ; No                         ; 2.75 V                      ; 0.000247 V                  ; 2.85 V             ; -0.0711 V          ; 0.204 V                             ; 0.181 V                             ; 4.55e-10 s                 ; 4.49e-10 s                 ; No                        ; No                        ;
; oDisplay4[5] ; 2.5 V        ; 0 s                 ; 0 s                 ; 2.75 V                       ; 0.000247 V                   ; 2.85 V              ; -0.0711 V           ; 0.204 V                              ; 0.181 V                              ; 4.55e-10 s                  ; 4.49e-10 s                  ; No                         ; No                         ; 2.75 V                      ; 0.000247 V                  ; 2.85 V             ; -0.0711 V          ; 0.204 V                             ; 0.181 V                             ; 4.55e-10 s                 ; 4.49e-10 s                 ; No                        ; No                        ;
; oDisplay4[6] ; 2.5 V        ; 0 s                 ; 0 s                 ; 2.75 V                       ; 0.000213 V                   ; 2.79 V              ; -0.0324 V           ; 0.139 V                              ; 0.119 V                              ; 4.42e-10 s                  ; 4.33e-10 s                  ; No                         ; Yes                        ; 2.75 V                      ; 0.000213 V                  ; 2.79 V             ; -0.0324 V          ; 0.139 V                             ; 0.119 V                             ; 4.42e-10 s                 ; 4.33e-10 s                 ; No                        ; Yes                       ;
; oDisplay5[0] ; 2.5 V        ; 0 s                 ; 0 s                 ; 2.75 V                       ; 0.000242 V                   ; 2.86 V              ; -0.0805 V           ; 0.358 V                              ; 0.156 V                              ; 3.01e-10 s                  ; 4.34e-10 s                  ; No                         ; No                         ; 2.75 V                      ; 0.000242 V                  ; 2.86 V             ; -0.0805 V          ; 0.358 V                             ; 0.156 V                             ; 3.01e-10 s                 ; 4.34e-10 s                 ; No                        ; No                        ;
; oDisplay5[1] ; 2.5 V        ; 0 s                 ; 0 s                 ; 2.75 V                       ; 0.000213 V                   ; 2.79 V              ; -0.0324 V           ; 0.139 V                              ; 0.119 V                              ; 4.42e-10 s                  ; 4.33e-10 s                  ; No                         ; Yes                        ; 2.75 V                      ; 0.000213 V                  ; 2.79 V             ; -0.0324 V          ; 0.139 V                             ; 0.119 V                             ; 4.42e-10 s                 ; 4.33e-10 s                 ; No                        ; Yes                       ;
; oDisplay5[2] ; 2.5 V        ; 0 s                 ; 0 s                 ; 2.75 V                       ; 0.000213 V                   ; 2.79 V              ; -0.0324 V           ; 0.139 V                              ; 0.119 V                              ; 4.42e-10 s                  ; 4.33e-10 s                  ; No                         ; Yes                        ; 2.75 V                      ; 0.000213 V                  ; 2.79 V             ; -0.0324 V          ; 0.139 V                             ; 0.119 V                             ; 4.42e-10 s                 ; 4.33e-10 s                 ; No                        ; Yes                       ;
; oDisplay5[3] ; 2.5 V        ; 0 s                 ; 0 s                 ; 2.75 V                       ; 0.000213 V                   ; 2.79 V              ; -0.0324 V           ; 0.139 V                              ; 0.119 V                              ; 4.42e-10 s                  ; 4.33e-10 s                  ; No                         ; Yes                        ; 2.75 V                      ; 0.000213 V                  ; 2.79 V             ; -0.0324 V          ; 0.139 V                             ; 0.119 V                             ; 4.42e-10 s                 ; 4.33e-10 s                 ; No                        ; Yes                       ;
; oDisplay5[4] ; 2.5 V        ; 0 s                 ; 0 s                 ; 2.75 V                       ; 0.000247 V                   ; 2.85 V              ; -0.0711 V           ; 0.204 V                              ; 0.181 V                              ; 4.55e-10 s                  ; 4.49e-10 s                  ; No                         ; No                         ; 2.75 V                      ; 0.000247 V                  ; 2.85 V             ; -0.0711 V          ; 0.204 V                             ; 0.181 V                             ; 4.55e-10 s                 ; 4.49e-10 s                 ; No                        ; No                        ;
; oDisplay5[5] ; 2.5 V        ; 0 s                 ; 0 s                 ; 2.75 V                       ; 0.000247 V                   ; 2.85 V              ; -0.0711 V           ; 0.204 V                              ; 0.181 V                              ; 4.55e-10 s                  ; 4.49e-10 s                  ; No                         ; No                         ; 2.75 V                      ; 0.000247 V                  ; 2.85 V             ; -0.0711 V          ; 0.204 V                             ; 0.181 V                             ; 4.55e-10 s                 ; 4.49e-10 s                 ; No                        ; No                        ;
; oDisplay5[6] ; 2.5 V        ; 0 s                 ; 0 s                 ; 2.75 V                       ; 0.000213 V                   ; 2.79 V              ; -0.0324 V           ; 0.139 V                              ; 0.119 V                              ; 4.42e-10 s                  ; 4.33e-10 s                  ; No                         ; Yes                        ; 2.75 V                      ; 0.000213 V                  ; 2.79 V             ; -0.0324 V          ; 0.139 V                             ; 0.119 V                             ; 4.42e-10 s                 ; 4.33e-10 s                 ; No                        ; Yes                       ;
; oDisplay6[0] ; 2.5 V        ; 0 s                 ; 0 s                 ; 2.75 V                       ; 0.000247 V                   ; 2.85 V              ; -0.0711 V           ; 0.204 V                              ; 0.181 V                              ; 4.55e-10 s                  ; 4.49e-10 s                  ; No                         ; No                         ; 2.75 V                      ; 0.000247 V                  ; 2.85 V             ; -0.0711 V          ; 0.204 V                             ; 0.181 V                             ; 4.55e-10 s                 ; 4.49e-10 s                 ; No                        ; No                        ;
; oDisplay6[1] ; 2.5 V        ; 0 s                 ; 0 s                 ; 2.75 V                       ; 0.000213 V                   ; 2.79 V              ; -0.0324 V           ; 0.139 V                              ; 0.119 V                              ; 4.42e-10 s                  ; 4.33e-10 s                  ; No                         ; Yes                        ; 2.75 V                      ; 0.000213 V                  ; 2.79 V             ; -0.0324 V          ; 0.139 V                             ; 0.119 V                             ; 4.42e-10 s                 ; 4.33e-10 s                 ; No                        ; Yes                       ;
; oDisplay6[2] ; 2.5 V        ; 0 s                 ; 0 s                 ; 2.75 V                       ; 0.000213 V                   ; 2.79 V              ; -0.0324 V           ; 0.139 V                              ; 0.119 V                              ; 4.42e-10 s                  ; 4.33e-10 s                  ; No                         ; Yes                        ; 2.75 V                      ; 0.000213 V                  ; 2.79 V             ; -0.0324 V          ; 0.139 V                             ; 0.119 V                             ; 4.42e-10 s                 ; 4.33e-10 s                 ; No                        ; Yes                       ;
; oDisplay6[3] ; 2.5 V        ; 0 s                 ; 0 s                 ; 2.75 V                       ; 0.000213 V                   ; 2.79 V              ; -0.0324 V           ; 0.139 V                              ; 0.119 V                              ; 4.42e-10 s                  ; 4.33e-10 s                  ; No                         ; Yes                        ; 2.75 V                      ; 0.000213 V                  ; 2.79 V             ; -0.0324 V          ; 0.139 V                             ; 0.119 V                             ; 4.42e-10 s                 ; 4.33e-10 s                 ; No                        ; Yes                       ;
; oDisplay6[4] ; 2.5 V        ; 0 s                 ; 0 s                 ; 2.75 V                       ; 0.000242 V                   ; 2.86 V              ; -0.0814 V           ; 0.36 V                               ; 0.156 V                              ; 3e-10 s                     ; 4.34e-10 s                  ; No                         ; No                         ; 2.75 V                      ; 0.000242 V                  ; 2.86 V             ; -0.0814 V          ; 0.36 V                              ; 0.156 V                             ; 3e-10 s                    ; 4.34e-10 s                 ; No                        ; No                        ;
; oDisplay6[5] ; 2.5 V        ; 0 s                 ; 0 s                 ; 2.75 V                       ; 0.000242 V                   ; 2.86 V              ; -0.0805 V           ; 0.358 V                              ; 0.156 V                              ; 3.01e-10 s                  ; 4.34e-10 s                  ; No                         ; No                         ; 2.75 V                      ; 0.000242 V                  ; 2.86 V             ; -0.0805 V          ; 0.358 V                             ; 0.156 V                             ; 3.01e-10 s                 ; 4.34e-10 s                 ; No                        ; No                        ;
; oDisplay6[6] ; 2.5 V        ; 0 s                 ; 0 s                 ; 2.75 V                       ; 0.000247 V                   ; 2.85 V              ; -0.0711 V           ; 0.204 V                              ; 0.181 V                              ; 4.55e-10 s                  ; 4.49e-10 s                  ; No                         ; No                         ; 2.75 V                      ; 0.000247 V                  ; 2.85 V             ; -0.0711 V          ; 0.204 V                             ; 0.181 V                             ; 4.55e-10 s                 ; 4.49e-10 s                 ; No                        ; No                        ;
+--------------+--------------+---------------------+---------------------+------------------------------+------------------------------+---------------------+---------------------+--------------------------------------+--------------------------------------+-----------------------------+-----------------------------+----------------------------+----------------------------+-----------------------------+-----------------------------+--------------------+--------------------+-------------------------------------+-------------------------------------+----------------------------+----------------------------+---------------------------+---------------------------+


-------------------
; Clock Transfers ;
-------------------
Nothing to report.


---------------
; Report TCCS ;
---------------
No dedicated SERDES Transmitter circuitry present in device or used in design


---------------
; Report RSKM ;
---------------
No non-DPA dedicated SERDES Receiver circuitry present in device or used in design


+------------------------------------------------+
; Unconstrained Paths                            ;
+---------------------------------+-------+------+
; Property                        ; Setup ; Hold ;
+---------------------------------+-------+------+
; Illegal Clocks                  ; 0     ; 0    ;
; Unconstrained Clocks            ; 0     ; 0    ;
; Unconstrained Input Ports       ; 3     ; 3    ;
; Unconstrained Input Port Paths  ; 126   ; 126  ;
; Unconstrained Output Ports      ; 42    ; 42   ;
; Unconstrained Output Port Paths ; 126   ; 126  ;
+---------------------------------+-------+------+


+------------------------------------+
; TimeQuest Timing Analyzer Messages ;
+------------------------------------+
Info: *******************************************************************
Info: Running Quartus II 64-Bit TimeQuest Timing Analyzer
    Info: Version 13.1.0 Build 162 10/23/2013 SJ Web Edition
    Info: Processing started: Thu Sep 17 12:20:19 2026
Info: Command: quartus_sta Ejercicio11 -c Ejercicio11
Info: qsta_default_script.tcl version: #1
Info (11104): Parallel Compilation has detected 12 hyper-threaded processors. However, the extra hyper-threaded processors will not be used by default. Parallel Compilation will use 6 of the 6 physical processors detected instead.
Info (21077): Low junction temperature is 0 degrees C
Info (21077): High junction temperature is 85 degrees C
Critical Warning (332012): Synopsys Design Constraints File file not found: 'Ejercicio11.sdc'. A Synopsys Design Constraints File is required by the TimeQuest Timing Analyzer to get proper timing constraints. Without it, the Compiler will not properly optimize the design.
Info (332142): No user constrained base clocks found in the design. Calling "derive_clocks -period 1.0"
Info (332096): The command derive_clocks did not find any clocks to derive.  No clocks were created or changed.
Warning (332068): No clocks defined in design.
Info (332143): No user constrained clock uncertainty found in the design. Calling "derive_clock_uncertainty"
Info (332154): The derive_clock_uncertainty command did not apply clock uncertainty to any clock-to-clock transfers.
Info: Found TIMEQUEST_REPORT_SCRIPT_INCLUDE_DEFAULT_ANALYSIS = ON
Info (332159): No clocks to report
Info: Analyzing Slow 1100mV 85C Model
Info (332140): No fmax paths to report
Info (332140): No Setup paths to report
Info (332140): No Hold paths to report
Info (332140): No Recovery paths to report
Info (332140): No Removal paths to report
Info (332140): No Minimum Pulse Width paths to report
Info: Analyzing Slow 1100mV 0C Model
Info (334003): Started post-fitting delay annotation
Info (334004): Delay annotation completed successfully
Info (332142): No user constrained base clocks found in the design. Calling "derive_clocks -period 1.0"
Info (332096): The command derive_clocks did not find any clocks to derive.  No clocks were created or changed.
Warning (332068): No clocks defined in design.
Info (332154): The derive_clock_uncertainty command did not apply clock uncertainty to any clock-to-clock transfers.
Info (332140): No fmax paths to report
Info (332140): No Setup paths to report
Info (332140): No Hold paths to report
Info (332140): No Recovery paths to report
Info (332140): No Removal paths to report
Info (332140): No Minimum Pulse Width paths to report
Info: Analyzing Fast 1100mV 85C Model
Info (334003): Started post-fitting delay annotation
Info (334004): Delay annotation completed successfully
Info (332142): No user constrained base clocks found in the design. Calling "derive_clocks -period 1.0"
Info (332096): The command derive_clocks did not find any clocks to derive.  No clocks were created or changed.
Warning (332068): No clocks defined in design.
Info (332154): The derive_clock_uncertainty command did not apply clock uncertainty to any clock-to-clock transfers.
Info (332140): No Setup paths to report
Info (332140): No Hold paths to report
Info (332140): No Recovery paths to report
Info (332140): No Removal paths to report
Info (332140): No Minimum Pulse Width paths to report
Info: Analyzing Fast 1100mV 0C Model
Info (332142): No user constrained base clocks found in the design. Calling "derive_clocks -period 1.0"
Info (332096): The command derive_clocks did not find any clocks to derive.  No clocks were created or changed.
Warning (332068): No clocks defined in design.
Info (332154): The derive_clock_uncertainty command did not apply clock uncertainty to any clock-to-clock transfers.
Info (332140): No Setup paths to report
Info (332140): No Hold paths to report
Info (332140): No Recovery paths to report
Info (332140): No Removal paths to report
Info (332140): No Minimum Pulse Width paths to report
Info (332102): Design is not fully constrained for setup requirements
Info (332102): Design is not fully constrained for hold requirements
Info: Quartus II 64-Bit TimeQuest Timing Analyzer was successful. 0 errors, 5 warnings
    Info: Peak virtual memory: 4893 megabytes
    Info: Processing ended: Thu Sep 17 12:20:25 2026
    Info: Elapsed time: 00:00:06
    Info: Total CPU time (on all processors): 00:00:05


